index,nuclear_omega,nuclear_bid,wind_303_omega,wind_303_bid,wind_317_omega,wind_317_bid,wind_122_omega,wind_122_bid,pv_omega,pv_bid,tail_omega,tail_bid,oat_site,anchor,start_date,num_days,provisional,rho_h2
1,,,0.05,30.0,0.05,30.0,,,,,,,,False,01-01-2020,366,False,1.5
2,,,0.05,30.0,0.16875,30.0,,,,,,,,False,01-01-2020,366,False,1.5
3,,,0.05,30.0,0.2875,30.0,,,,,,,,False,01-01-2020,366,False,1.5
4,,,0.05,30.0,0.40624999999999994,30.0,,,,,,,,False,01-01-2020,366,False,1.5
5,,,0.05,30.0,0.525,30.0,,,,,,,,False,01-01-2020,366,False,1.5
6,,,0.05,30.0,0.64375,30.0,,,,,,,,False,01-01-2020,366,False,1.5
7,,,0.05,30.0,0.7625,30.0,,,,,,,,False,01-01-2020,366,False,1.5
8,,,0.05,30.0,0.88125,30.0,,,,,,,,False,01-01-2020,366,False,1.5
9,,,0.05,30.0,1.0,30.0,,,,,,,,False,01-01-2020,366,False,1.5
10,,,0.16875,30.0,0.05,30.0,,,,,,,,False,01-01-2020,366,False,1.5
11,,,0.16875,30.0,0.16875,30.0,,,,,,,,False,01-01-2020,366,False,1.5
12,,,0.16875,30.0,0.2875,30.0,,,,,,,,False,01-01-2020,366,False,1.5
13,,,0.16875,30.0,0.40624999999999994,30.0,,,,,,,,False,01-01-2020,366,False,1.5
14,,,0.16875,30.0,0.525,30.0,,,,,,,,False,01-01-2020,366,False,1.5
15,,,0.16875,30.0,0.64375,30.0,,,,,,,,False,01-01-2020,366,False,1.5
16,,,0.16875,30.0,0.7625,30.0,,,,,,,,False,01-01-2020,366,False,1.5
17,,,0.16875,30.0,0.88125,30.0,,,,,,,,False,01-01-2020,366,False,1.5
18,,,0.16875,30.0,1.0,30.0,,,,,,,,False,01-01-2020,366,False,1.5
19,,,0.2875,30.0,0.05,30.0,,,,,,,,False,01-01-2020,366,False,1.5
20,,,0.2875,30.0,0.16875,30.0,,,,,,,,False,01-01-2020,366,False,1.5
21,,,0.2875,30.0,0.2875,30.0,,,,,,,,False,01-01-2020,366,False,1.5
22,,,0.2875,30.0,0.40624999999999994,30.0,,,,,,,,False,01-01-2020,366,False,1.5
23,,,0.2875,30.0,0.525,30.0,,,,,,,,False,01-01-2020,366,False,1.5
24,,,0.2875,30.0,0.64375,30.0,,,,,,,,False,01-01-2020,366,False,1.5
25,,,0.2875,30.0,0.7625,30.0,,,,,,,,False,01-01-2020,366,False,1.5
26,,,0.2875,30.0,0.88125,30.0,,,,,,,,False,01-01-2020,366,False,1.5
27,,,0.2875,30.0,1.0,30.0,,,,,,,,False,01-01-2020,366,False,1.5
28,,,0.40624999999999994,30.0,0.05,30.0,,,,,,,,False,01-01-2020,366,False,1.5
29,,,0.40624999999999994,30.0,0.16875,30.0,,,,,,,,False,01-01-2020,366,False,1.5
30,,,0.40624999999999994,30.0,0.2875,30.0,,,,,,,,False,01-01-2020,366,False,1.5
31,,,0.40624999999999994,30.0,0.40624999999999994,30.0,,,,,,,,False,01-01-2020,366,False,1.5
32,,,0.40624999999999994,30.0,0.525,30.0,,,,,,,,False,01-01-2020,366,False,1.5
33,,,0.40624999999999994,30.0,0.64375,30.0,,,,,,,,False,01-01-2020,366,False,1.5
34,,,0.40624999999999994,30.0,0.7625,30.0,,,,,,,,False,01-01-2020,366,False,1.5
35,,,0.40624999999999994,30.0,0.88125,30.0,,,,,,,,False,01-01-2020,366,False,1.5
36,,,0.40624999999999994,30.0,1.0,30.0,,,,,,,,False,01-01-2020,366,False,1.5
37,,,0.525,30.0,0.05,30.0,,,,,,,,False,01-01-2020,366,False,1.5
38,,,0.525,30.0,0.16875,30.0,,,,,,,,False,01-01-2020,366,False,1.5
39,,,0.525,30.0,0.2875,30.0,,,,,,,,False,01-01-2020,366,False,1.5
40,,,0.525,30.0,0.40624999999999994,30.0,,,,,,,,False,01-01-2020,366,False,1.5
41,,,0.525,30.0,0.525,30.0,,,,,,,,False,01-01-2020,366,False,1.5
42,,,0.525,30.0,0.64375,30.0,,,,,,,,False,01-01-2020,366,False,1.5
43,,,0.525,30.0,0.7625,30.0,,,,,,,,False,01-01-2020,366,False,1.5
44,,,0.525,30.0,0.88125,30.0,,,,,,,,False,01-01-2020,366,False,1.5
45,,,0.525,30.0,1.0,30.0,,,,,,,,False,01-01-2020,366,False,1.5
46,,,0.64375,30.0,0.05,30.0,,,,,,,,False,01-01-2020,366,False,1.5
47,,,0.64375,30.0,0.16875,30.0,,,,,,,,False,01-01-2020,366,False,1.5
48,,,0.64375,30.0,0.2875,30.0,,,,,,,,False,01-01-2020,366,False,1.5
49,,,0.64375,30.0,0.40624999999999994,30.0,,,,,,,,False,01-01-2020,366,False,1.5
50,,,0.64375,30.0,0.525,30.0,,,,,,,,False,01-01-2020,366,False,1.5
51,,,0.64375,30.0,0.64375,30.0,,,,,,,,False,01-01-2020,366,False,1.5
52,,,0.64375,30.0,0.7625,30.0,,,,,,,,False,01-01-2020,366,False,1.5
53,,,0.64375,30.0,0.88125,30.0,,,,,,,,False,01-01-2020,366,False,1.5
54,,,0.64375,30.0,1.0,30.0,,,,,,,,False,01-01-2020,366,False,1.5
55,,,0.7625,30.0,0.05,30.0,,,,,,,,False,01-01-2020,366,False,1.5
56,,,0.7625,30.0,0.16875,30.0,,,,,,,,False,01-01-2020,366,False,1.5
57,,,0.7625,30.0,0.2875,30.0,,,,,,,,False,01-01-2020,366,False,1.5
58,,,0.7625,30.0,0.40624999999999994,30.0,,,,,,,,False,01-01-2020,366,False,1.5
59,,,0.7625,30.0,0.525,30.0,,,,,,,,False,01-01-2020,366,False,1.5
60,,,0.7625,30.0,0.64375,30.0,,,,,,,,False,01-01-2020,366,False,1.5
61,,,0.7625,30.0,0.7625,30.0,,,,,,,,False,01-01-2020,366,False,1.5
62,,,0.7625,30.0,0.88125,30.0,,,,,,,,False,01-01-2020,366,False,1.5
63,,,0.7625,30.0,1.0,30.0,,,,,,,,False,01-01-2020,366,False,1.5
64,,,0.88125,30.0,0.05,30.0,,,,,,,,False,01-01-2020,366,False,1.5
65,,,0.88125,30.0,0.16875,30.0,,,,,,,,False,01-01-2020,366,False,1.5
66,,,0.88125,30.0,0.2875,30.0,,,,,,,,False,01-01-2020,366,False,1.5
67,,,0.88125,30.0,0.40624999999999994,30.0,,,,,,,,False,01-01-2020,366,False,1.5
68,,,0.88125,30.0,0.525,30.0,,,,,,,,False,01-01-2020,366,False,1.5
69,,,0.88125,30.0,0.64375,30.0,,,,,,,,False,01-01-2020,366,False,1.5
70,,,0.88125,30.0,0.7625,30.0,,,,,,,,False,01-01-2020,366,False,1.5
71,,,0.88125,30.0,0.88125,30.0,,,,,,,,False,01-01-2020,366,False,1.5
72,,,0.88125,30.0,1.0,30.0,,,,,,,,False,01-01-2020,366,False,1.5
73,,,1.0,30.0,0.05,30.0,,,,,,,,False,01-01-2020,366,False,1.5
74,,,1.0,30.0,0.16875,30.0,,,,,,,,False,01-01-2020,366,False,1.5
75,,,1.0,30.0,0.2875,30.0,,,,,,,,False,01-01-2020,366,False,1.5
76,,,1.0,30.0,0.40624999999999994,30.0,,,,,,,,False,01-01-2020,366,False,1.5
77,,,1.0,30.0,0.525,30.0,,,,,,,,False,01-01-2020,366,False,1.5
78,,,1.0,30.0,0.64375,30.0,,,,,,,,False,01-01-2020,366,False,1.5
79,,,1.0,30.0,0.7625,30.0,,,,,,,,False,01-01-2020,366,False,1.5
80,,,1.0,30.0,0.88125,30.0,,,,,,,,False,01-01-2020,366,False,1.5
81,,,1.0,30.0,1.0,30.0,,,,,,,,False,01-01-2020,366,False,1.5
