index,site,pem_bid,pem_fraction,pem_sales_mwh,pem_withheld_mwh,fleet_committed_mwh,committed_mwh_top5
1,303_WIND_1,30.0,0.05,21964.402373,249323.047627,32051622.0,2770440.0
1,317_WIND_1,30.0,0.05,26444.108285,226404.36671499998,32051622.0,2770440.0
2,303_WIND_1,30.0,0.05,21297.801996000002,249989.64800400002,32334900.0,2774849.0
2,317_WIND_1,30.0,0.1688,65588.470503,629025.535017,32334900.0,2774849.0
3,303_WIND_1,30.0,0.05,19999.896681000002,251287.553319,32619424.0,2771767.0
3,317_WIND_1,30.0,0.2875,90682.204593,969696.394157,32619424.0,2771767.0
4,303_WIND_1,30.0,0.05,20802.796711,250484.653289,32753828.0,2773027.0
4,317_WIND_1,30.0,0.4062,115475.648339,1262238.585821,32753828.0,2773027.0
5,303_WIND_1,30.0,0.05,21166.977663,250120.472337,32889181.0,2771420.0
5,317_WIND_1,30.0,0.525,129009.073131,1525797.181869,32889181.0,2771420.0
6,303_WIND_1,30.0,0.05,20127.719387,251159.730613,33105041.0,2769023.0
6,317_WIND_1,30.0,0.6438,137785.05704,1752878.08942,33105041.0,2769023.0
7,303_WIND_1,30.0,0.05,19748.763491,251538.68650900002,33257334.0,2771126.0
7,317_WIND_1,30.0,0.7625,142002.929355,1943393.093145,33257334.0,2771126.0
8,303_WIND_1,30.0,0.05,19623.802477,251663.64752300002,33414574.0,2776137.0
8,317_WIND_1,30.0,0.8812,146905.599461,2082856.143699,33414574.0,2776137.0
9,303_WIND_1,30.0,0.05,20155.543344,251131.906656,33440295.0,2772493.0
9,317_WIND_1,30.0,1.0,142500.502047,2159539.697953,33440295.0,2772493.0
10,303_WIND_1,30.0,0.1688,54921.853983,664613.239617,32277089.0,2772827.0
10,317_WIND_1,30.0,0.05,26068.729606999997,226779.745393,32277089.0,2772827.0
11,303_WIND_1,30.0,0.1688,53377.124187,666157.969413,32605363.0,2775356.0
11,317_WIND_1,30.0,0.1688,65921.965597,628692.039923,32605363.0,2775356.0
12,303_WIND_1,30.0,0.1688,55979.949087,663555.144513,32833564.0,2773714.0
12,317_WIND_1,30.0,0.2875,89859.407232,970519.191518,32833564.0,2773714.0
13,303_WIND_1,30.0,0.1688,55012.455378,664522.638222,33063660.0,2774581.0
13,317_WIND_1,30.0,0.4062,114595.724851,1263118.509309,33063660.0,2774581.0
14,303_WIND_1,30.0,0.1688,54086.457739,665448.635861,33206788.0,2778215.0
14,317_WIND_1,30.0,0.525,120801.384918,1534004.870082,33206788.0,2778215.0
15,303_WIND_1,30.0,0.1688,51729.470245000004,667805.623355,33384767.0,2778033.0
15,317_WIND_1,30.0,0.6438,130148.74623,1760514.40023,33384767.0,2778033.0
16,303_WIND_1,30.0,0.1688,57465.509969,662069.583631,33470886.0,2777702.0
16,317_WIND_1,30.0,0.7625,142403.556496,1942992.466004,33470886.0,2777702.0
17,303_WIND_1,30.0,0.1688,53754.758735,665780.334865,33602214.0,2779463.0
17,317_WIND_1,30.0,0.8812,143398.77464,2086362.96852,33602214.0,2779463.0
18,303_WIND_1,30.0,0.1688,53030.689714,666504.403886,33657436.0,2776203.0
18,317_WIND_1,30.0,1.0,140058.809045,2161981.390955,33657436.0,2776203.0
19,303_WIND_1,30.0,0.2875,78026.805654,984755.056846,32511313.0,2778635.0
19,317_WIND_1,30.0,0.05,25472.143982999998,227376.331017,32511313.0,2778635.0
20,303_WIND_1,30.0,0.2875,74654.314396,988127.5481039999,32773938.0,2775231.0
20,317_WIND_1,30.0,0.1688,61403.203973,633210.801547,32773938.0,2775231.0
21,303_WIND_1,30.0,0.2875,77508.255853,985273.606647,32986997.0,2777849.0
21,317_WIND_1,30.0,0.2875,94298.656285,966079.942465,32986997.0,2777849.0
22,303_WIND_1,30.0,0.2875,79992.049103,982789.813397,33264195.0,2776414.0
22,317_WIND_1,30.0,0.4062,111579.882205,1266134.351956,33264195.0,2776414.0
23,303_WIND_1,30.0,0.2875,79279.875723,983501.986777,33472079.0,2779520.0
23,317_WIND_1,30.0,0.525,117560.85173,1537245.40327,33472079.0,2779520.0
24,303_WIND_1,30.0,0.2875,77473.708813,985308.1536869999,33624031.0,2779148.0
24,317_WIND_1,30.0,0.6438,129553.565833,1761109.5806270002,33624031.0,2779148.0
25,303_WIND_1,30.0,0.2875,80059.739086,982722.1234139999,33699847.0,2777920.0
25,317_WIND_1,30.0,0.7625,136623.899893,1948772.122608,33699847.0,2777920.0
26,303_WIND_1,30.0,0.2875,76841.694187,985940.168313,33840078.0,2777140.0
26,317_WIND_1,30.0,0.8812,133980.292696,2095781.450464,33840078.0,2777140.0
27,303_WIND_1,30.0,0.2875,81009.053307,981772.809193,33856137.0,2775796.0
27,317_WIND_1,30.0,1.0,132207.354208,2169832.845792,33856137.0,2775796.0
28,303_WIND_1,30.0,0.4062,90149.216246,1247092.804354,32778343.0,2778631.0
28,317_WIND_1,30.0,0.05,23082.82734,229765.64766,32778343.0,2778631.0
29,303_WIND_1,30.0,0.4062,94579.869674,1242662.150926,32980033.0,2778744.0
29,317_WIND_1,30.0,0.1688,64143.719171,630470.2863490001,32980033.0,2778744.0
30,303_WIND_1,30.0,0.4062,95144.054346,1242097.966254,33235470.0,2778846.0
30,317_WIND_1,30.0,0.2875,89208.927239,971169.671511,33235470.0,2778846.0
31,303_WIND_1,30.0,0.4062,93591.344631,1243650.675969,33508116.0,2777718.0
31,317_WIND_1,30.0,0.4062,110240.91966500001,1267473.314495,33508116.0,2777718.0
32,303_WIND_1,30.0,0.4062,100601.364449,1236640.65615,33700523.0,2777855.0
32,317_WIND_1,30.0,0.525,119332.422391,1535473.832609,33700523.0,2777855.0
33,303_WIND_1,30.0,0.4062,102825.90848,1234416.112119,33855906.0,2778231.0
33,317_WIND_1,30.0,0.6438,128714.38747100001,1761948.758989,33855906.0,2778231.0
34,303_WIND_1,30.0,0.4062,99023.863014,1238218.157586,34098257.0,2776739.0
34,317_WIND_1,30.0,0.7625,134283.946016,1951112.076484,34098257.0,2776739.0
35,303_WIND_1,30.0,0.4062,98171.0939,1239070.9267,34170538.0,2773873.0
35,317_WIND_1,30.0,0.8812,135705.880431,2094055.862729,34170538.0,2773873.0
36,303_WIND_1,30.0,0.4062,96830.537139,1240411.483461,34241227.0,2778467.0
36,317_WIND_1,30.0,1.0,145537.270197,2156502.929803,34241227.0,2778467.0
37,303_WIND_1,30.0,0.525,106542.858583,1459625.791416,32853253.0,2780764.0
37,317_WIND_1,30.0,0.05,23812.058933,229036.41606699998,32853253.0,2780764.0
38,303_WIND_1,30.0,0.525,110927.30029,1455241.34971,33186785.0,2782476.0
38,317_WIND_1,30.0,0.1688,64696.938545,629917.066975,33186785.0,2782476.0
39,303_WIND_1,30.0,0.525,107373.943469,1458794.706531,33450251.0,2776625.0
39,317_WIND_1,30.0,0.2875,84090.45056900001,976288.14818,33450251.0,2776625.0
40,303_WIND_1,30.0,0.525,108731.786236,1457436.8637640001,33653931.0,2774325.0
40,317_WIND_1,30.0,0.4062,104914.04679400001,1272800.1873660001,33653931.0,2774325.0
41,303_WIND_1,30.0,0.525,114284.590068,1451884.059932,33915136.0,2774836.0
41,317_WIND_1,30.0,0.525,113064.19474199999,1541742.060259,33915136.0,2774836.0
42,303_WIND_1,30.0,0.525,119673.487303,1446495.162697,34133473.0,2775429.0
42,317_WIND_1,30.0,0.6438,112395.91306,1778267.2334,34133473.0,2775429.0
43,303_WIND_1,30.0,0.525,122744.849357,1443423.800642,34295196.0,2779061.0
43,317_WIND_1,30.0,0.7625,123252.955053,1962143.067447,34295196.0,2779061.0
44,303_WIND_1,30.0,0.525,121048.526275,1445120.123725,34339453.0,2774406.0
44,317_WIND_1,30.0,0.8812,132001.044871,2097760.698289,34339453.0,2774406.0
45,303_WIND_1,30.0,0.525,129095.408558,1437073.241442,34374180.0,2775406.0
45,317_WIND_1,30.0,1.0,130824.821582,2171215.378418,34374180.0,2775406.0
46,303_WIND_1,30.0,0.6438,122862.551407,1633042.344794,32940109.0,2780104.0
46,317_WIND_1,30.0,0.05,23960.664969999998,228887.81003,32940109.0,2780104.0
47,303_WIND_1,30.0,0.6438,115409.570265,1640495.3259349999,33339461.0,2778122.0
47,317_WIND_1,30.0,0.1688,59817.226727,634796.778793,33339461.0,2778122.0
48,303_WIND_1,30.0,0.6438,120182.312323,1635722.583878,33619338.0,2777015.0
48,317_WIND_1,30.0,0.2875,79397.16639,980981.432359,33619338.0,2777015.0
49,303_WIND_1,30.0,0.6438,124083.095284,1631821.800916,33909422.0,2778536.0
49,317_WIND_1,30.0,0.4062,105047.903623,1272666.330537,33909422.0,2778536.0
50,303_WIND_1,30.0,0.6438,133394.627182,1622510.269018,34127704.0,2778485.0
50,317_WIND_1,30.0,0.525,115982.948449,1538823.3065519999,34127704.0,2778485.0
51,303_WIND_1,30.0,0.6438,141075.281891,1614829.6143089999,34180643.0,2778987.0
51,317_WIND_1,30.0,0.6438,124254.870794,1766408.275666,34180643.0,2778987.0
52,303_WIND_1,30.0,0.6438,140751.990652,1615152.905548,34441018.0,2780142.0
52,317_WIND_1,30.0,0.7625,116501.455926,1968894.566574,34441018.0,2780142.0
53,303_WIND_1,30.0,0.6438,139741.340892,1616163.555308,34510565.0,2780317.0
53,317_WIND_1,30.0,0.8812,123444.456722,2106317.286438,34510565.0,2780317.0
54,303_WIND_1,30.0,0.6438,148677.687659,1607227.208541,34539979.0,2781698.0
54,317_WIND_1,30.0,1.0,125735.235641,2176304.964359,34539979.0,2781698.0
55,303_WIND_1,30.0,0.7625,128260.19456,1782587.06794,33067518.0,2778687.0
55,317_WIND_1,30.0,0.05,23818.27698,229030.19801999998,33067518.0,2778687.0
56,303_WIND_1,30.0,0.7625,128323.779385,1782523.483115,33406052.0,2778821.0
56,317_WIND_1,30.0,0.1688,60046.646754,634567.358766,33406052.0,2778821.0
57,303_WIND_1,30.0,0.7625,130386.86187,1780460.400629,33762998.0,2777412.0
57,317_WIND_1,30.0,0.2875,86156.204113,974222.394636,33762998.0,2777412.0
58,303_WIND_1,30.0,0.7625,135565.600463,1775281.662037,33991011.0,2779765.0
58,317_WIND_1,30.0,0.4062,108655.826032,1269058.408128,33991011.0,2779765.0
59,303_WIND_1,30.0,0.7625,138901.987258,1771945.275242,34276981.0,2780238.0
59,317_WIND_1,30.0,0.525,114089.086617,1540717.168383,34276981.0,2780238.0
60,303_WIND_1,30.0,0.7625,148282.111568,1762565.150932,34387995.0,2779775.0
60,317_WIND_1,30.0,0.6438,121150.694419,1769512.4520410001,34387995.0,2779775.0
61,303_WIND_1,30.0,0.7625,156827.638188,1754019.6243119999,34531394.0,2781714.0
61,317_WIND_1,30.0,0.7625,124244.401948,1961151.6205520001,34531394.0,2781714.0
62,303_WIND_1,30.0,0.7625,158502.466482,1752344.796018,34611097.0,2780103.0
62,317_WIND_1,30.0,0.8812,121477.374549,2108284.368611,34611097.0,2780103.0
63,303_WIND_1,30.0,0.7625,157876.911,1752970.3514999999,34709594.0,2779155.0
63,317_WIND_1,30.0,1.0,114324.228099,2187715.9719,34709594.0,2779155.0
64,303_WIND_1,30.0,0.8812,138188.373428,1889695.782972,33194997.0,2782309.0
64,317_WIND_1,30.0,0.05,23608.409763,229240.065237,33194997.0,2782309.0
65,303_WIND_1,30.0,0.8812,137805.73509,1890078.4213089999,33483656.0,2779097.0
65,317_WIND_1,30.0,0.1688,59270.745829,635343.259691,33483656.0,2779097.0
66,303_WIND_1,30.0,0.8812,143932.982434,1883951.173965,33757825.0,2778578.0
66,317_WIND_1,30.0,0.2875,88547.560571,971831.038179,33757825.0,2778578.0
67,303_WIND_1,30.0,0.8812,142461.885526,1885422.270874,34119224.0,2781175.0
67,317_WIND_1,30.0,0.4062,104771.720669,1272942.513491,34119224.0,2781175.0
68,303_WIND_1,30.0,0.8812,148754.322821,1879129.833579,34305935.0,2782042.0
68,317_WIND_1,30.0,0.525,117901.046781,1536905.208219,34305935.0,2782042.0
69,303_WIND_1,30.0,0.8812,154258.597492,1873625.558908,34549814.0,2782640.0
69,317_WIND_1,30.0,0.6438,123891.702133,1766771.444328,34549814.0,2782640.0
70,303_WIND_1,30.0,0.8812,163340.783721,1864543.372679,34597522.0,2780599.0
70,317_WIND_1,30.0,0.7625,130566.325797,1954829.696704,34597522.0,2780599.0
71,303_WIND_1,30.0,0.8812,172462.712257,1855421.444142,34644616.0,2781580.0
71,317_WIND_1,30.0,0.8812,134547.867686,2095213.8754740001,34644616.0,2781580.0
72,303_WIND_1,30.0,0.8812,174313.594677,1853570.561723,34780426.0,2781490.0
72,317_WIND_1,30.0,1.0,131828.379844,2170211.820156,34780426.0,2781490.0
73,303_WIND_1,30.0,1.0,144232.252101,1945525.147898,33172110.0,2781069.0
73,317_WIND_1,30.0,0.05,25720.992169999998,227127.48283,33172110.0,2781069.0
74,303_WIND_1,30.0,1.0,140785.959591,1948971.440408,33550498.0,2778867.0
74,317_WIND_1,30.0,0.1688,60204.70938,634409.296141,33550498.0,2778867.0
75,303_WIND_1,30.0,1.0,144715.397349,1945042.002651,33864246.0,2777977.0
75,317_WIND_1,30.0,0.2875,84789.238606,975589.360144,33864246.0,2777977.0
76,303_WIND_1,30.0,1.0,147427.472689,1942329.92731,34099831.0,2780900.0
76,317_WIND_1,30.0,0.4062,108829.372883,1268884.861277,34099831.0,2780900.0
77,303_WIND_1,30.0,1.0,154816.257892,1934941.142107,34336926.0,2782380.0
77,317_WIND_1,30.0,0.525,116193.186946,1538613.068054,34336926.0,2782380.0
78,303_WIND_1,30.0,1.0,161181.163382,1928576.236617,34483083.0,2782265.0
78,317_WIND_1,30.0,0.6438,132622.819625,1758040.3268360002,34483083.0,2782265.0
79,303_WIND_1,30.0,1.0,164759.207279,1924998.192721,34677664.0,2780119.0
79,317_WIND_1,30.0,0.7625,136511.153771,1948884.868729,34677664.0,2780119.0
80,303_WIND_1,30.0,1.0,173923.531705,1915833.868295,34742684.0,2781134.0
80,317_WIND_1,30.0,0.8812,138693.915376,2091067.827783,34742684.0,2781134.0
81,303_WIND_1,30.0,1.0,184566.544449,1905190.855551,34827118.0,2779939.0
81,317_WIND_1,30.0,1.0,133812.387614,2168227.812385,34827118.0,2779939.0
