Date,Demand,Renewables available,Renewables used,Renewables penetration rate,Average price,Fixed costs,Generation costs,Load shedding,Over generation,Reserve shortfall,Renewables curtailment,Number on/offs,Sum on/off ramps,Sum nominal ramps,Renewables energy payments,Renewables uplift payments,Thermal energy payments,Thermal uplift payments,Total energy payments,Total uplift payments,Total reserve payments,Total payments,Average payments
2020-01-01,90585.467641,52389.242,30199.474739,50.010728,14.777144,1033916.884928,304677.606065,0.0,0.0,0.0,22189.767261,62,186.0,3318.440839,628477.053599,0.0,1622035.647621,0.0,2250512.70122,0.0,68481.016962,2318993.718183,25.600063
2020-01-02,90067.902568,53901.0,31851.951844,54.713444,13.611424,766949.469307,459002.908621,0.0,0.0,0.0,22049.048156,5,170.0,2815.580938,618534.298819,0.0,1449404.173707,0.0,2067938.472527,0.0,69535.181707,2137473.654234,23.731802
2020-01-03,89194.793369,56087.15,29724.978382,49.983304,15.102946,923057.665667,424046.508174,0.0,0.0,0.0,26362.171618,18,620.0,4115.689233,645077.039963,0.0,1676246.400015,0.0,2321323.439978,0.0,62581.671142,2383905.11112,26.726954
2020-01-04,82881.47828,43310.114,25366.949636,44.10529,14.515047,779127.111245,423901.474293,0.0,0.0,41.298856,17943.164364,14,76.0,3449.408358,555196.373401,0.0,1526745.985977,0.0,2081942.359378,0.0,8184.328295,2090126.687673,25.21826
2020-01-05,81389.598907,71139.742,33844.675362,71.184625,13.30784,823176.050006,259943.677395,0.0,0.0,0.0,37295.066638,16,734.0,2820.140456,513552.754281,0.0,1371216.088973,0.0,1884768.843254,0.0,49580.573386,1934349.41664,23.766543
2020-01-06,89936.899382,67450.008,39379.989637,77.892399,11.247976,646322.358941,365285.725515,0.0,0.0,116.173394,28070.018363,6,16.0,4662.45282,730049.85387,0.0,1224283.571398,0.0,1954333.425268,0.0,6255.611726,1960589.036994,21.799607
2020-01-07,90663.851682,75694.278,46747.850678,106.448332,9.486098,559803.506467,300242.716278,0.0,0.0,524.022998,28946.427322,8,46.0,4118.514968,780413.729787,0.0,1042346.65765,0.0,1822760.387437,0.0,-18781.376359,1803979.011077,19.897445
2020-01-08,92123.677206,74660.34,43459.710896,89.305731,11.317412,721530.717249,321070.861987,0.0,0.0,0.0,31200.629104,35,460.0,3010.401553,862924.830248,0.0,1387901.867483,0.0,2250826.697731,0.0,103297.910328,2354124.608059,25.553958
2020-01-09,91490.714298,59604.1,33105.5806,56.702072,14.626244,884894.206735,453271.278663,0.0,0.0,0.0,26498.5194,32,838.0,2640.241004,819334.156043,0.0,1724113.601253,0.0,2543447.757296,0.0,58731.754267,2602179.511563,28.442007
2020-01-10,89777.991653,59812.05,31175.667947,53.198689,13.485869,761593.040844,449141.182038,0.0,0.0,0.0,28636.382053,14,56.0,3129.357834,623397.524413,0.0,1442538.764165,0.0,2065936.288578,0.0,63143.592319,2129079.880898,23.714942
2020-01-11,83722.664226,41880.014,19514.439757,30.39243,16.355478,853329.836983,515994.36333,0.0,0.0,0.0,22365.574243,9,202.0,3403.174863,549484.222451,0.0,1854012.555253,0.0,2403496.777704,0.0,62459.496628,2465956.274332,29.453868
2020-01-12,82541.369447,54438.842,30618.692397,58.969788,13.073201,717849.724031,361230.207869,0.0,0.0,726.943732,23820.149603,3,170.0,3786.206328,532396.734092,0.0,1357413.965791,0.0,1889810.699883,0.0,-30167.488926,1859643.210957,22.529832
2020-01-13,92064.511456,45639.884,28994.287779,45.971436,14.383614,771668.108596,552552.304166,0.0,0.0,884.826527,16645.596221,39,152.0,3827.957579,707010.333167,0.0,1872957.258812,0.0,2579967.591979,0.0,-9327.436964,2570640.155015,27.922161
2020-01-14,94761.049884,60044.678,34754.728014,57.918444,14.891993,985409.450461,425771.422864,0.0,0.0,0.0,25289.949986,10,888.0,3685.588145,620801.176228,0.0,1711115.503611,0.0,2331916.679839,0.0,61916.310745,2393832.990584,25.261782
2020-01-15,93439.494449,42214.738,18228.954504,24.237234,18.63932,1260423.250022,481225.393859,0.0,0.0,0.0,23985.783496,11,416.0,4381.803061,393879.494869,0.0,2245190.950632,0.0,2639070.445501,0.0,41008.245111,2680078.690612,28.682504
2020-01-16,92060.194944,57498.996,26927.965937,41.343535,15.194756,971339.535469,427492.695523,0.0,0.0,0.0,30571.030063,6,0.0,4121.303511,638575.48591,0.0,1711010.402726,0.0,2349585.888636,0.0,27920.254441,2377506.143078,25.825561
2020-01-17,92828.510946,71023.994,43019.279593,86.368086,10.703718,655260.273156,338349.902832,0.0,0.0,0.0,28004.714407,1,0.0,2844.685813,683071.732517,0.0,1042627.986105,0.0,1725699.718622,0.0,25334.830698,1751034.54932,18.863111
2020-01-18,87858.803121,40317.864,24486.492537,38.639103,16.579687,981544.641569,475126.774293,0.0,0.0,0.0,15831.371463,11,704.0,3098.405449,604158.759754,0.0,1921659.094661,0.0,2525817.854415,0.0,63330.294943,2589148.149357,29.469422
2020-01-19,85612.901581,24615.032,17963.385321,26.553605,17.59338,952079.75722,554140.591794,0.0,0.0,991.535133,6651.646679,25,286.0,4122.272262,167256.839239,0.0,1897430.652751,0.0,2064687.49199,0.0,-62899.82411,2001787.667879,23.381846
2020-01-20,91441.300978,30057.098,19500.75895,27.106772,18.063545,1076831.87172,574922.17097,0.0,0.0,0.0,10556.33905,18,582.813368,3951.422652,441472.476789,0.0,2101847.040822,0.0,2543319.517611,0.0,48368.87936,2591688.396971,28.342646
2020-01-21,90754.918119,27144.612,23543.289633,35.028596,15.916614,905337.800443,539173.156778,0.0,0.0,768.427117,3601.322367,15,48.0,5656.322577,284535.531037,0.0,1896142.09489,0.0,2180677.625927,0.0,-82075.115827,2098602.510101,23.123843
2020-01-22,89718.396206,39450.102,26999.127563,43.04758,14.969331,827406.683379,515617.714036,0.0,0.0,45.906962,12450.974437,31,282.0,2595.415487,677007.334898,0.0,1817279.433407,0.0,2494286.768305,0.0,58352.586234,2552639.35454,28.451683
2020-01-23,90811.810746,71607.026,40529.901715,80.605336,12.034089,776907.967832,315929.418808,0.0,0.0,0.0,31077.124285,22,426.0,3852.3425,732322.12922,0.0,1316293.931443,0.0,2048616.060663,0.0,65299.4498,2113915.510463,23.27798
2020-01-24,89931.450294,70775.26,38918.494997,76.291395,12.067042,722466.571776,362740.035847,0.0,0.0,0.0,31856.765003,15,294.0,2759.884933,644803.832794,0.0,1298026.211663,0.0,1942830.044457,0.0,38498.944159,1981328.988616,22.031547
2020-01-25,85337.762343,74999.51,40624.468496,90.855459,10.398743,573744.365493,313661.068394,0.0,0.0,0.0,34375.041504,22,94.0,2286.809318,648281.329676,0.0,1014196.832057,0.0,1662478.161733,0.0,55280.665823,1717758.827556,20.128942
2020-01-26,83005.671927,64924.184,37411.105548,82.051675,11.611702,653083.212935,310753.94972,0.0,0.0,0.0,27513.078452,26,436.0,3307.091419,770128.488396,0.0,1201952.219408,0.0,1972080.707805,0.0,61199.597024,2033280.304828,24.495679
2020-01-27,90143.779418,81567.62,47989.732544,113.843714,9.436119,594261.18671,256346.205496,0.0,0.0,0.0,33577.887456,7,200.0,2798.983213,817851.457273,0.0,996589.23937,0.0,1814440.696643,0.0,54043.494722,1868484.191365,20.727822
2020-01-28,87902.322756,72774.452,40252.920045,84.477281,11.670158,744764.655896,281069.30386,0.0,0.0,0.0,32521.531955,16,402.0,3438.459872,861078.335663,0.0,1312396.710153,0.0,2173475.045816,0.0,52489.642065,2225964.687881,25.323161
2020-01-29,89012.706452,79740.14,46503.916299,109.398353,9.518169,575743.000206,271494.984286,0.0,0.0,0.0,33236.223701,6,186.0,2415.715783,762489.659581,0.0,988594.990964,0.0,1751084.650545,0.0,54541.191813,1805625.842358,20.285035
2020-01-30,89299.920049,75275.692,43714.45696,95.895608,10.843588,664366.524038,303965.044,0.0,0.0,0.0,31561.23504,31,458.0,3236.671117,783437.154408,0.0,1221357.349568,0.0,2004794.503976,0.0,58970.960744,2063765.46472,23.110496
2020-01-31,88279.402923,53403.344,30147.977358,51.861755,15.019128,920665.173589,405214.493383,0.0,0.0,0.0,23255.366642,25,752.0,4556.662807,773638.80752,0.0,1778591.530269,0.0,2552230.337789,0.0,73252.391602,2625482.729391,29.740604
2020-02-01,81257.814767,61446.972,35000.00656,78.910812,10.747186,537608.026114,335684.782773,1903.928362,0.0,3488.101767,26446.96544,5,30.0,3187.125286,-2204736.449552,0.0,2393754.19711,0.0,189017.747557,0.0,-259115.112542,-70097.364985,-0.862654
2020-02-02,79067.057621,49074.528,27316.363559,52.784536,14.706659,775817.336047,386994.953273,0.0,0.0,48.455547,21758.164441,10,704.0,3204.832179,403890.042896,0.0,1440068.990397,0.0,1843959.033293,0.0,31988.363892,1875947.397186,23.72603
2020-02-03,87892.178377,23726.332,20024.477126,29.505165,17.497929,1086643.971749,451287.113992,0.0,0.0,44.567366,3701.854874,17,396.0,4410.530923,281654.497952,0.0,1895124.804912,0.0,2176779.302865,0.0,13240.093764,2190019.396628,24.917114
2020-02-04,88568.532009,22385.542,19196.097828,27.671074,17.455836,1062268.80153,483768.953665,0.0,0.0,1338.576379,3189.444172,31,201.8,5182.500239,67840.647282,0.0,2056659.385753,0.0,2124500.033035,0.0,-102366.991946,2022133.041089,22.831281
2020-02-05,88773.756213,27198.186,21476.152756,31.91221,17.257539,1023943.851721,508072.746976,0.0,0.0,0.0,5722.033244,18,566.0,3861.374269,450734.171885,0.0,1919773.576843,0.0,2370507.748728,0.0,55561.533967,2426069.282695,27.328677
2020-02-06,88274.436505,34915.836,24252.675941,37.881926,16.243826,965670.842068,468243.759609,0.0,0.0,79.009585,10663.160059,30,450.0,3581.878356,427150.712126,0.0,1743175.466996,0.0,2170326.179122,0.0,36186.99103,2206513.170152,24.996061
2020-02-07,86652.545976,53043.32,32115.983926,58.888904,12.881029,731098.796039,385075.137227,0.0,0.0,359.774272,20927.336074,7,24.0,3543.092794,607117.490863,0.0,1381999.633219,0.0,1989117.124081,0.0,-16409.881033,1972707.243048,22.765716
2020-02-08,81285.788429,26324.618,22342.138192,37.904232,16.163271,881677.183165,432167.078998,0.0,0.0,0.0,3982.479808,10,426.0,3393.350681,367023.780891,0.0,1622606.233261,0.0,1989630.014152,0.0,47298.752626,2036928.766778,25.058855
2020-02-09,79977.974826,28159.878,21434.725282,36.613487,16.005146,867548.121119,412511.046826,0.0,0.0,0.0,6725.152718,4,340.0,3598.827097,336941.685316,0.0,1567181.109715,0.0,1904122.795031,0.0,51485.411741,1955608.206773,24.451835
2020-02-10,87884.049959,31689.128,26211.052988,42.571853,14.771836,792988.429953,505220.318062,104.023874,0.0,2199.220617,5478.075012,8,24.0,4562.488785,-334100.102226,0.0,2342263.369633,0.0,2008163.267407,0.0,-296982.592467,1711180.67494,19.47089
2020-02-11,86945.929746,31228.518,25849.378716,42.31821,15.721056,843821.670301,523060.199632,13.205207,0.0,1018.661703,5379.139284,22,596.0,3785.199948,78041.611207,0.0,2194390.802622,0.0,2272432.41383,0.0,-235501.717871,2036930.695958,23.427557
2020-02-12,86589.068578,39238.244,25467.572692,41.667129,15.745593,992422.298434,370973.929384,0.0,0.0,0.0,13770.671308,13,380.0,3961.892619,466713.226296,0.0,1662544.870643,0.0,2129258.096939,0.0,46597.686675,2175855.783614,25.128527
2020-02-13,89323.54414,44870.576,31225.975979,53.747475,13.720784,847084.251927,378504.789024,0.0,0.0,412.371486,13644.600021,6,114.6,5675.203554,587339.66672,0.0,1525728.655382,0.0,2113068.322102,0.0,-17849.483437,2095218.838665,23.456513
2020-02-14,89071.760952,56291.146,32857.382363,58.450139,13.623988,772624.88154,440887.730038,0.0,0.0,0.0,23433.763637,3,402.0,2637.066939,848125.898137,0.0,1621152.197919,0.0,2469278.096056,0.0,61826.539745,2531104.635801,28.416466
2020-02-15,83747.140179,37767.67,22771.821826,37.345966,15.858213,877156.988712,450923.031872,0.0,0.0,0.0,14995.848174,8,356.0,4040.164145,419135.841049,0.0,1594663.991079,0.0,2013799.832129,0.0,62938.39858,2076738.230709,24.797721
2020-02-16,81796.997394,29071.596,20011.119315,32.387853,16.662652,896049.039265,466905.822586,0.0,0.0,0.0,9060.476685,28,436.0,3725.348598,330420.337885,0.0,1646811.692097,0.0,1977232.029982,0.0,55224.000701,2032456.030684,24.847563
2020-02-17,87829.689849,27830.924,22722.369318,35.557935,15.519863,769069.811196,594034.900942,1204.933931,0.0,4328.333484,5108.554682,28,153.789843,4112.387914,-2542710.738213,0.0,3525356.421349,0.0,982645.683137,0.0,-544281.596094,438364.087042,4.99107
2020-02-18,91291.345352,59151.204,40225.278794,79.020261,11.311339,645332.589116,387294.74069,161.047544,0.0,1261.385796,18925.925206,10,54.0,3077.832389,31149.590957,0.0,1805698.979434,0.0,1836848.570391,0.0,-108933.96761,1727914.602781,18.927474
2020-02-19,90279.259893,70383.41,46196.71182,104.79592,9.737234,571789.457781,307280.790501,0.0,0.0,0.0,24186.69818,4,178.0,2017.066774,814333.653169,0.0,1018220.218203,0.0,1832553.871373,0.0,56558.447745,1889112.319118,20.925208
2020-02-20,89148.156713,76865.568,42658.069549,91.757345,10.906167,656741.732315,315522.925696,0.0,0.0,0.0,34207.498451,4,340.0,3142.077512,673102.308345,0.0,1054795.901952,0.0,1727898.210297,0.0,32281.111816,1760179.322113,19.744428
2020-02-21,87186.389546,43907.014,27899.1516,47.057601,15.847896,1067723.839502,313997.018227,0.0,0.0,0.0,16007.8624,15,612.0,4149.059043,606238.052788,0.0,1855847.476837,0.0,2462085.529625,0.0,70373.311008,2532458.840633,29.046493
2020-02-22,81124.157069,23971.85,19291.587259,31.199718,16.488486,895112.467256,442502.053247,0.0,0.0,273.467644,4680.262741,8,230.9,3791.753606,276142.976326,0.0,1641680.695837,0.0,1917823.672163,0.0,4779.646101,1922603.318264,23.699517
2020-02-23,78790.147077,47923.258,24790.789991,45.909417,14.155461,740051.527027,375259.334938,0.0,0.0,0.0,23132.468009,21,94.0,3416.257352,505422.032275,0.0,1348233.305153,0.0,1853655.337428,0.0,44814.459159,1898469.796586,24.095269
2020-02-24,87204.393749,56515.112,30197.355573,52.971276,14.467997,780442.114558,481230.803928,0.0,0.0,0.0,26317.756427,14,584.0,2013.027299,772332.090732,0.0,1635403.918412,0.0,2407736.009144,0.0,52164.930255,2459900.939399,28.208452
2020-02-25,85845.336657,53925.016,29455.143039,52.234513,13.1838,642312.2754,489455.454936,0.0,0.0,684.39662,24469.872961,1,0.0,3410.445077,611683.979341,0.0,1428324.144733,0.0,2040008.124074,0.0,-52353.082746,1987655.041328,23.153908
2020-02-26,85677.168893,39201.226,26803.538488,45.527239,15.205213,842856.923593,459882.696889,0.0,0.0,221.490037,12397.687512,9,526.0,3232.365189,643702.496615,0.0,1750738.599861,0.0,2394441.096476,0.0,20767.976452,2415209.072928,28.189646
2020-02-27,86334.892971,48910.502,29705.964166,52.504072,15.405968,941663.138097,388409.426094,50.528526,0.0,716.83744,19204.537834,16,944.0,3944.887278,-3607.963016,0.0,1974316.640876,0.0,1970708.67786,0.0,-14965.695842,1955742.982018,22.652984
2020-02-28,87264.388782,26594.992,17482.099355,25.052344,17.610616,1094064.819263,442714.81258,0.0,0.0,162.127584,9112.892645,14,154.6,4695.980122,247146.707924,0.0,1956976.706583,0.0,2204123.414508,0.0,-27034.573766,2177088.840742,24.948193
2020-02-29,80946.099033,29802.65,21637.326295,36.482506,16.143353,876108.17084,430633.318652,0.0,0.0,2.974738,8165.323705,19,396.0,3214.541644,291662.913265,0.0,1580079.163122,0.0,1871742.076387,0.0,33227.067579,1904969.143966,23.533798
2020-03-01,77930.317036,49892.83,26836.189944,52.523042,13.41885,668003.394314,377731.804497,0.0,0.0,0.0,23056.640056,30,140.0,3261.965415,549510.394843,0.0,1301763.78193,0.0,1851274.176773,0.0,49446.857911,1900721.034685,24.390008
2020-03-02,86710.219847,58936.602,31620.29184,57.397592,14.068317,769021.671938,450845.20538,0.0,0.0,0.0,27316.31016,7,680.0,2122.864725,811122.535548,0.0,1589982.915064,0.0,2401105.450612,0.0,55680.153951,2456785.604563,28.333288
2020-03-03,85067.330492,55583.376,33252.537283,64.17576,12.120366,592071.577765,438975.603286,0.0,0.0,1129.430086,22330.838717,5,128.6,2857.884617,607908.017019,0.0,1364008.201252,0.0,1971916.218271,0.0,-67002.329127,1904913.889144,22.393014
2020-03-04,84917.124272,38976.326,29258.155857,52.566831,14.879923,807169.699385,456390.565265,0.0,0.0,946.999898,9718.170143,33,704.0,3676.505032,615323.442837,0.0,1754175.319448,0.0,2369498.762285,0.0,-19474.924013,2350023.838272,27.674322
2020-03-05,85564.102919,50419.096,32515.620189,61.676237,14.628709,900104.094908,351588.256545,328.632194,0.0,1173.620712,17903.475811,14,1044.0,3137.170973,-156630.641422,0.0,1981392.883968,0.0,1824762.242546,0.0,-203408.54748,1621353.695066,18.948994
2020-03-06,86581.653913,27925.982,19319.913927,28.723482,17.388288,1027513.537766,477993.17101,0.0,0.0,291.021415,8606.068073,32,296.0,4124.117619,280208.124525,0.0,1901488.127718,0.0,2181696.252243,0.0,-22445.474386,2159250.777857,24.938895
2020-03-07,79947.278972,29507.19,22926.928812,40.208327,16.155875,854658.30792,436959.911244,0.0,0.0,364.718849,6580.261188,27,636.893175,3373.103612,209487.813103,0.0,1617198.91549,0.0,1826686.728593,0.0,-39990.741662,1786695.986931,22.348428
2020-03-08,78370.360865,55796.398,31534.633098,67.330294,12.326107,624744.13529,341257.300814,0.0,0.0,0.0,24261.764902,20,248.0,2762.40565,551688.437127,0.0,1132715.939914,0.0,1684404.37704,0.0,68873.880435,1753278.257475,22.371701
2020-03-09,86713.549416,60652.588,30441.305883,54.096485,14.194505,807036.020559,423819.881752,0.0,0.0,0.0,30211.282117,25,472.0,2823.674683,819550.888851,0.0,1685064.702858,0.0,2504615.591708,0.0,69026.079382,2573641.67109,29.67981
2020-03-10,85987.472206,64198.918,33635.335236,64.248256,12.687545,723788.356244,367181.559626,0.0,0.0,88.568348,30563.582764,5,186.0,3489.935063,834782.42927,0.0,1523487.059639,0.0,2358269.488908,0.0,24437.60836,2382707.097268,27.709933
2020-03-11,86541.454827,71556.658,41185.397934,90.804626,10.817107,641824.815694,294303.376315,0.0,0.0,0.0,30371.260066,29,288.0,3297.935067,697712.685567,0.0,1082792.113686,0.0,1780504.799252,0.0,59291.229718,1839796.028971,21.25913
2020-03-12,87304.671432,67566.932,42183.31348,93.488573,10.482707,591891.805136,323297.448655,0.0,0.0,28.031434,25383.61852,13,224.0,4359.842245,671945.06148,0.0,1053687.72887,0.0,1725632.79035,0.0,42705.904111,1768338.694461,20.2548
2020-03-13,88236.671878,24824.938,21445.254275,32.107799,17.488159,976315.020216,566781.94372,0.0,0.0,283.17281,3379.683725,26,822.0,4260.282073,526941.125658,0.0,2056024.945943,0.0,2582966.071601,0.0,7246.072754,2590212.144355,29.355279
2020-03-14,87692.215278,21516.736,15929.059613,22.19671,18.386749,1092993.30707,519381.480258,0.0,0.0,0.0,5587.676387,17,388.0,2436.738743,389174.008751,0.0,2046807.474844,0.0,2435981.483594,0.0,58202.531733,2494184.015327,28.442479
2020-03-15,83473.383466,31372.506,21027.685234,33.673553,16.874332,949276.045036,459281.520066,0.0,0.0,0.0,10344.820766,15,550.0,3007.396369,306400.074834,0.0,1684268.286006,0.0,1990668.36084,0.0,62292.66778,2052961.02862,24.594199
2020-03-16,89689.614046,46793.2,26477.193872,41.886063,15.994804,1015968.065297,418599.757726,0.0,0.0,332.576608,20316.006128,25,492.9,4563.281827,381277.224647,0.0,1741055.182542,0.0,2122332.407189,0.0,30307.42922,2152639.83641,24.000993
2020-03-17,88437.889761,47078.542,29052.105438,48.920976,15.160948,947962.850632,392839.430305,0.0,0.0,0.0,18026.436562,14,542.0,4342.823283,527004.228281,0.0,1651564.514788,0.0,2178568.743068,0.0,51381.846148,2229950.589217,25.214878
2020-03-18,85864.310057,58543.736,30988.033909,56.468908,14.395898,878839.253867,357254.631079,0.0,0.0,0.0,27555.702091,22,588.0,3595.342621,478127.754107,0.0,1484775.775552,0.0,1962903.529659,0.0,62768.970572,2025672.500232,23.591554
2020-03-19,85823.737771,42525.04,28774.07116,50.436879,14.272298,770169.295154,454732.702819,0.0,0.0,80.085044,13750.96884,5,340.0,2955.547403,539713.639409,0.0,1505741.74734,0.0,2045455.386748,0.0,19727.14831,2065182.535058,24.063069
2020-03-20,85513.100892,26455.506,20084.036148,30.695894,17.045769,918485.639647,539150.936925,0.0,0.0,0.0,6371.469852,9,526.0,2599.314648,507775.332367,0.0,1914722.670072,0.0,2422498.002439,0.0,54842.245903,2477340.248342,28.970301
2020-03-21,79543.516955,39940.916,22763.853699,40.091562,15.460063,839674.816566,390072.983687,0.0,0.0,32.829932,17177.062301,27,280.0,3120.571688,374360.17936,0.0,1504053.629334,0.0,1878413.808694,0.0,33901.388779,1912315.197473,24.04112
2020-03-22,79748.866266,29207.246,20753.238366,35.177587,16.15011,860067.554951,427885.371101,0.0,0.0,62.161185,8454.007634,3,340.0,3486.466741,370852.78951,0.0,1582821.000541,0.0,1953673.790051,0.0,29484.651256,1983158.441307,24.867544
2020-03-23,87169.318445,30646.972,24904.957601,39.998736,15.882525,979915.649412,404553.192759,0.0,0.0,0.0,5742.014399,8,356.0,3841.822006,584073.154453,0.0,1780419.509602,0.0,2364492.664055,0.0,51034.560185,2415527.22424,27.71075
2020-03-24,88069.938173,37850.176,30036.419599,51.75702,14.352508,853237.019314,410787.481485,0.0,0.0,94.688397,7813.756401,9,356.0,3767.443312,516399.982201,0.0,1531751.011619,0.0,2048150.99382,0.0,38051.069407,2086202.063227,23.688016
2020-03-25,86832.092395,45643.294,31888.657618,58.039068,14.2121,850509.379501,383557.024374,0.0,0.0,67.881687,13754.636382,27,612.0,3414.83515,462138.360176,0.0,1464416.533274,0.0,1926554.89345,0.0,40595.030226,1967149.923676,22.654641
2020-03-26,85336.808022,46835.876,36769.936841,76.085404,11.730964,611327.450108,389755.538977,239.68261,0.0,1383.841902,10065.939159,30,288.0,3427.98849,-303404.51969,0.0,1858518.996016,0.0,1555114.476326,0.0,-267082.495133,1288031.981193,15.09351
2020-03-27,84090.463542,54114.094,33658.059411,66.738955,13.517007,773823.278506,362828.083256,0.0,0.0,0.0,20456.034589,21,744.0,3312.525685,478390.972064,0.0,1338339.135473,0.0,1816730.107538,0.0,61069.006143,1877799.113681,22.330702
2020-03-28,78234.798661,28617.806,24189.512567,44.757858,14.414694,725476.639825,402254.075139,0.0,0.0,1197.972365,4428.293433,28,189.2,3766.295837,315014.421502,0.0,1593858.30263,0.0,1908872.724132,0.0,-92376.234311,1816496.489821,23.218523
2020-03-29,76201.287452,61740.302,30745.534208,67.638378,13.063429,712030.523569,283419.558966,0.0,0.0,0.0,30994.767792,19,574.0,3124.680373,361788.33608,0.0,1095056.059813,0.0,1456844.395894,0.0,54443.649894,1511288.045787,19.832841
2020-03-30,84632.659744,37862.042,28603.939665,51.052281,14.413115,882410.602724,337409.616064,0.0,0.0,312.835358,9258.102335,22,323.96719,4718.917453,602188.781383,0.0,1752949.299523,0.0,2355138.080907,0.0,-27388.845451,2327749.235456,27.504148
2020-03-31,86672.806726,29969.34,21842.596438,33.692003,17.041816,907820.406218,569241.659234,0.0,0.0,110.79627,8126.743562,30,768.0,2119.821729,577516.323872,0.0,1956043.209602,0.0,2533559.533475,0.0,27920.81803,2561480.351505,29.553449
2020-04-01,87441.140719,40853.644,32591.926773,59.420955,13.044505,744577.41766,396048.963347,0.0,0.0,294.313178,8261.717227,36,144.0,3368.833699,765504.544668,0.0,1719654.378693,0.0,2485158.923361,0.0,-2103.517016,2483055.406345,28.396878
2020-04-02,86960.215909,51451.744,31997.698145,58.217308,14.142859,893938.70128,335927.335181,0.0,0.0,0.0,19454.045855,8,534.082375,4043.26089,642133.558214,0.0,1531892.607851,0.0,2174026.166064,0.0,47172.387237,2221198.553302,25.542698
2020-04-03,86144.68361,23766.048,20740.092469,31.710454,16.552026,974919.692947,450949.309336,0.0,0.0,205.019021,3025.955531,16,262.9,3540.83747,472171.050059,0.0,1813627.246658,0.0,2285798.296717,0.0,-334.703126,2285463.593591,26.530524
2020-04-04,79192.016398,37804.67,26535.466225,50.393476,13.954862,708384.80559,396728.828436,0.0,0.0,648.43474,11269.203775,22,250.0,3197.567841,437632.604193,0.0,1382941.651145,0.0,1820574.255338,0.0,19384.802105,1839959.057443,23.234148
2020-04-05,77602.283607,40433.928,29252.967869,60.503375,13.720556,744316.931199,320429.551908,0.0,0.0,73.195922,11180.960131,12,556.0,3384.095152,369928.568223,0.0,1240616.023199,0.0,1610544.591421,0.0,45265.811343,1655810.402764,21.337135
2020-04-06,88354.637845,34265.148,26306.920229,42.397885,14.677122,823069.175462,473722.596299,0.0,0.0,465.346163,7958.227771,4,8.0,3161.788745,652925.015666,0.0,1676695.177096,0.0,2329620.192762,0.0,-13273.116974,2316347.075789,26.216474
2020-04-07,90464.298968,28154.754,21940.43579,32.018679,17.43306,998383.548155,578685.969442,0.0,0.0,0.887947,6214.31821,23,813.346168,3026.891431,590003.816123,0.0,2112465.134271,0.0,2702468.950394,0.0,36158.260411,2738627.210805,30.273016
2020-04-08,87348.606144,37259.628,29624.238967,51.320162,13.55021,715950.003323,467641.971476,0.0,0.0,262.309858,7635.389033,14,54.0,2617.118911,719056.287714,0.0,1521970.652469,0.0,2241026.940183,0.0,-19995.677644,2221031.262539,25.427209
2020-04-09,86490.606205,61363.106,39587.640664,84.403279,12.176278,701296.547564,351837.152449,0.0,0.0,727.20796,21775.465336,31,664.0,3349.601909,336762.414857,0.0,1227349.643013,0.0,1564112.05787,0.0,-9571.92809,1554540.12978,17.973514
2020-04-10,87758.496905,46279.728,33418.549763,61.499047,13.925814,877052.235552,345056.297619,0.0,0.0,0.0,12861.178237,21,566.0,3223.783887,501166.269136,0.0,1518099.038372,0.0,2019265.307508,0.0,59406.624698,2078671.932206,23.686275
2020-04-11,80689.517398,48692.952,33479.237895,70.915144,12.379262,638988.501316,359888.207435,0.0,0.0,1364.209521,15213.714105,6,404.002996,3346.38146,258360.442472,0.0,1280062.258993,0.0,1538422.701465,0.0,-94416.553643,1444006.147822,17.895833
2020-04-12,79496.25941,47297.494,32927.49436,70.707253,13.322066,769318.733066,289735.649828,0.0,0.0,0.0,14369.99964,20,750.0,2775.783155,464997.850216,0.0,1265670.344053,0.0,1730668.194269,0.0,55427.506006,1786095.700275,22.46767
2020-04-13,87278.306574,41245.728,30014.424528,52.414233,14.425007,959251.707694,299738.502987,0.0,0.0,0.0,11231.303472,10,208.0,3339.673195,710453.632317,0.0,1701465.340696,0.0,2411918.973013,0.0,39315.411826,2451234.384839,28.085265
2020-04-14,87144.561754,37246.468,29651.361533,51.573684,14.543404,911019.665017,356358.903057,0.0,0.0,0.0,7595.106467,7,356.0,3716.053955,724151.275099,0.0,1674588.125085,0.0,2398739.400184,0.0,44626.253656,2443365.65384,28.038074
2020-04-15,89839.285548,51577.338,37905.98964,72.989763,12.814679,778442.687073,372818.926784,0.0,0.0,0.0,13671.34836,24,596.0,2576.274068,696132.451287,0.0,1364414.900302,0.0,2060547.351589,0.0,71192.432592,2131739.784181,23.72837
2020-04-16,96179.491043,70751.886,39971.275574,71.112871,13.481547,935683.828129,360964.532159,0.0,0.0,0.0,30780.610426,29,760.0,2597.856178,841674.473469,0.0,1550393.280341,0.0,2392067.75381,0.0,71220.558253,2463288.312064,25.611368
2020-04-17,88899.352772,61414.84,34385.442779,63.076457,12.360878,685116.352934,413757.690278,0.0,0.0,0.0,27029.397221,1,0.0,4048.440027,828298.046592,0.0,1349310.687564,0.0,2177608.734156,0.0,23940.887386,2201549.621542,24.764518
2020-04-18,80780.334038,52224.854,33128.932621,69.523522,12.039553,676855.248458,295703.873763,0.0,0.0,0.0,19095.921379,27,118.0,3135.853193,735128.428024,0.0,1241710.381916,0.0,1976838.809941,0.0,31873.410347,2008712.220287,24.866352
2020-04-19,78316.144441,73376.1,40821.723231,108.874126,10.655142,694178.957179,140290.703368,0.0,0.0,0.0,32554.376769,29,628.0,2187.226107,545394.786307,0.0,953631.743031,0.0,1499026.529338,0.0,51980.421631,1551006.950969,19.804434
2020-04-20,86244.585337,60203.26,39786.104478,85.63798,11.701965,697086.435847,312144.664036,0.0,0.0,0.0,20417.155522,18,550.0,3018.984793,656192.738731,0.0,1203414.245281,0.0,1859606.984012,0.0,72507.338665,1932114.322677,22.402732
2020-04-21,88445.17284,39281.114,32546.495337,58.224088,14.268796,868568.012288,393438.158427,0.0,0.0,0.0,6734.618663,29,606.0,3420.468016,572403.609141,0.0,1556600.892702,0.0,2129004.501842,0.0,49199.258544,2178203.760387,24.627729
2020-04-22,89882.98571,39571.864,33306.267097,58.86921,14.303082,891107.833545,394495.866429,0.0,0.0,0.0,6265.596903,27,612.0,3024.445906,605501.843458,0.0,1571296.625207,0.0,2176798.468665,0.0,52423.735116,2229222.203781,24.801381
2020-04-23,93555.004367,39763.538,32667.807316,53.652999,14.822755,980246.420381,406496.458837,0.0,0.0,0.0,7095.730684,23,588.0,3625.91028,801152.898647,0.0,1783603.097547,0.0,2584755.996194,0.0,57217.521036,2641973.51723,28.239788
2020-04-24,92154.8255,42508.522,31794.483341,52.674458,14.58323,838474.334419,505440.705795,0.0,0.0,891.379091,10714.038659,6,554.9,2969.67945,709652.673644,0.0,1785168.787817,0.0,2494821.461462,0.0,-38688.699046,2456132.762416,26.652243
2020-04-25,84438.62275,36683.036,29992.278969,55.085938,13.65672,757197.884759,395956.775233,0.0,0.0,45.601617,6690.757031,22,250.0,3129.746361,603384.497288,0.0,1426003.315459,0.0,2029387.812748,0.0,32676.360883,2062064.173631,24.420865
2020-04-26,79229.571247,42864.232,32643.611706,72.822482,11.176832,514926.584582,370609.04974,1759.67707,0.0,2861.663764,10220.620294,16,70.0,3006.545229,-1939922.743923,0.0,2395798.927172,0.0,455876.183249,0.0,-343618.661366,112257.521883,1.416864
2020-04-27,88652.744504,35444.524,32891.055527,60.896858,14.212075,805225.301858,454714.178864,1750.600898,0.0,3049.42169,2553.468473,32,946.0,3515.161613,-2588119.81333,0.0,3448689.527517,0.0,860569.714186,0.0,-523157.348202,337412.365984,3.806
2020-04-28,91578.890897,35849.686,30234.234962,49.28585,15.311427,998475.301388,403728.233461,0.0,0.0,0.0,5615.451038,18,588.0,3643.302702,575604.513256,0.0,1708109.219145,0.0,2283713.732402,0.0,58289.341081,2342003.073483,25.573613
2020-04-29,92290.09665,49232.17,33719.467762,57.570609,13.911088,953636.034326,330219.642223,0.0,0.0,64.060782,15512.702238,29,266.0,2767.934267,856638.245544,0.0,1661087.924286,0.0,2517726.16983,0.0,35921.248637,2553647.418467,27.669788
2020-04-30,90515.949327,34290.968,28015.478805,44.824429,15.74156,913447.074901,511415.21742,0.0,0.0,0.0,6275.489195,18,758.0,2326.418381,758695.026903,0.0,1904992.849687,0.0,2663687.87659,0.0,55875.906751,2719563.783341,30.045134
2020-05-01,86011.326779,31477.296,27515.142309,47.037499,14.763994,848934.639094,420936.10106,0.0,0.0,0.0,3962.153691,12,372.0,3216.649242,460725.66683,0.0,1557603.438058,0.0,2018329.104887,0.0,45662.177296,2063991.282183,23.996738
2020-05-02,84636.546222,37331.992,29654.522967,53.934943,14.175887,790350.741065,409447.374988,0.0,0.0,62.855438,7677.469033,13,422.0,3128.174541,473573.992378,0.0,1439450.329696,0.0,1913024.322073,0.0,45419.289459,1958443.611532,23.139456
2020-05-03,86120.421889,45504.968,34146.667259,65.699828,13.986492,843218.976421,361303.655187,0.0,0.0,0.0,11358.300741,24,906.0,3215.064552,590374.616182,0.0,1435487.002098,0.0,2025861.61828,0.0,65373.30168,2091234.919959,24.282683
2020-05-04,97086.322838,63080.428,42671.626087,78.419303,11.491878,727640.854511,388063.302251,0.0,0.0,1526.439157,20408.801913,3,0.0,4468.253222,870054.721088,0.0,1524048.966989,0.0,2394103.688077,0.0,-94306.98137,2299796.706707,23.688164
2020-05-05,99513.646496,40915.232,30755.158182,44.729253,16.146247,1056172.965541,550598.913472,0.0,0.0,0.0,10160.073818,15,882.0,3014.006091,788079.807642,0.0,2050678.992199,0.0,2838758.799841,0.0,64984.694712,2903743.494554,29.17935
2020-05-06,96827.412854,51790.558,33605.217613,53.154145,13.954677,945908.066885,405287.19173,0.0,0.0,0.0,18185.340387,9,32.0,3187.052779,689772.619595,0.0,1611335.267192,0.0,2301107.886786,0.0,66340.668769,2367448.555556,24.450189
2020-05-07,94099.679543,55551.506,35184.384952,59.72029,13.806677,935984.223724,363219.615203,0.0,0.0,0.0,20367.121048,4,340.0,2397.343325,715060.523639,0.0,1594159.920272,0.0,2309220.443911,0.0,54376.523188,2363596.967099,25.118013
2020-05-08,91261.268702,36185.244,29900.234215,48.728374,14.606791,895219.48611,437814.832096,0.0,0.0,206.538254,6285.009785,23,250.0,4015.864406,534825.248233,0.0,1646375.10946,0.0,2181200.357693,0.0,9103.4209,2190303.778592,24.000365
2020-05-09,87904.122398,47838.048,33907.548953,62.795742,12.768773,683577.808762,438849.971849,0.0,0.0,548.24899,13930.499047,17,240.0,2793.947754,533605.769958,0.0,1421884.850385,0.0,1955490.620344,0.0,-18877.122416,1936613.497928,22.030975
2020-05-10,88503.748082,75574.782,47312.837639,114.862326,9.271595,550456.075544,270114.823811,0.0,0.0,0.0,28261.944361,22,242.0,2077.608073,685429.417721,0.0,893389.608911,0.0,1578819.026632,0.0,61862.84629,1640681.872923,18.537993
2020-05-11,100200.408271,62695.572,42803.912879,74.57583,13.203516,882659.810645,440337.868944,0.0,0.0,0.0,19891.659121,28,788.0,2380.268625,1181737.895984,0.0,1755449.24924,0.0,2937187.145223,0.0,78327.819733,3015514.964956,30.094837
2020-05-12,99556.573706,38486.692,31186.288812,45.613806,16.124545,1029961.973455,575342.45267,0.0,0.0,0.0,7300.403188,26,974.9,2115.252182,786839.50795,0.0,2074752.263194,0.0,2861591.771144,0.0,45577.571084,2907169.342229,29.201179
2020-05-13,100193.393594,36777.412,32835.726952,48.748314,15.538224,1121008.760692,435818.641773,0.0,0.0,0.0,3941.685048,16,542.0,3348.330397,663053.656197,0.0,1858498.067928,0.0,2521551.724125,0.0,61541.863295,2583093.58742,25.781077
2020-05-14,102488.341009,43179.744,33576.044706,48.722864,15.098942,1021921.220137,525544.266864,0.0,0.0,462.748618,9603.699294,22,304.0,3374.287117,828879.078038,0.0,1957955.710539,0.0,2786834.788577,0.0,-60135.088841,2726699.699736,26.604975
2020-05-15,105047.05936,52134.064,34831.656844,49.606861,15.500489,1076737.583587,551543.188499,0.0,0.0,165.805098,17302.407156,13,748.9,3763.920958,872585.965466,0.0,2100576.530822,0.0,2973162.496288,0.0,13797.100547,2986959.596835,28.43449
2020-05-16,102708.904434,32830.41,29500.16675,40.295964,16.6565,1180984.178401,529786.704267,0.0,0.0,0.0,3330.24325,11,586.0,3798.309639,683300.306677,0.0,2126658.53815,0.0,2809958.844827,0.0,51507.919582,2861466.764409,27.859968
2020-05-17,100214.059764,34745.316,30312.590662,43.36474,16.452966,1154039.75026,494778.729189,0.0,0.0,0.0,4432.725338,17,742.0,3891.584101,597004.840979,0.0,1983149.723019,0.0,2580154.563999,0.0,61151.505506,2641306.069505,26.356642
2020-05-18,109039.252238,31417.144,27249.346085,33.31627,17.10697,1234412.629949,630918.559412,0.0,0.0,0.0,4167.797915,5,340.0,2934.312046,712348.914004,0.0,2337236.884643,0.0,3049585.798647,0.0,56056.09446,3105641.893107,28.481871
2020-05-19,107849.557338,36159.414,30098.22691,38.710883,16.624018,1207189.521461,585703.42135,0.0,0.0,0.0,6061.18709,12,534.0,3224.21999,786558.774681,0.0,2302406.688141,0.0,3088965.462822,0.0,54037.061656,3143002.524478,29.14247
2020-05-20,114337.203617,35850.35,29381.063,34.583801,17.8837,1389010.638348,655761.644573,0.0,0.0,0.0,6469.287,17,882.0,3848.960341,829567.966717,0.0,2627414.342417,0.0,3456982.309134,0.0,77703.230501,3534685.539635,30.91457
2020-05-21,114924.074697,43869.448,35350.002355,44.424021,15.777877,1201823.193463,611434.690582,0.0,0.0,355.096538,8519.445645,22,270.0,4392.878307,924316.248608,0.0,2290772.293861,0.0,3215088.542468,0.0,-35247.202798,3179841.33967,27.669062
2020-05-22,114990.885764,40787.74,33472.005802,41.060434,16.851601,1256474.339564,681306.181712,0.0,0.0,3.465146,7315.734198,11,866.0,2274.55169,887787.224803,0.0,2494350.527463,0.0,3382137.752266,0.0,45837.10146,3427974.853726,29.81084
2020-05-23,105976.280643,48570.386,33763.145758,46.754854,15.635117,1159355.332555,497596.171093,0.0,0.0,0.0,14807.240242,32,458.0,3539.212917,714871.705452,0.0,1983388.112991,0.0,2698259.818443,0.0,62686.163337,2760945.98178,26.05249
2020-05-24,100263.439724,30367.558,24710.406213,32.706041,16.95514,1120624.099115,579356.60374,0.0,0.0,0.0,5657.151787,5,340.0,2710.11485,608215.536828,0.0,2100399.584336,0.0,2708615.121164,0.0,68102.364002,2776717.485166,27.694217
2020-05-25,93415.349462,50588.688,32705.100626,53.870806,13.510762,789140.349431,472972.216773,0.0,0.0,0.0,17883.587374,6,30.0,3918.380171,789201.986022,0.0,1579067.215034,0.0,2368269.201056,0.0,34505.005467,2402774.206523,25.721407
2020-05-26,97543.760634,59148.486,40228.782819,70.188953,13.808368,980906.831426,366013.348816,0.0,0.0,0.0,18919.703181,20,898.0,4227.039181,963924.575262,0.0,1794944.57928,0.0,2758869.154543,0.0,61935.115402,2820804.269945,28.918347
2020-05-27,109861.39864,40646.81,36952.15585,50.682402,15.273333,1103598.744961,574351.00513,0.0,0.0,528.60876,3694.65415,20,580.0,3658.798173,986163.2865,0.0,2155338.295756,0.0,3141501.582256,0.0,-20543.707972,3120957.874284,28.408139
2020-05-28,115244.637347,62286.17,40749.862696,54.701639,15.57374,1209699.631358,585090.331406,0.0,0.0,0.0,21536.307304,26,1076.0,3356.126859,1124078.950469,0.0,2321705.864121,0.0,3445784.81459,0.0,80984.779204,3526769.593794,30.602462
2020-05-29,109086.87319,40880.546,30889.395686,39.50178,16.409318,1114988.955505,675052.204158,0.0,0.0,0.0,9991.150314,13,542.0,1347.071813,792809.436708,0.0,2216965.540724,0.0,3009774.977432,0.0,60823.134975,3070598.112407,28.148191
2020-05-30,89707.954777,54535.286,36138.689326,67.461611,12.194634,692878.689992,401076.986691,0.0,0.0,0.0,18396.596674,13,54.0,2559.170724,681585.591905,0.0,1299196.583564,0.0,1980782.17547,0.0,61531.310978,2042313.486448,22.766247
2020-05-31,84263.554498,68701.62,42595.569951,102.226135,9.889071,568326.411067,264961.873202,0.0,0.0,0.0,26106.050049,20,234.0,2704.115082,645527.371206,0.0,902035.753211,0.0,1547563.124417,0.0,67175.995692,1614739.12011,19.16296
2020-06-01,84428.94612,62046.496,36770.119566,77.152801,13.15059,824377.044474,285913.368207,0.0,0.0,0.0,25276.376434,20,898.0,2694.106273,578601.529985,0.0,1295906.953188,0.0,1874508.483173,0.0,57899.68612,1932408.169293,22.887982
2020-06-02,97286.326772,36035.576,32412.035071,49.961293,15.358901,1096037.326562,398173.698185,0.0,0.0,0.0,3623.540929,6,554.9,3264.471712,695897.529435,0.0,1814263.142554,0.0,2510160.671989,0.0,59455.03968,2569615.711669,26.412917
2020-06-03,105431.450846,41340.722,35129.314127,49.969056,15.696231,1165632.427303,489243.99735,0.0,0.0,0.0,6211.407873,11,688.0,2871.122422,797535.016062,0.0,1983229.748337,0.0,2780764.764399,0.0,71800.439478,2852565.203877,27.056113
2020-06-04,110930.270367,50276.074,39070.422748,54.370311,15.773911,1240294.911202,509509.340552,0.0,0.0,0.0,11205.651252,28,1084.0,2666.542632,1071993.978885,0.0,2219954.592245,0.0,3291948.57113,0.0,86429.76749,3378378.33862,30.454973
2020-06-05,116882.912341,50851.886,38248.543586,48.641,16.261651,1249917.042239,650792.08829,0.0,0.0,0.0,12603.342414,15,950.0,2167.844155,1083293.940396,0.0,2454071.456,0.0,3537365.396396,0.0,82390.803543,3619756.19994,30.969079
2020-06-06,118381.675395,51040.384,37487.822454,46.341991,17.219824,1423203.199651,615308.409093,0.0,0.0,0.0,13552.561546,32,1364.0,2592.874516,1064297.173612,0.0,2780221.2638,0.0,3844518.437412,0.0,101414.564063,3945933.001475,33.332296
2020-06-07,117876.641458,56739.798,40871.259352,53.075848,14.975394,1233978.409771,531270.712701,0.0,0.0,0.0,15868.538648,24,404.0,3438.410053,915903.954369,0.0,2040933.194566,0.0,2956837.148935,0.0,95078.38897,3051915.537905,25.890757
2020-06-08,123431.119577,42678.902,34739.971001,39.169603,17.732376,1397319.286795,791407.745621,0.0,0.0,0.0,7938.930999,31,1150.0,2373.272634,1017638.626261,0.0,2944050.241575,0.0,3961688.867836,0.0,90289.291886,4051978.159722,32.827849
2020-06-09,119505.41977,26840.212,25091.008203,26.575401,18.712043,1453942.859476,782247.743618,0.0,0.0,345.690366,1749.203797,9,518.0,3075.951242,615531.92575,0.0,2856729.12447,0.0,3472261.05022,0.0,-32185.305294,3440075.744925,28.785939
2020-06-10,113031.849714,31358.868,28706.329233,34.042279,16.752111,1177538.781905,715983.306816,0.0,0.0,34.572097,2652.538767,19,278.9,2875.464108,767615.317487,0.0,2427773.959261,0.0,3195389.276747,0.0,21257.621192,3216646.89794,28.457881
2020-06-11,113694.890806,59597.084,37987.6146,50.176966,15.114319,1134302.949493,584117.8658,0.0,0.0,0.0,21609.4694,26,420.0,3315.590837,1013285.019269,0.0,2202758.784107,0.0,3216043.803376,0.0,65801.796719,3281845.600095,28.865374
2020-06-12,111538.676366,40422.344,32852.794475,41.751829,16.876168,1192544.990833,689800.472053,0.0,0.0,24.121012,7569.549525,12,1044.592305,2161.990864,863317.555872,0.0,2412745.469568,0.0,3276063.02544,0.0,44920.135357,3320983.160797,29.774274
2020-06-13,102130.902406,36198.89,30016.260339,41.622976,16.291411,1188088.47372,475767.991165,0.0,0.0,0.0,6182.629661,5,510.0,2911.520106,648743.75257,0.0,1989673.324061,0.0,2638417.076631,0.0,57777.711658,2696194.788289,26.399402
2020-06-14,98712.407607,35793.424,31147.501257,46.100118,15.730061,1106012.763613,446739.414156,0.0,0.0,0.0,4645.922743,24,582.0,3367.37531,628193.499817,0.0,1870109.168019,0.0,2498302.667836,0.0,54396.258312,2552698.926147,25.85996
2020-06-15,106465.920777,46483.092,34372.55126,47.677826,15.482163,1219927.293341,428395.459009,0.0,0.0,0.0,12110.54074,6,344.943184,3148.934876,795659.08749,0.0,2003564.368389,0.0,2799223.455879,0.0,65981.313565,2865204.769444,26.911943
2020-06-16,109986.463022,48383.588,38066.240831,52.928425,15.108819,1132521.573348,529243.988659,0.0,0.0,0.0,10317.347169,30,606.0,3707.177483,1032134.691949,0.0,2130794.05621,0.0,3162928.74816,0.0,67101.49876,3230030.246919,29.367525
2020-06-17,108376.167344,69172.312,49239.31754,83.263342,11.322261,784866.501797,442196.720253,0.0,0.0,0.0,19932.99446,9,46.0,2580.170449,1041475.446707,0.0,1483837.818317,0.0,2525313.265025,0.0,40357.548504,2565670.813529,23.673755
2020-06-18,108143.967922,71424.682,48026.545295,79.887898,12.445181,888964.523369,456906.699606,0.0,0.0,0.0,23398.136705,23,582.0,2698.052267,1107161.670862,0.0,1620102.908633,0.0,2727264.579496,0.0,72689.880787,2799954.460283,25.890991
2020-06-19,115084.670558,74296.024,49799.571082,76.280149,12.348882,957315.656005,463851.371629,0.0,0.0,0.0,24496.452918,26,258.0,2427.001022,1389863.154192,0.0,1807157.612351,0.0,3197020.766543,0.0,68607.358537,3265628.12508,28.375874
2020-06-20,114449.542549,53028.666,37401.836651,48.543738,16.81291,1324661.224856,599568.609668,0.0,0.0,0.0,15626.829349,26,1416.0,2561.227018,1026457.749966,0.0,2478629.39936,0.0,3505087.149326,0.0,87529.139639,3592616.288965,31.390394
2020-06-21,114249.861615,36275.87,32159.662025,39.176007,17.23374,1370525.535336,598426.876011,0.0,0.0,1024.623188,4116.207975,21,817.8,4138.489688,589730.334337,0.0,2559253.860679,0.0,3148984.195017,0.0,-67946.588762,3081037.606255,26.967539
2020-06-22,124047.560742,49264.142,38810.495571,45.532417,16.451531,1319428.930147,721343.329346,0.0,0.0,0.0,10453.646429,11,850.0,1813.833891,1165728.629366,0.0,2554366.429493,0.0,3720095.058859,0.0,105805.597595,3825900.656453,30.842208
2020-06-23,120181.801665,42254.61,34145.359578,39.687089,17.400769,1365045.554096,726210.172488,0.0,0.0,248.107132,8109.250422,17,1133.8,2733.086222,925056.343816,0.0,2709817.53305,0.0,3634873.876866,0.0,18792.415021,3653666.291887,30.401161
2020-06-24,119727.947116,34828.636,32094.883099,36.624171,17.902349,1423951.317572,719460.192862,0.0,0.0,45.574552,2733.752901,39,1012.0,2748.530707,895764.913757,0.0,2865448.903084,0.0,3761213.816841,0.0,62622.315645,3823836.132486,31.937707
2020-06-25,122891.348589,33064.358,31065.352278,33.830673,18.220633,1467661.676601,771496.43482,0.0,0.0,147.115442,1999.005722,40,908.9,3068.838944,877038.204641,0.0,2990893.569514,0.0,3867931.774155,0.0,66520.155389,3934451.929544,32.015695
2020-06-26,124503.429612,31426.022,30272.708759,32.126156,18.638844,1540395.58171,780204.427412,0.0,0.0,0.0,1153.313241,19,976.9,3001.721106,905299.8571,0.0,3122346.406858,0.0,4027646.263958,0.0,124423.131293,4152069.39525,33.349036
2020-06-27,119955.219761,30646.07,28415.605079,31.041867,18.182684,1497525.665456,683582.237639,0.0,0.0,0.0,2230.464921,16,550.0,3588.375341,807478.408716,0.0,2796022.565261,0.0,3603500.973977,0.0,73619.412395,3677120.386371,30.654109
2020-06-28,121534.280406,32380.552,28348.63601,30.421677,18.471025,1516545.319177,728317.467995,0.0,0.0,0.0,4031.91599,21,616.0,3573.073077,819613.162461,0.0,2971999.839233,0.0,3791613.001694,0.0,93215.900482,3884828.902176,31.964882
2020-06-29,127380.191102,29726.088,27288.581798,27.263606,19.181683,1626682.718481,816683.717803,0.0,0.0,222.677125,2437.506202,24,624.0,3624.529978,707154.339862,0.0,3284399.380439,0.0,3991553.720301,0.0,1393.023005,3992946.743307,31.346685
2020-06-30,124658.020306,29018.592,28025.438222,29.002059,18.407698,1471104.8764,823562.365737,0.0,0.0,491.797756,993.153778,15,586.9,2661.495319,664444.945633,0.0,2982626.80042,0.0,3647071.746053,0.0,-113089.076157,3533982.669895,28.349421
2020-07-01,126256.851038,47624.104,36985.761069,41.430838,17.098021,1534648.34435,624093.95875,0.0,0.0,0.0,10638.342931,21,616.0,4931.761772,1057846.289278,0.0,2945957.427596,0.0,4003803.716874,0.0,94632.960733,4098436.677607,32.461103
2020-07-02,128892.654728,41785.316,34601.26394,36.696101,18.141343,1668572.350927,669713.55166,0.0,0.0,342.089969,7184.05206,50,811.9,3937.07664,950734.713025,0.0,3176612.467372,0.0,4127347.180397,0.0,72334.237342,4199681.417739,32.582783
2020-07-03,130713.750354,34508.478,31802.535581,32.152608,18.57785,1660733.477035,767646.994763,0.0,0.0,0.0,2705.942419,35,716.9,3561.266068,944874.920215,0.0,3261905.19246,0.0,4206780.112675,0.0,101371.435837,4308151.548511,32.958671
2020-07-04,127197.984672,34335.304,31820.310056,33.36243,18.232593,1672635.526211,646513.543619,0.0,0.0,0.0,2514.993944,17,430.0,4480.755832,875055.899116,0.0,3060754.134649,0.0,3935810.033764,0.0,104491.513661,4040301.547425,31.76388
2020-07-05,122013.721709,33510.88,31038.270978,34.117194,17.873007,1493630.942261,687121.202969,0.0,0.0,0.0,2472.609022,22,632.9,4214.551638,879368.035499,0.0,2898151.970551,0.0,3777520.00605,0.0,89803.936588,3867323.942638,31.695812
2020-07-06,122955.325003,35656.72,31121.962293,33.889603,17.537211,1490857.72909,665435.719125,0.0,0.0,0.0,4534.757707,8,356.0,3153.304701,831721.356745,0.0,2733620.633575,0.0,3565341.990321,0.0,71883.091063,3637225.081383,29.58168
2020-07-07,113371.156744,42155.598,35598.459874,45.772439,15.308179,1202285.81245,533220.124912,0.0,0.0,0.0,6557.138126,10,24.0,3144.40843,935230.713521,0.0,2149412.070456,0.0,3084642.783977,0.0,57082.496719,3141725.280696,27.711857
2020-07-08,116494.841314,39894.822,34381.677015,41.87109,16.527678,1222900.796176,702488.421842,0.0,0.0,0.0,5513.144985,22,788.9,2859.643895,963222.628349,0.0,2422638.717088,0.0,3385861.345437,0.0,82858.22671,3468719.572147,29.775735
2020-07-09,120504.191188,46184.268,39445.468203,48.66283,15.385654,1242991.444733,611044.320355,0.0,0.0,0.0,6738.799797,18,388.0,1681.484938,1102039.433726,0.0,2305029.750455,0.0,3407069.184181,0.0,87898.383403,3494967.567585,29.002871
2020-07-10,120338.457951,44828.88,34658.789262,40.451591,17.295082,1375132.996711,706130.441152,0.0,0.0,0.0,10170.090738,13,1036.0,3432.473454,951224.285595,0.0,2668887.019641,0.0,3620111.305237,0.0,78890.746266,3699002.051503,30.73832
2020-07-11,118724.064085,32892.106,30994.951309,35.330292,17.639332,1466935.071642,627278.052559,0.0,0.0,24.705237,1897.154691,15,564.0,4314.937788,837510.265815,0.0,2778964.656593,0.0,3616474.922407,0.0,44597.573483,3661072.49589,30.836819
2020-07-12,117904.943366,34385.776,31966.585439,37.270048,16.911723,1398910.470891,595065.293061,168.18231,0.0,838.38165,2419.190561,14,312.577516,4137.936784,341448.229811,0.0,2866328.376584,0.0,3207776.606395,0.0,-24128.821231,3183647.785164,27.001818
2020-07-13,126077.841821,51605.468,40469.962039,47.273641,16.274377,1335948.24697,715890.020806,0.0,0.0,391.1808,11135.505961,21,898.0,2810.937206,1168012.375276,0.0,2615730.893335,0.0,3783743.268611,0.0,53166.445898,3836909.71451,30.432863
2020-07-14,128658.36779,48512.032,39899.052467,44.951961,16.673127,1397362.822737,747774.522501,0.0,0.0,370.955866,8612.979533,23,942.9,3072.709352,1148087.088749,0.0,2781329.126693,0.0,3929416.215441,0.0,55386.721322,3984802.936764,30.971969
2020-07-15,129214.923383,63059.83,46219.00286,55.688283,15.078401,1238281.55661,710072.856435,0.0,0.0,0.0,16840.82714,31,776.0,1457.304976,1377915.170876,0.0,2459875.257964,0.0,3837790.428841,0.0,90525.053044,3928315.481885,30.401407
2020-07-16,134317.209026,50128.982,38714.500555,40.495192,18.06922,1600439.062696,826568.127828,0.0,0.0,7.229468,11414.481445,39,1268.9,3906.334497,1160980.235397,0.0,3253484.951136,0.0,4414465.186533,0.0,78961.176898,4493426.363431,33.45384
2020-07-17,137393.366961,42264.918,37274.539768,37.2303,18.14865,1723319.575549,770184.48732,0.0,0.0,0.0,4990.378232,42,796.9,3280.588267,1172915.224429,0.0,3389222.626851,0.0,4562137.85128,0.0,134166.434203,4696304.285483,34.181448
2020-07-18,134730.188832,39891.726,34860.69247,34.906246,18.047284,1628555.56079,802958.438578,0.0,0.0,425.986526,5031.03353,26,668.9,3122.49313,1079836.460117,0.0,3298734.376859,0.0,4378570.836976,0.0,106708.403387,4485279.240362,33.290826
2020-07-19,129950.59895,33951.53,31939.27317,32.587329,18.939389,1635253.880765,825931.10465,0.0,0.0,166.93564,2012.25683,31,1016.0,4283.262689,917859.387477,0.0,3342508.959024,0.0,4260368.346501,0.0,75417.641047,4335785.987548,33.364879
2020-07-20,138605.900946,36835.606,35520.24638,34.457022,18.081199,1628790.792903,877370.093516,0.0,0.0,337.797085,1315.35962,25,691.8,3915.293586,1134604.171978,0.0,3384840.999729,0.0,4519445.171707,0.0,91853.24626,4611298.417967,33.269135
2020-07-21,137680.492557,41621.794,35833.436728,35.183576,18.793258,1694102.97597,893361.993544,0.0,0.0,0.0,5788.357272,52,1210.9,2414.164577,1165794.945342,0.0,3606784.649351,0.0,4772579.594693,0.0,144825.193044,4917404.787737,35.71606
2020-07-22,133982.563382,34062.328,31960.491759,31.327037,18.674615,1684312.880273,817759.85245,0.0,0.0,0.0,2101.836241,30,656.0,3299.863686,939681.625916,0.0,3373685.19299,0.0,4313366.818906,0.0,107980.573306,4421347.392212,32.999424
2020-07-23,132724.822954,33597.486,31734.561292,31.423388,18.755662,1741114.23261,748227.690176,0.0,0.0,0.0,1862.924708,42,643.8,3757.312611,1005059.812096,0.0,3397148.460963,0.0,4402208.273059,0.0,128540.350741,4530748.6238,34.136407
2020-07-24,141013.941135,35166.364,32913.88633,30.447613,19.504405,1836054.550168,914338.49323,0.0,0.0,0.0,2252.47767,44,910.9,2876.283959,1120073.085096,0.0,3987722.11561,0.0,5107795.200706,0.0,154497.089793,5262292.290499,37.317532
2020-07-25,139095.10903,31384.896,28655.194625,25.946411,19.828629,1857684.610894,900380.740407,0.0,0.0,0.0,2729.701375,40,534.9,3525.039539,895986.099415,0.0,3858332.157479,0.0,4754318.256894,0.0,129065.871639,4883384.128534,35.108238
2020-07-26,139124.537979,30325.42,28972.752516,26.302572,20.092005,1904509.842745,890781.086931,0.0,0.0,330.756604,1352.667484,56,750.7,4458.730792,877934.138905,0.0,3962965.968172,0.0,4840900.107076,0.0,75988.764958,4916888.872035,35.341637
2020-07-27,147657.852161,38367.372,35945.590518,32.176943,19.332965,1859313.754289,995350.299569,0.0,0.0,0.0,2421.781482,58,958.9,3986.300288,1240010.032302,0.0,4126930.468195,0.0,5366940.500497,0.0,139456.538427,5506397.038923,37.291596
2020-07-28,142922.549949,46402.172,37527.576062,35.606609,18.413082,1721452.900282,910191.710999,0.0,0.0,191.157527,8874.595938,43,824.9,5067.037107,1165980.197655,0.0,3729655.880526,0.0,4895636.078182,0.0,82185.903309,4977821.981491,34.828808
2020-07-29,137651.427057,36769.908,32113.821981,30.428795,19.585363,1761875.4881,934077.609456,0.0,0.0,0.0,4656.086019,52,1118.9,2628.430731,954546.903462,0.0,3786885.554258,0.0,4741432.45772,0.0,129115.25547,4870547.71319,35.383198
2020-07-30,136419.960481,33273.208,30266.371681,28.511869,18.929756,1692624.787871,889771.737026,0.0,0.0,398.27751,3006.836319,27,514.9,4159.836899,861419.596184,0.0,3525478.02477,0.0,4386897.620955,0.0,33273.853762,4420171.474717,32.401208
2020-07-31,133953.877267,49785.12,37391.920863,38.723243,17.113531,1521008.340277,771415.442798,0.0,0.0,0.0,12393.199137,33,480.0,2858.118083,1063134.900647,0.0,2952965.132601,0.0,4016100.033248,0.0,85888.648203,4101988.681451,30.622396
2020-08-01,128926.839794,41358.814,32526.954826,33.741695,17.967509,1531289.278032,785204.919782,0.0,0.0,0.0,8831.859174,28,648.0,2407.840848,973770.569398,0.0,3157804.956668,0.0,4131575.526066,0.0,103756.35626,4235331.882326,32.850661
2020-08-02,123139.458941,71156.416,41872.2932,51.524245,15.606862,1532332.491998,389488.074836,0.0,0.0,0.0,29284.1228,12,202.0,3008.186572,988847.069185,0.0,2482308.640275,0.0,3471155.70946,0.0,56416.485956,3527572.195416,28.646968
2020-08-03,129650.806102,38451.378,30785.286135,31.138547,18.578981,1577400.052112,831379.775053,0.0,0.0,0.0,7666.091865,27,696.0,3301.249526,945077.46065,0.0,3322203.843335,0.0,4267281.303985,0.0,103687.424027,4370968.728011,33.713394
2020-08-04,126747.483159,41632.69,33565.118127,36.020891,17.185957,1480897.061554,697379.730973,0.0,0.0,0.0,8067.571873,9,356.0,1563.556732,996372.694645,0.0,2762342.76188,0.0,3758715.456525,0.0,93156.669181,3851872.125706,30.390127
2020-08-05,129038.345051,38249.312,31234.142166,31.935378,18.981332,1662190.550648,787129.16055,0.0,0.0,0.0,7015.169834,34,890.0,3446.168467,900645.002772,0.0,3333487.496481,0.0,4234132.499253,0.0,108061.109255,4342193.608508,33.650413
2020-08-06,126948.25631,28809.08,27376.64532,27.494428,18.756511,1549631.157413,831475.214812,0.0,0.0,0.0,1432.43468,27,525.9,2465.856566,760458.992694,0.0,3206492.379207,0.0,3966951.371901,0.0,88429.207053,4055380.578954,31.945146
2020-08-07,119421.581429,33344.53,28904.668017,31.932892,18.070356,1408422.142445,749568.384728,0.0,0.0,0.0,4439.861983,17,756.9,2565.204521,775331.915403,0.0,2754438.534635,0.0,3529770.450037,0.0,85187.876243,3614958.32628,30.270562
2020-08-08,116604.549582,31458.256,28570.263247,32.453564,17.928038,1451438.685248,639052.092859,0.0,0.0,0.0,2887.992753,13,542.0,3815.575775,754766.291155,0.0,2662907.850996,0.0,3417674.142152,0.0,65460.548789,3483134.690941,29.871345
2020-08-09,117337.521979,30387.156,28041.916372,31.403467,18.39264,1552416.95995,605729.848797,0.0,0.0,0.0,2345.239628,20,474.0,4174.204127,708967.912682,0.0,2822851.247496,0.0,3531819.160178,0.0,92757.319027,3624576.479205,30.890174
2020-08-10,130572.016635,36940.0,31543.948935,31.853544,18.687921,1660447.301515,779672.269846,0.0,0.0,0.0,5396.051065,39,766.9,2630.805034,934165.533924,0.0,3289353.170533,0.0,4223518.704457,0.0,106519.198394,4330037.902851,33.162067
2020-08-11,134843.152439,48642.482,39812.349141,41.894152,17.184752,1551448.307522,765797.790164,0.0,0.0,0.0,8830.132859,26,892.6,4370.383932,1248992.049959,0.0,3085678.877241,0.0,4334670.9272,0.0,107679.082598,4442350.009798,32.944572
2020-08-12,136737.654536,53199.724,38206.134951,38.775546,18.813754,1745278.865633,827269.735033,0.0,0.0,0.0,14993.589049,51,1442.9,2194.669177,1211326.021878,0.0,3703878.926445,0.0,4915204.948322,0.0,152263.359711,5067468.308033,37.059787
2020-08-13,139959.919523,48399.302,36980.286347,35.910291,18.76648,1820907.661925,805647.426086,0.0,0.0,0.0,11419.015653,55,976.9,1428.043287,1293068.246752,0.0,3790129.539234,0.0,5083197.785986,0.0,175382.623857,5258580.409844,37.572045
2020-08-14,136516.742478,49963.402,38392.014909,39.125729,18.679776,1727804.568025,822297.55477,0.0,0.0,0.0,11571.387091,59,1460.9,1401.661888,1145181.519103,0.0,3617053.249004,0.0,4762234.768106,0.0,146872.44903,4909107.217136,35.959745
2020-08-15,122143.351618,35779.58,27717.420756,29.353611,18.421291,1537066.140409,712972.101202,0.0,0.0,0.0,8062.159244,19,452.0,2958.445864,761987.260514,0.0,3065538.468821,0.0,3827525.729334,0.0,87382.13425,3914907.863585,32.051747
2020-08-16,119799.480573,30452.134,25634.608064,27.223111,19.087922,1524528.367834,762194.748527,0.0,0.0,0.0,4817.525936,39,760.9,3223.635748,712389.007641,0.0,3096425.750602,0.0,3808814.758243,0.0,87809.144352,3896623.902595,32.526217
2020-08-17,129251.736803,29706.256,27994.187105,27.646518,18.931145,1578979.660041,867903.733977,0.0,0.0,301.139684,1712.068895,36,641.8,2786.167247,804205.375554,0.0,3362361.812551,0.0,4166567.188105,0.0,40678.115489,4207245.303593,32.550784
2020-08-18,124865.144432,45165.79,33893.54838,37.257287,17.610991,1445533.557188,753465.368692,0.0,0.0,0.0,11272.24162,33,824.0,2337.416328,981280.055354,0.0,3018064.2175,0.0,3999344.272855,0.0,96617.371445,4095961.6443,32.803083
2020-08-19,125609.284395,36175.224,31574.38169,33.5773,18.495926,1464726.108325,858533.951687,0.0,0.0,217.076208,4600.84231,35,1141.8,1881.001192,879091.731844,0.0,3200377.447968,0.0,4079469.179812,0.0,64678.597817,4144147.777629,32.992368
2020-08-20,123739.593024,35594.994,29825.534601,31.758328,18.512944,1496406.567171,794377.544173,0.0,0.0,0.0,5769.459399,31,868.0,3202.753535,861670.766493,0.0,3095836.785295,0.0,3957507.551788,0.0,93676.12634,4051183.678127,32.739591
2020-08-21,122412.364841,32066.174,28557.573411,30.427401,18.512582,1566722.211826,699446.739809,0.0,0.0,0.0,3508.600589,38,582.9,3766.175615,809698.314439,0.0,3057393.960048,0.0,3867092.274486,0.0,92151.756345,3959244.030831,32.343498
2020-08-22,120924.191663,30837.762,27951.080414,30.063617,18.511145,1503481.424188,734963.842091,0.0,0.0,0.0,2886.681586,27,654.0,3796.392477,805344.250585,0.0,3055646.97032,0.0,3860991.220904,0.0,94264.309857,3955255.530761,32.708555
2020-08-23,120473.795755,31993.808,28478.34983,30.95626,18.607649,1595278.703596,646455.380151,0.0,0.0,0.0,3515.45817,23,660.9,3802.860816,771940.59654,0.0,2996807.83313,0.0,3768748.42967,0.0,97211.901487,3865960.331156,32.089637
2020-08-24,132855.782364,39416.286,34578.635276,35.184818,18.388132,1629911.670291,813058.017642,0.0,0.0,0.0,4837.650724,42,936.9,3019.162257,1137570.284819,0.0,3320398.022068,0.0,4457968.306887,0.0,127362.62342,4585330.930307,34.513597
2020-08-25,135025.025604,57112.284,46350.890746,52.271038,16.045441,1393644.160213,772891.961561,0.0,0.0,136.840334,10761.393254,47,1060.0,1918.097044,1341479.079103,0.0,2932186.025142,0.0,4273665.104245,0.0,33798.634965,4307463.73921,31.901225
2020-08-26,141429.377511,51292.514,42907.043486,43.550576,18.144291,1716118.556395,850017.187357,0.0,0.0,199.125927,8385.470514,87,1726.1,3708.582378,1426271.259659,0.0,3757853.719661,0.0,5184124.97932,0.0,124743.227616,5308868.206936,37.537238
2020-08-27,131095.583213,43485.344,32981.391723,33.615312,18.781544,1580427.555972,881749.864367,0.0,0.0,0.0,10503.952277,32,1208.9,2540.973554,962631.301921,0.0,3361529.924909,0.0,4324161.22683,0.0,106633.766285,4430794.993115,33.798202
2020-08-28,124916.459187,35640.828,29253.146004,30.579273,18.466016,1517751.181807,788958.127651,0.0,0.0,0.0,6387.681996,29,659.0,3285.499301,847355.051437,0.0,3103715.133325,0.0,3951070.184761,0.0,92060.071762,4043130.256523,32.366674
2020-08-29,117555.728001,33493.838,28560.388332,32.092004,17.891277,1490590.734616,612631.368303,0.0,0.0,0.0,4933.449668,13,372.0,3639.056339,742845.582642,0.0,2677817.509016,0.0,3420663.091658,0.0,65116.394132,3485779.48579,29.652145
2020-08-30,116845.922791,31007.92,28641.803,32.472183,18.276172,1497768.8376,637727.385743,0.0,0.0,0.0,2366.117,34,700.694074,4684.313869,778796.267216,0.0,2833555.956318,0.0,3612352.223534,0.0,89021.26974,3701373.493274,31.677387
2020-08-31,129647.964973,34705.548,32143.285285,32.96589,18.995032,1671269.608186,791397.695021,0.0,0.0,40.422381,2562.262715,52,1018.9,3933.6586,1030244.187087,0.0,3380342.10868,0.0,4410586.295767,0.0,95053.181191,4505639.476958,34.752875
2020-09-01,128854.164096,70075.784,51110.817101,65.743011,14.013217,1208483.805878,597177.550513,0.0,0.0,249.532643,18964.966899,21,580.0,3601.8566,1425754.449672,0.0,2319462.542911,0.0,3745216.992583,0.0,42814.606038,3788031.598621,29.397821
2020-09-02,132149.173075,61725.73,43822.912648,49.614817,16.863244,1481844.159446,746619.533331,0.0,0.0,0.0,17902.817352,33,1384.9,1667.509338,1332517.244197,0.0,3010388.640754,0.0,4342905.884951,0.0,127199.236939,4470105.12189,33.826206
2020-09-03,131687.570078,38779.014,32269.627037,32.458554,19.160246,1623347.818084,899818.448244,0.0,0.0,0.0,6509.386963,50,1367.8,2207.360966,999420.238291,0.0,3500977.587045,0.0,4500397.825336,0.0,119847.153369,4620244.978705,35.084898
2020-09-04,131235.570745,47349.916,34041.888662,35.024796,18.356217,1628296.419699,780692.259846,0.0,0.0,0.0,13308.027338,50,976.9,2375.894882,1021578.339631,0.0,3285780.53927,0.0,4307358.878901,0.0,106540.538402,4413899.417303,33.633407
2020-09-05,124002.976825,34203.09,27667.251593,28.719617,19.269824,1615550.156468,773965.405765,0.0,0.0,0.0,6535.838407,43,930.9,3215.366225,797116.055384,0.0,3194419.45669,0.0,3991535.512074,0.0,91232.662911,4082768.174985,32.924759
2020-09-06,118709.324515,34007.8,28638.739035,31.795884,18.39487,1463661.165026,719981.476427,0.0,0.0,0.0,5369.060965,31,818.0,3900.229345,796252.697057,0.0,2945188.885417,0.0,3741441.582473,0.0,89417.334803,3830858.917276,32.270918
2020-09-07,122260.467441,35435.878,29707.822762,32.098297,18.759657,1632691.702448,660872.702602,0.0,0.0,0.0,5728.055238,35,884.9,4533.599355,866065.239753,0.0,3093707.837626,0.0,3959773.077379,0.0,118807.526523,4078580.603901,33.359766
2020-09-08,133220.91364,37378.668,31930.311556,31.523469,19.456484,1715541.544313,876468.973152,0.0,0.0,0.0,5448.356444,58,1262.9,2710.760363,1021124.19362,0.0,3694664.827078,0.0,4715789.020698,0.0,136433.209194,4852222.229892,36.422376
2020-09-09,131294.977094,36805.436,29910.097294,29.501536,19.086026,1683686.633519,822212.743889,0.0,0.0,0.0,6895.338706,44,782.9,3915.516335,887879.775732,0.0,3382769.52578,0.0,4270649.301513,0.0,102534.098657,4373183.40017,33.308078
2020-09-10,118546.536663,36333.742,29993.733899,33.871016,17.786034,1420594.263775,687878.421707,0.0,0.0,0.0,6340.008101,16,712.0,2475.446098,806244.192095,0.0,2712321.72372,0.0,3518565.915816,0.0,73866.844063,3592432.759878,30.303987
2020-09-11,114715.504731,36329.964,31113.808812,37.21672,16.999012,1303232.850995,646817.422208,0.0,0.0,0.0,5216.155188,26,582.0,3043.064174,836161.964496,0.0,2487037.860843,0.0,3323199.825339,0.0,74201.462596,3397401.287935,29.615886
2020-09-12,105657.485786,53728.502,34101.106634,47.656278,15.080866,1028385.368395,565020.972774,0.0,0.0,0.0,19627.395366,5,348.0,2955.490341,923169.577532,0.0,2033482.768068,0.0,2956652.3456,0.0,67630.199533,3024282.545132,28.623457
2020-09-13,103532.28762,34674.032,27305.643147,35.821652,17.403214,1269013.85594,532780.745038,0.0,0.0,0.0,7368.388853,18,728.0,3225.95438,672534.708358,0.0,2270488.22002,0.0,2943022.928377,0.0,62746.844868,3005769.773246,29.032197
2020-09-14,117809.606868,30365.956,27994.095753,31.168442,18.485724,1507338.830284,670457.005716,0.0,0.0,0.0,2371.860247,28,712.9,4012.525469,771554.965552,0.0,2956477.724204,0.0,3728032.689755,0.0,86250.405405,3814283.09516,32.376673
2020-09-15,120507.966045,29623.252,27576.445708,29.673942,18.395417,1443280.875843,773513.435299,0.0,0.0,1206.168297,2046.806292,14,788.746445,4150.618275,654978.235953,0.0,3116152.613001,0.0,3771130.848953,0.0,-86046.152084,3685084.696869,30.579594
2020-09-16,118534.217186,54413.646,36338.378068,44.20951,16.036374,1229255.467943,671603.543804,0.0,0.0,0.0,18075.267932,23,574.0,1882.496681,966605.190512,0.0,2411386.658634,0.0,3377991.849146,0.0,71881.878304,3449873.727451,29.104454
2020-09-17,113387.256558,56933.354,37036.293617,48.507959,15.674936,1146736.240701,630601.702808,0.0,0.0,0.0,19897.060383,17,720.0,2660.807857,1027160.563157,0.0,2337948.405523,0.0,3365108.96868,0.0,73286.61785,3438395.58653,30.324356
2020-09-18,103881.408671,43350.66,29479.455236,39.621883,16.08018,1111824.521457,558607.214204,0.0,0.0,0.0,13871.204764,4,340.0,2910.90792,771056.609115,0.0,2146450.536529,0.0,2917507.145644,0.0,53180.252363,2970687.398008,28.596911
2020-09-19,92162.869057,68202.462,36603.522302,65.881844,13.241773,900586.248999,319813.537906,0.0,0.0,0.0,31598.939698,11,364.0,3531.119419,682565.764646,0.0,1472705.902571,0.0,2155271.667217,0.0,68921.229866,2224192.897083,24.133286
2020-09-20,91662.310712,43026.514,30094.202746,48.879532,15.772742,1065388.156063,380377.836447,0.0,0.0,0.0,12932.311254,24,766.0,3767.750739,563330.804543,0.0,1759575.739361,0.0,2322906.543903,0.0,55106.685081,2378013.228985,25.943195
2020-09-21,102517.950093,33509.428,29090.952686,39.618878,16.431795,1209710.072653,474843.857231,0.0,0.0,501.207924,4418.475314,13,417.672249,4237.14357,601061.591306,0.0,2064740.985383,0.0,2665802.576688,0.0,-6600.018249,2659202.55844,25.938897
2020-09-22,104236.785466,37773.064,31686.796641,43.675812,16.397613,1130374.231449,578860.228398,0.0,0.0,176.359985,6086.267359,24,914.0,3463.5989,761404.481026,0.0,2219970.934167,0.0,2981375.415194,0.0,5220.029879,2986595.445073,28.652029
2020-09-23,101961.02288,70522.968,41068.68885,67.44476,13.01084,994153.839477,332444.682739,0.0,0.0,0.0,29454.27915,29,118.0,4384.383031,833743.141077,0.0,1629043.166635,0.0,2462786.307712,0.0,55171.199219,2517957.506931,24.695295
2020-09-24,97699.439089,71850.742,43977.949181,81.862862,12.147694,792817.022962,394005.820104,0.0,0.0,100.858268,27872.792819,8,526.0,5495.322961,1007988.369852,0.0,1540032.160212,0.0,2548020.530064,0.0,8379.904144,2556400.434207,26.165968
2020-09-25,95786.812966,38486.048,26831.581143,38.911596,16.288324,1055915.63242,504291.036251,0.0,0.0,0.0,11654.466857,32,480.0,3114.313919,619402.252675,0.0,1991282.377665,0.0,2610684.63034,0.0,46396.957501,2657081.587841,27.739534
2020-09-26,89346.18411,29323.858,25759.988791,40.51192,15.961565,1014165.326042,411939.610319,0.0,0.0,0.0,3563.869209,19,404.0,3859.42694,456293.122572,0.0,1742142.220443,0.0,2198435.343015,0.0,42730.483207,2241165.826222,25.084069
2020-09-27,89631.183325,30664.23,25919.822065,40.683202,16.273125,1061972.525411,396606.923001,0.0,0.0,0.0,4744.407935,15,542.0,3499.90505,498083.979139,0.0,1764372.110068,0.0,2262456.089207,0.0,52172.905604,2314628.994811,25.823925
2020-09-28,104290.615365,30310.066,27786.053703,36.319473,17.239639,1243916.108365,554016.412397,0.0,0.0,0.0,2524.012297,8,680.0,3994.994872,725238.985367,0.0,2306008.460877,0.0,3031247.446244,0.0,57474.743259,3088722.189503,29.616492
2020-09-29,108241.952664,28804.192,26232.483042,31.987139,18.034981,1302908.977866,649232.618718,0.0,0.0,0.0,2571.708958,24,774.0,4091.550844,698256.314069,0.0,2501945.812361,0.0,3200202.12643,0.0,60609.494536,3260811.620966,30.125211
2020-09-30,109000.752595,29632.224,27080.27,33.056775,17.699208,1338391.609982,590835.366772,0.0,0.0,0.0,2551.954,23,588.0,4219.506356,704667.049959,0.0,2453678.061997,0.0,3158345.111956,0.0,60083.516608,3218428.628564,29.526664
2020-10-01,108526.710812,28891.536,25802.66395,31.19125,17.938812,1293163.026848,653677.192473,0.0,0.0,0.0,3088.87205,13,704.0,3331.508526,692339.358065,0.0,2480862.348251,0.0,3173201.706316,0.0,60469.927943,3233671.634259,29.79609
2020-10-02,106303.027803,28139.274,25727.698515,31.929995,17.537762,1259804.580355,604512.624202,0.0,0.0,0.0,2411.575485,35,468.0,4020.020475,660663.626244,0.0,2365140.865088,0.0,3025804.491332,0.0,54869.927743,3080674.419076,28.980119
2020-10-03,98508.675552,38932.454,27452.695254,38.635306,16.41636,1047391.960687,569761.95299,0.0,0.0,0.0,11479.758746,40,524.0,2612.074479,707425.300893,0.0,2063891.986259,0.0,2771317.287151,0.0,55950.270719,2827267.55787,28.700696
2020-10-04,96463.914129,38153.826,23599.304833,32.387884,17.819905,1129523.484689,589454.30105,0.0,0.0,0.0,14554.521167,26,922.0,2847.801322,629028.483608,0.0,2243504.374094,0.0,2872532.857702,0.0,68702.494643,2941235.352344,30.490525
2020-10-05,108174.893328,34789.634,27011.178517,33.27987,17.662559,1284879.26528,625766.186915,0.0,0.0,0.0,7778.455483,10,688.0,3968.339702,703884.91055,0.0,2470770.101622,0.0,3174655.012172,0.0,68043.513047,3242698.525219,29.976443
2020-10-06,106660.302837,30332.802,27648.660103,34.993147,17.174671,1203779.252717,628076.329367,0.0,0.0,100.815991,2684.141897,30,650.9,4294.567034,685402.572531,0.0,2354856.397557,0.0,3040258.970087,0.0,-6730.556029,3033528.414058,28.441026
2020-10-07,104861.220516,40246.738,28656.468704,37.604569,16.78296,1183425.849001,576455.864694,0.0,0.0,0.0,11590.269296,23,574.0,2752.102783,720674.481476,0.0,2252271.675963,0.0,2972946.157439,0.0,58231.078041,3031177.235481,28.906561
2020-10-08,100387.962145,42843.762,28576.540927,39.793866,16.53,1139476.120906,519936.9106,0.0,0.0,0.0,14267.221073,32,628.0,3122.535696,714146.279883,0.0,2223033.168985,0.0,2937179.448869,0.0,85999.340068,3023178.788937,30.114953
2020-10-09,95784.809808,44703.018,28697.414688,42.776165,15.577945,998266.448003,493864.084161,0.0,0.0,0.0,16005.603312,23,412.0,3018.479383,712111.317136,0.0,1936935.942498,0.0,2649047.259634,0.0,55001.635501,2704048.895135,28.230456
2020-10-10,85615.843583,58393.588,31514.596513,58.251146,14.277242,895685.011589,326673.117685,0.0,0.0,0.0,26878.991487,23,596.0,3658.150287,530612.958502,0.0,1495008.444766,0.0,2025621.403268,0.0,47015.919942,2072637.32321,24.208572
2020-10-11,85185.227681,36803.744,25321.361288,42.298239,15.884869,970189.480037,382966.699409,0.0,0.0,0.0,11482.382712,15,550.0,3380.947048,447151.640864,0.0,1637006.217134,0.0,2084157.857998,0.0,54563.72949,2138721.587489,25.106719
2020-10-12,93265.638133,63608.86,35136.727417,60.446217,13.624266,870367.328198,400308.538626,0.0,0.0,0.0,28472.132583,14,372.0,3840.391846,661001.011416,0.0,1557047.654461,0.0,2218048.665877,0.0,57410.468396,2275459.134273,24.397615
2020-10-13,93669.774098,36819.558,27757.254054,42.112263,15.971114,996602.156962,499408.520036,0.0,0.0,0.0,9062.303946,24,604.0,3811.374323,654051.12817,0.0,1936975.764983,0.0,2591026.893153,0.0,47757.347868,2638784.241021,28.171139
2020-10-14,93361.474927,30485.412,26905.656797,40.486533,15.864966,1066495.193581,414681.395855,0.0,0.0,0.0,3579.755203,15,232.0,4037.749153,513747.974621,0.0,1796845.921542,0.0,2310593.896162,0.0,48089.247894,2358683.144056,25.263988
2020-10-15,93638.668631,29942.154,26961.610875,40.436114,16.280915,1085128.037033,439395.122403,0.0,0.0,0.0,2980.543125,9,526.0,4338.236071,519353.918267,0.0,1872510.011228,0.0,2391863.929495,0.0,52944.762955,2444808.692449,26.108965
2020-10-16,92201.479669,25110.404,22905.493095,33.054574,16.601226,1057849.206452,472808.386628,0.0,0.0,0.0,2204.910905,13,210.0,3693.8765,559672.545929,0.0,1957855.597697,0.0,2517528.143627,0.0,45170.297555,2562698.441182,27.794548
2020-10-17,83150.192734,34960.954,22231.8785,36.494573,15.791888,936920.403449,376178.141665,0.0,0.0,0.0,12729.0755,5,178.0,3395.962231,541809.894275,0.0,1715539.750366,0.0,2257349.644641,0.0,40383.222658,2297732.867299,27.633524
2020-10-18,80145.812013,74218.832,39523.064396,97.292937,10.418795,610028.363597,224994.444155,0.0,0.0,0.0,34695.767604,33,310.0,3629.544484,608640.293561,0.0,928693.018059,0.0,1537333.31162,0.0,65804.54509,1603137.85671,20.002765
2020-10-19,89252.79674,52936.98,34709.989005,63.638068,14.329162,848898.058642,430019.761905,0.0,0.0,0.0,18226.990995,39,927.0,1560.53584,898045.060041,0.0,1660466.39668,0.0,2558511.456722,0.0,45974.14025,2604485.596971,29.180997
2020-10-20,88876.167234,37886.566,28624.929379,47.50928,15.644542,981187.241206,409239.677444,0.0,0.0,0.0,9261.636621,8,688.0,3360.50824,697834.596165,0.0,1862931.433796,0.0,2560766.029961,0.0,77765.835534,2638531.865494,29.687732
2020-10-21,88405.768243,39982.514,31138.401752,54.373727,13.84126,811066.945501,412580.316711,0.0,0.0,439.969356,8844.112248,16,202.0,3389.618945,633434.658056,0.0,1515258.413593,0.0,2148693.071648,0.0,-1101.189141,2147591.882507,24.292441
2020-10-22,89241.439423,72512.218,45861.187708,105.719045,9.662414,553459.91335,308827.863338,0.0,0.0,0.0,26651.030292,4,170.0,1851.737987,846178.555614,0.0,1046341.15533,0.0,1892519.710944,0.0,46319.332476,1938839.04342,21.725771
2020-10-23,90680.245391,38780.388,26551.248595,41.402875,16.317427,938858.892366,540809.432847,0.0,0.0,0.0,12229.139405,18,812.0,2362.798051,711422.425527,0.0,1912011.551654,0.0,2623433.977181,0.0,55827.854666,2679261.831848,29.546257
2020-10-24,83942.441477,29041.512,21956.78338,35.422361,16.398971,968511.072764,408058.561949,0.0,0.0,0.0,7084.72862,6,348.0,3243.397016,391353.877655,0.0,1666286.714532,0.0,2057640.592186,0.0,44707.332448,2102347.924635,25.045113
2020-10-25,82348.665212,28511.98,22413.70567,37.396714,16.450367,918271.157581,436394.640776,0.0,0.0,218.9625,6098.27433,19,572.656626,3976.097163,363967.24651,0.0,1659077.039076,0.0,2023044.285586,0.0,1309.017079,2024353.302665,24.582709
2020-10-26,93706.664747,35985.868,25617.275126,37.623006,17.045123,1075696.149751,521545.462233,0.0,0.0,0.0,10368.592874,11,858.0,3262.137553,654666.189787,0.0,2052697.758535,0.0,2707363.948322,0.0,65043.554902,2772407.503223,29.586023
2020-10-27,92490.447681,56209.012,34602.795022,59.775778,12.852453,728241.202883,460487.939303,0.0,0.0,0.0,21606.216978,5,22.0,2641.11477,796460.769297,0.0,1458996.634063,0.0,2255457.40336,0.0,37324.620751,2292782.024111,24.789393
2020-10-28,91407.249222,52341.694,33004.825022,56.512765,14.301811,805174.587236,502114.615819,0.0,0.0,0.0,19336.868978,15,712.0,1535.359565,862523.909956,0.0,1703709.592179,0.0,2566233.502136,0.0,54084.129439,2620317.631575,28.666409
2020-10-29,88908.83814,58393.976,33671.795917,60.958724,14.076224,942340.697423,309159.999445,0.0,0.0,0.0,24722.180083,23,582.0,3847.705077,767591.787304,0.0,1740909.135145,0.0,2508500.922449,0.0,45966.12307,2554467.045519,28.731306
2020-10-30,88372.247104,50579.782,27149.794027,44.346139,15.354474,979683.675463,377225.726417,0.0,0.0,0.0,23429.987973,11,372.0,4081.067817,609453.025728,0.0,1712668.773813,0.0,2322121.799541,0.0,54636.81135,2376758.610891,26.894853
2020-10-31,82938.64747,44047.902,27559.630252,49.765474,14.299303,803532.217168,382432.668459,0.0,0.0,653.115198,16488.271748,27,316.9,3824.267888,445764.040123,0.0,1522202.989559,0.0,1967967.029682,0.0,-45083.249914,1922883.779768,23.184412
2020-11-01,79346.102777,72159.284,39921.681891,101.261302,9.485604,505194.41684,247451.300981,0.0,0.0,118.165873,32237.602109,16,72.0,3527.318502,651693.138546,0.0,879738.763637,0.0,1531431.902184,0.0,30190.304061,1561622.206245,19.681146
2020-11-02,88321.523194,38695.29,26886.867992,43.764986,16.277925,914473.767988,523217.393947,0.0,0.0,0.0,11808.422008,19,966.0,2870.175834,706537.063463,0.0,1880506.582478,0.0,2587043.645941,0.0,57871.780542,2644915.426483,29.946443
2020-11-03,87702.208778,28282.972,23202.646095,35.973339,15.976149,930039.5129,471104.00914,0.0,0.0,0.0,5080.325905,26,266.0,3802.047279,567689.309347,0.0,1795688.199429,0.0,2363377.508777,0.0,52246.32727,2415623.836046,27.543478
2020-11-04,88209.232345,32651.656,24247.223692,37.90879,16.072888,948780.384638,468996.721728,0.0,0.0,1100.337332,8404.432308,7,437.8,4437.60138,315113.245497,0.0,1827942.858634,0.0,2143056.104131,0.0,-71530.397827,2071525.706305,23.484228
2020-11-05,88311.899612,28048.636,25513.204535,40.661968,15.461944,827352.463653,538121.185912,54.056594,0.0,2548.201089,2535.431465,27,459.592928,5324.736411,-206993.620536,0.0,2283063.696825,0.0,2076070.076289,0.0,-172805.727312,1903264.348976,21.551618
2020-11-06,88234.488138,54680.87,34197.398493,63.285049,12.904381,681324.307023,457287.12014,0.0,0.0,652.285311,20483.471507,10,364.0,3068.249928,723691.453498,0.0,1562444.414681,0.0,2286135.868179,0.0,-45772.176413,2240363.691766,25.39102
2020-11-07,82473.05905,80398.716,42407.572043,105.845642,10.750601,711246.41155,175388.513675,0.0,0.0,0.0,37991.143957,35,668.0,2354.934463,695002.51941,0.0,1089197.053664,0.0,1784199.573074,0.0,54861.15503,1839060.728104,22.298927
2020-11-08,80612.657719,80486.36,42517.375232,111.60798,10.166247,617290.092547,202238.102319,0.0,0.0,0.0,37968.984768,15,550.0,2480.233122,743145.130088,0.0,1001740.308327,0.0,1744885.438415,0.0,59826.884788,1804712.323203,22.387456
2020-11-09,90715.583299,74081.922,49377.360829,119.447228,9.279,543990.361289,297759.536489,0.0,0.0,2.649759,24704.561171,4,340.0,3292.450838,994695.463563,0.0,1044007.367325,0.0,2038702.830889,0.0,4447.812611,2043150.6435,22.522598
2020-11-10,93265.542572,77459.766,47875.371814,105.475197,9.960606,611404.321893,317576.975816,0.0,0.0,0.0,29584.394186,29,280.0,3070.745385,983378.934912,0.0,1124490.612101,0.0,2107869.547014,0.0,54283.723223,2162153.270237,23.182766
2020-11-11,92253.116863,46562.002,30384.681275,49.111766,15.588166,951648.137157,486408.721303,0.0,0.0,0.0,16177.320725,17,882.0,2298.183393,793187.008415,0.0,1875717.107671,0.0,2668904.116086,0.0,63024.994246,2731929.110332,29.613407
2020-11-12,90140.018538,40736.268,26979.381884,42.7155,15.056923,867884.871598,489346.457342,0.0,0.0,178.988928,13756.886116,9,194.0,2606.224668,548919.458273,0.0,1676939.820523,0.0,2225859.278796,0.0,14952.369576,2240811.648372,24.859232
2020-11-13,86709.600898,61664.94,35111.511956,68.048086,12.299439,686223.542948,380255.885087,0.0,0.0,0.0,26553.428044,2,170.0,2878.057304,595744.583095,0.0,1276502.384049,0.0,1872246.967144,0.0,64095.022206,1936341.989351,22.331345
2020-11-14,81403.826053,60901.134,33370.979861,69.475333,11.648253,585869.947868,362342.430617,0.0,0.0,0.0,27530.154139,11,54.0,2774.704364,741870.459163,0.0,1191980.817441,0.0,1933851.276605,0.0,47377.736808,1981229.013413,24.338279
2020-11-15,78658.985508,79438.076,43509.79428,123.786047,8.722219,480757.681775,205323.253333,0.0,0.0,0.015,35928.28172,22,304.0,1818.336736,730040.36531,0.0,757147.595831,0.0,1487187.96114,0.0,57372.924091,1544560.885231,19.636166
2020-11-16,87145.49489,74865.174,46655.291492,115.226123,9.068512,535157.369148,255122.617903,0.0,0.0,0.0,28209.882508,18,86.0,3159.203143,913992.839568,0.0,973218.709259,0.0,1887211.548828,0.0,34936.487648,1922148.036476,22.056769
2020-11-17,87717.971458,51545.616,31156.142539,55.083336,14.824353,831475.98439,468886.195471,0.0,0.0,0.0,20389.473461,10,850.0,1642.964365,727062.364422,0.0,1654597.563336,0.0,2381659.927758,0.0,52071.370362,2433731.29812,27.744956
2020-11-18,91194.644388,72940.908,46151.298899,102.459749,10.089556,603912.947146,316200.528691,0.0,0.0,110.557864,26789.609101,11,216.0,3943.729124,793096.588065,0.0,1103781.844393,0.0,1896878.432459,0.0,1401.446447,1898279.878906,20.815695
2020-11-19,88654.720826,56888.452,34541.231705,63.831093,14.170812,862109.130098,394200.295172,0.0,0.0,0.0,22347.220295,22,906.0,3699.713854,855460.897689,0.0,1679873.307646,0.0,2535334.205335,0.0,65707.382676,2601041.588011,29.339008
2020-11-20,88087.86875,27812.97,23827.533442,37.07969,16.385759,974977.92435,468408.637777,0.0,0.0,4.767481,3985.436558,34,460.0,4284.4182,513151.934061,0.0,1960290.267503,0.0,2473442.201564,0.0,43956.908345,2517399.109909,28.578272
2020-11-21,83749.634725,27278.57,23814.940149,39.734815,15.41988,852185.506711,439223.774609,0.0,0.0,1103.44296,3463.629851,5,243.2,3886.021691,294028.914229,0.0,1722655.52159,0.0,2016684.435819,0.0,-43130.655745,1973553.780074,23.564924
2020-11-22,82543.00983,62971.624,40640.014284,96.98594,9.729973,507268.722238,295872.535157,0.0,0.0,0.0,22331.609716,5,22.0,2117.906226,741079.391565,0.0,959943.799238,0.0,1701023.190803,0.0,34770.403277,1735793.59408,21.028959
2020-11-23,90309.126628,39673.298,29732.614951,49.082745,16.084773,952374.021409,500227.784139,0.0,0.0,431.71013,9940.683049,16,1110.0,2579.921666,712869.115528,0.0,1917296.543658,0.0,2630165.659186,0.0,11843.33392,2642008.993106,29.255172
2020-11-24,89771.040684,55300.886,31902.013973,55.12796,14.010713,829699.481229,428056.785573,0.0,0.0,0.0,23398.872027,30,436.0,3317.547671,544588.097178,0.0,1461923.702409,0.0,2006511.799587,0.0,77269.540538,2083781.340125,23.212178
2020-11-25,88301.280777,70132.398,38609.132413,77.696646,11.932472,723130.396529,330522.194825,0.0,0.0,0.0,31523.265587,3,340.0,3608.726574,804134.990523,0.0,1365116.544457,0.0,2169251.534981,0.0,63159.977417,2232411.512397,25.281757
2020-11-26,78717.860535,74195.012,44289.795964,128.644455,7.969273,405987.136801,221337.008772,0.0,0.0,132.061167,29905.216036,12,86.0,3001.664658,662604.876358,0.0,707375.884199,0.0,1369980.760557,0.0,-1594.913854,1368385.846703,17.383423
2020-11-27,80272.083319,75709.83,41090.649299,104.872755,10.43754,594298.786867,243544.319559,0.0,0.0,0.0,34619.180701,15,550.0,2413.330253,765022.347193,0.0,1064279.718119,0.0,1829302.065312,0.0,65552.409521,1894854.474833,23.605398
2020-11-28,80141.690965,62640.998,32892.32907,69.614335,12.928579,694524.708279,341593.49624,0.0,0.0,0.0,29748.66893,16,542.0,2306.135859,578550.554293,0.0,1289829.440044,0.0,1868379.994337,0.0,57837.643431,1926217.637767,24.035151
2020-11-29,79972.274328,62515.47,37683.87181,89.111599,10.213757,509456.978869,307360.433573,0.0,0.0,0.0,24831.59819,7,30.0,1768.797447,640514.197727,0.0,924549.019169,0.0,1565063.216896,0.0,23226.274739,1588289.491635,19.860502
2020-11-30,88131.957953,65518.978,36080.754561,69.317811,14.201873,912054.861807,339583.98982,0.0,0.0,0.0,29438.223439,14,1120.0,2823.360265,931226.155993,0.0,1637643.204061,0.0,2568869.360054,0.0,73819.700132,2642689.060186,29.985593
2020-12-01,88644.958372,45039.57,25623.840867,40.659134,16.143946,989472.14811,441607.228936,0.0,0.0,174.937634,19415.729133,28,466.0,4868.600912,431644.557825,0.0,1941728.168081,0.0,2373372.725906,0.0,23984.369065,2397357.094971,27.044483
2020-12-02,93410.081858,24986.318,22118.062454,31.024598,17.755097,1149921.315853,508583.744561,0.0,0.0,0.0,2868.255546,16,558.0,4933.615623,376940.010136,0.0,2130358.503884,0.0,2507298.514021,0.0,79904.921935,2587203.435956,27.697261
2020-12-03,95921.384635,59157.184,38034.803355,65.705734,13.446527,842589.435415,447220.020362,0.0,0.0,224.260258,21122.380645,19,561.003658,3073.848878,622200.786321,0.0,1570364.267171,0.0,2192565.053492,0.0,-7602.780822,2184962.27267,22.778677
2020-12-04,92950.98762,31258.798,26566.339466,40.0188,16.199091,932737.463067,572984.030157,0.0,0.0,1568.441385,4692.458534,14,564.0,4954.633039,138625.447303,0.0,1861685.919479,0.0,2000311.366782,0.0,-126245.979253,1874065.38753,20.161866
2020-12-05,86977.310337,21972.392,18422.61238,26.872866,17.814394,1074023.137655,475424.964615,0.0,0.0,0.0,3549.77962,4,340.0,3869.478985,259434.323961,0.0,1867117.393418,0.0,2126551.717379,0.0,60888.633444,2187440.350823,25.149552
2020-12-06,85315.795123,23452.274,20111.092134,30.843009,17.395139,975779.446672,508300.690517,0.0,0.0,74.456963,3341.181866,20,566.0,3467.505837,226468.115422,0.0,1834232.63029,0.0,2060700.745712,0.0,-10066.110736,2050634.634976,24.035815
2020-12-07,92609.693551,35439.64,24685.560455,36.342842,15.802562,941267.188937,522203.201707,0.0,0.0,219.532301,10754.079545,1,0.0,5049.011861,413375.838991,0.0,1798252.379583,0.0,2211628.218573,0.0,-21892.076095,2189736.142479,23.644783
2020-12-08,91844.709526,34995.23,22746.051807,32.918225,17.418003,1149604.961628,450146.429925,0.0,0.0,0.0,12249.178193,21,474.0,5362.122044,484256.836121,0.0,2127842.134565,0.0,2612098.970685,0.0,78537.45354,2690636.424226,29.295497
2020-12-09,91523.372402,21535.63,18255.295161,24.915756,18.088599,1193167.231592,462362.325666,0.0,0.0,0.0,3280.334839,5,178.0,5296.409175,266012.482523,0.0,1976117.467082,0.0,2242129.949605,0.0,60094.217486,2302224.167091,25.154494
2020-12-10,90671.32224,27885.228,23007.831793,34.003318,16.016078,875475.945136,576723.045287,0.0,0.0,2184.195571,4877.396207,23,83.607914,5383.273519,178371.974869,0.0,1981464.358627,0.0,2159836.333495,0.0,-177776.149109,1982060.184386,21.859835
2020-12-11,89175.931318,45630.75,30790.513939,52.736651,13.538559,761593.040844,445720.573837,0.0,0.0,0.0,14840.236061,14,56.0,3233.773899,536229.585203,0.0,1422838.557084,0.0,1959068.142287,0.0,67143.489819,2026211.632106,22.721508
2020-12-12,83869.453863,50630.082,28099.038243,50.383412,14.57993,811483.632634,411327.165743,0.0,0.0,0.0,22531.043757,27,464.0,4225.683554,489310.46477,0.0,1449791.015134,0.0,1939101.479904,0.0,64361.994058,2003463.473962,23.88788
2020-12-13,83203.670844,51989.82,35847.547497,75.697808,11.215288,571820.893844,361332.205838,0.0,0.0,542.737597,16142.272503,16,70.0,3390.424649,548094.771532,0.0,1201590.333206,0.0,1749685.104739,0.0,-29259.376265,1720425.728473,20.677282
2020-12-14,91375.898071,71380.398,45162.846599,97.727471,10.165715,589960.212442,338941.168072,0.0,0.0,0.0,26217.551401,2,170.0,2123.528205,936341.750099,0.0,1202134.971197,0.0,2138476.721295,0.0,50285.817713,2188762.539008,23.95339
2020-12-15,93136.106972,77301.848,45181.109254,94.215643,11.597088,780342.16109,299765.494089,0.0,0.0,0.0,32120.738746,26,760.0,3500.451524,855904.448114,0.0,1298185.841131,0.0,2154090.289245,0.0,66703.806899,2220794.096144,23.844609
2020-12-16,92563.971533,79087.956,49182.668624,113.372963,9.382453,579437.396392,289039.693282,0.0,0.0,0.0,29905.287376,7,192.0,2839.87789,826667.321067,0.0,1008602.41315,0.0,1835269.734217,0.0,56153.162151,1891422.896369,20.433683
2020-12-17,92068.540373,46577.2,32447.769615,54.4236,14.254256,825478.161529,486890.375715,0.0,0.0,581.856586,14129.430385,30,458.0,5482.79102,742084.375576,0.0,1824848.291478,0.0,2566932.667053,0.0,17907.856338,2584840.523391,28.075177
2020-12-18,90397.298071,48847.156,32729.039993,57.628789,13.898179,768289.409177,488068.464397,875.393726,0.0,2469.366674,16118.116007,8,526.0,5854.727697,-1273494.747711,0.0,2440682.665661,0.0,1167187.91795,0.0,-462151.740673,705036.177277,7.799306
2020-12-19,85728.497451,31309.334,16723.84006,24.235813,17.92206,1035113.419596,501317.881015,0.0,0.0,0.0,14585.49394,10,254.0,2976.821452,298883.575246,0.0,1877630.789248,0.0,2176514.364494,0.0,50465.85873,2226980.223225,25.977129
2020-12-20,85311.547406,22324.672,18158.566449,27.040596,18.022492,1047291.375932,490235.271919,0.0,0.0,0.0,4166.105551,17,558.0,3813.018228,292796.791234,0.0,1848852.023777,0.0,2141648.81501,0.0,47229.397614,2188878.212624,25.657467
2020-12-21,95313.637199,19725.726,17583.247,22.620814,18.825608,1218413.993488,575923.193192,0.0,0.0,65.231508,2142.479,15,388.0,4833.798075,291751.449916,0.0,2169131.95142,0.0,2460883.401337,0.0,30041.221193,2490924.62253,26.133979
2020-12-22,96625.293327,21543.704,19091.852884,24.624024,18.385846,1265689.711154,510848.017113,0.0,0.0,0.0,2451.851116,6,186.0,5051.902367,350322.068415,0.0,2150029.811358,0.0,2500351.879773,0.0,48120.466798,2548472.346571,26.374795
2020-12-23,98039.729311,23616.83,21432.950753,28.028113,17.377763,1091714.90783,611996.269841,137.303637,0.0,3100.265186,2183.879247,6,212.6,6028.89113,-510787.335609,0.0,2977267.143927,0.0,2466479.808318,0.0,-254786.857933,2211692.950385,22.55915
2020-12-24,98186.62179,61565.712,36454.838545,59.053597,14.246436,962205.098879,436604.283337,0.0,0.0,0.0,25110.873455,25,598.0,3243.088482,813736.199275,0.0,1842185.22993,0.0,2655921.429205,0.0,55471.518654,2711392.947859,27.614688
2020-12-25,95261.72476,36755.094,24144.512411,33.950308,17.231731,1228062.849173,413461.54746,0.0,0.0,0.0,12610.581589,14,388.0,5708.945071,478005.681051,0.0,2076441.745466,0.0,2554447.426516,0.0,56556.573771,2611004.000287,27.408742
2020-12-26,88274.31371,50947.178,34619.216464,64.521766,12.407716,677306.632178,417975.949266,0.0,0.0,275.682548,16327.961536,13,46.0,2991.679592,622783.126091,0.0,1353793.876825,0.0,1976577.002916,0.0,-49042.897286,1927534.10563,21.83573
2020-12-27,85037.092886,38589.388,27505.398355,47.809123,14.609565,767095.877914,475259.015689,0.0,0.0,0.0,11083.989645,28,480.9,2566.835864,695696.221159,0.0,1704748.291452,0.0,2400444.512612,0.0,61719.885206,2462164.397818,28.954005
2020-12-28,81816.901816,49479.838,28041.756143,52.146314,14.723111,793938.719909,410660.601425,0.0,0.0,0.0,21438.081857,9,696.0,2599.666043,442291.071391,0.0,1331715.635192,0.0,1774006.706583,0.0,47397.23984,1821403.946423,22.261952
2020-12-29,88416.086075,19890.618,17057.441907,23.90382,17.684137,986335.282285,577226.878171,0.0,0.0,252.004654,2833.176093,15,210.0,2910.774541,412415.045809,0.0,1924497.750466,0.0,2336912.796275,0.0,23857.205075,2360770.00135,26.700684
2020-12-30,89456.755472,51375.996,35540.567562,65.918176,12.034173,622175.675054,454362.372029,0.0,0.0,337.394073,15835.428438,1,0.0,2810.984638,843663.347372,0.0,1392288.04657,0.0,2235951.393942,0.0,-49113.286189,2186838.107753,24.445757
2020-12-31,91803.255408,37360.624,26424.017815,40.416528,16.51538,963153.682451,553011.923578,0.0,0.0,531.764009,10936.606185,11,866.0,3710.750387,584336.406886,0.0,2021826.266954,0.0,2606162.67384,0.0,11091.105934,2617253.779775,28.509379
