index,nuclear_omega,nuclear_bid,wind_303_omega,wind_303_bid,wind_317_omega,wind_317_bid,wind_122_omega,wind_122_bid,pv_319_omega,pv_319_bid,pv_324_omega,pv_324_bid,tail_omega,tail_bid,oat_site,anchor,start_date,num_days,provisional
1,0.13576022349298,24.910149476490915,0.9962483168113977,37.53558079712093,0.508188370289281,10.319914054125547,0.4053420903626829,35.416264636442065,0.06719372488558292,23.976999754086137,0.1351569495908916,21.840766733512282,0.8070625443570316,10.299630407243967,,False,01-01-2020,366,False
2,0.4880276998039335,33.931890930980444,0.29976186347194017,23.159414529800415,0.8961253225337714,35.860106218606234,0.6680040151346475,24.84801547601819,0.7470840149745346,30.502121578902006,0.6985109235905111,39.06810310669243,0.15930072404444218,33.84782634675503,,False,01-01-2020,366,False
3,0.333936951495707,15.490262894891202,0.6780519454739988,28.131176605820656,0.7309247703757137,31.575885452330112,0.11756763588637113,10.001158323138952,0.43480620617046956,33.80662904120982,0.47225483795627954,31.56571563333273,0.5422140806168317,24.772294368594885,,False,01-01-2020,366,False
4,0.23368122684769332,30.784927550703287,0.12628480670973657,10.005210665985942,0.19855103814043107,21.95845142006874,0.9238876517862081,29.49150330387056,0.3428854173980654,12.175733353942633,0.3584642575494945,14.336723554879427,0.39348681835457683,31.44543331116438,,False,01-01-2020,366,False
5,0.2057940914295614,20.355626880191267,0.42282063090242444,16.092469384893775,0.14137039869092405,14.097196813672781,0.18980871899984775,16.734978165477514,0.5079653041437269,26.539829345420003,0.5108801821619272,10.297913094982505,0.7042988514341414,37.29807624593377,,False,01-01-2020,366,False
6,0.3054938218090683,29.301097486168146,0.8581718279514462,29.84060976654291,0.554298227513209,39.63420743122697,0.8697226684074849,28.65185565315187,0.22104452118277548,19.91214158013463,0.2954490578174591,28.697122680023313,0.36924816396087407,13.98408330976963,,False,01-01-2020,366,False
7,0.40496666664257647,23.46275275107473,0.2418709919787943,17.938308380544186,0.8389628064353019,27.849850319325924,0.4372244614176452,36.43717239610851,0.14032920075580477,15.77178810723126,0.07095351696014404,36.19473922997713,0.9663047249242663,27.395738419145346,,False,01-01-2020,366,False
8,0.050151494937017566,38.638375755399466,0.5770196286030114,35.43619132600725,0.3315799436997622,18.23564164340496,0.5883285996504128,18.412643242627382,0.625219508279115,37.30011070147157,0.7383302656561137,17.7938667871058,0.1378448454476893,20.95668848603964,,False,01-01-2020,366,False
9,0.0939176027663052,17.451488422229886,0.22390479492023585,31.026910496875644,0.9894873380661011,24.782709274441004,0.28293881067074833,14.405377460643649,0.5761096006445587,11.220344500616193,0.7972339322231711,23.254857389256358,0.2799637067876756,25.50764418207109,,False,01-01-2020,366,False
10,0.41739746448583903,33.528893985785544,0.5970741056837142,14.90663692355156,0.4148439631797373,28.773713018745184,0.7905230351258069,25.44260175898671,0.2861295962519944,34.82877919450402,0.03348228080198169,37.669575745239854,0.671060885488987,19.064703145995736,,False,01-01-2020,366,False
11,0.29206386087462305,26.855130502954125,0.4994833684060722,32.87247769534588,0.23251999048516153,33.02858002483845,0.47747068908065554,39.703188594430685,0.1719343665614724,31.332940878346562,0.2597830913774669,30.16639120876789,0.04337920770049095,39.159967033192515,,False,01-01-2020,366,False
12,0.1630273880902678,36.65663114283234,0.7798864895943552,20.50246166996658,0.6969373000785709,13.114702813327312,0.5638684052973986,20.68181953392923,0.6537663185596466,23.09395181015134,0.5738876642845572,15.749781113117933,0.9382928295992314,15.842083441093564,,False,01-01-2020,366,False
13,0.24788701590150597,22.29666785337031,0.7192271302454174,22.469789227470756,0.6393106902949512,21.064134258776903,0.30478967069648205,32.9750800691545,0.09882267842069269,38.13190252520144,0.39705212950706487,12.64950062148273,0.2523234622366726,22.910746848210692,,False,01-01-2020,366,False
14,0.37592804129235446,38.24897444341332,0.08673409139737487,38.22565335780382,0.05637565758079291,25.058320444077253,0.7546259764116258,21.526727890595794,0.7756546478532255,14.889712687581778,0.41222877062857155,26.361099341884255,0.836502400226891,29.58731890656054,,False,01-01-2020,366,False
15,0.44702912122011185,19.177921311929822,0.89455237952061,13.065599612891674,0.35719923004508014,36.81309401988983,0.08474373621866108,13.39019532315433,0.5030219065397978,18.955894196406007,0.6366734496504068,33.85791078209877,0.4842139268293977,12.188067911192775,,False,01-01-2020,366,False
16,0.12056211098097265,28.909208425320685,0.39937127609737216,25.07126352749765,0.8133248888887465,16.89599234610796,0.9409255181439221,31.88324900344014,0.4080419079586864,27.561120968312025,0.1696586728096008,20.144427474588156,0.5740243050642312,35.739697413519025,,False,01-01-2020,366,False
17,0.11626342176459731,18.443166613578796,0.6205689307767898,19.067953201010823,0.17992099416442214,26.242195423692465,0.6848942696116865,12.092620553448796,0.29337754365056756,21.23450624756515,0.19735195718705653,11.225004754960537,0.08206014011055231,36.46219486370683,,False,01-01-2020,366,False
18,0.4653629116714001,28.27057227026671,0.18521786113269628,35.29165046289563,0.7494057788979263,19.909212831407785,0.35566199580207464,31.508582681417465,0.5818341163545847,25.75098790228367,0.6089803279936314,27.74778651073575,0.976256627459079,14.776008650660515,,False,01-01-2020,366,False
19,0.36814097831957043,21.566577218472958,0.8145073304884136,17.163749281316996,0.9370206729974597,15.653609000146389,0.9067942289169878,33.58183246105909,0.6990762210451067,36.688194973394275,0.44523055568337444,35.25097853504121,0.34835070388391615,28.434871342033148,,False,01-01-2020,366,False
20,0.2697641117498279,37.61807795148343,0.4793588212691247,29.637246327474713,0.4674411492887884,37.90933631360531,0.167508429242298,23.05638895370066,0.2126739507354796,16.802328377962112,0.3640503212064505,18.73008874244988,0.7406434159353376,19.87362813204527,,False,01-01-2020,366,False
21,0.18685432919301093,26.02891992777586,0.0622168576810509,27.38971554674208,0.2908292049076408,30.019472371786833,0.8273795122280717,38.154761008918285,0.7722385327517987,29.42054054699838,0.601604676824063,22.88527835160494,0.4465784038603306,11.369872484356165,,False,01-01-2020,366,False
22,0.28227199418470267,35.731226610951126,0.7587036366108805,11.739107053726912,0.8798544267658144,23.683319855481386,0.19918853789567947,20.085597494617105,0.09083625663071872,24.537874720990658,0.23206610208377243,38.23617974296212,0.5351945411227643,32.8215117007494,,False,01-01-2020,366,False
23,0.43773646098561586,16.617544144392014,0.3637144331820309,36.73529705032706,0.5727829661685974,11.927566267549992,0.6309908910188824,14.761273683980107,0.36651587294414645,13.03026377223432,0.06655541306361556,30.739374896511436,0.1831304303370416,23.96755075082183,,False,01-01-2020,366,False
24,0.0876686123199761,32.598831350915134,0.9154818975366652,24.834946105256677,0.12274387250654399,34.18653413653374,0.42769991052336986,26.750703305006027,0.459972428213805,32.54995334893465,0.7641606372408569,15.390358315780759,0.768024976849556,32.294132970273495,,False,01-01-2020,366,False
25,0.07373061333782971,24.290594910271466,0.3241631374694407,12.455742480233312,0.6634691402316094,38.83090170100331,0.7998757026158273,37.736120792105794,0.7032730096764863,14.095607241615653,0.7052753581106663,13.561947420239449,0.6259070829674601,22.080357735976577,,False,01-01-2020,366,False
26,0.3953677178360522,39.56233645789325,0.9566558507271111,26.673548836261034,0.26584726879373194,14.69508109614253,0.24056482249870897,18.788682520389557,0.0249061512760818,39.44534096866846,0.10400858722627164,25.397111158818007,0.4783733607269824,30.403048852458596,,False,01-01-2020,366,False
27,0.32563949809409676,21.187942367978394,0.1618256899062544,21.801567170768976,0.44089032588526605,18.980381786823273,0.5543130224104971,16.129599176347256,0.33413708508014683,28.582277363166213,0.2677019187062979,32.89950522594154,0.8610625883378088,13.232693104073405,,False,01-01-2020,366,False
28,0.19979337966069582,30.232607116922736,0.6570064677391202,39.76911609061062,0.963582762889564,27.193344123661518,0.5201058290433138,27.123567769303918,0.4306281921640039,18.33825659006834,0.538627298027277,21.06599741615355,0.212585393153131,34.68044166453183,,False,01-01-2020,366,False
29,0.229135975567624,16.226455462165177,0.834561028983444,34.134190464392304,0.7874235908500851,35.11233339086175,0.7049766572192312,11.547297202050686,0.26102257838472726,35.38026983849704,0.32543308978900315,24.284716993570328,0.8818058045953512,26.57239398919046,,False,01-01-2020,366,False
30,0.3524623455479741,31.421926161274314,0.46139159081503744,20.225860010832548,0.38324956353753803,10.979681815952063,0.3217071332037449,30.0854364130646,0.5525136680342257,10.133041143417358,0.5052860289625823,36.82300752028823,0.054063293319195516,18.014583894982934,,False,01-01-2020,366,False
31,0.48004943556152285,25.638799075968564,0.5422828138340264,32.22980057820678,0.08969896510243416,22.764904275536537,0.9908935195300728,35.05807993002236,0.6301821134611965,21.832011668011546,0.6708351200632752,29.32539845816791,0.6513443337194622,38.34973114542663,,False,01-01-2020,366,False
32,0.15788342542946338,34.564422173425555,0.2618795652408153,14.571670452132821,0.6058392533101141,30.974625162780285,0.06768108871765435,23.537624776363373,0.14681524924933909,32.178544625639915,0.16283259039744735,16.78877101279795,0.31509741194546226,16.666978495195508,,False,01-01-2020,366,False
33,0.15172214740887285,15.294688856229186,0.5153684050776064,24.308585915714502,0.343643020093441,27.48586120083928,0.8908115478698164,19.29549197666347,0.5942830569110811,24.206114383414388,0.3118855470977724,26.629177276045084,0.6849433722905814,26.02255986072123,,False,01-01-2020,366,False
34,0.47214644332416356,31.3706035586074,0.7656218719668686,36.328220115974545,0.8231955857016147,18.804135005921125,0.1533834040630609,37.30611549690366,0.3053505145944655,28.815494794398546,0.5218656158261001,11.977675296366215,0.28140495710074903,17.700963085517287,,False,01-01-2020,366,False
35,0.3463060094974935,24.71505525521934,0.208250035578385,11.213004412129521,0.5366683679632842,15.574451088905334,0.7009206576272845,27.77697553858161,0.2001766937598586,33.12753294594586,0.7464116465859115,19.482787447050214,0.9090941701084375,38.62020795233548,,False,01-01-2020,366,False
36,0.22123147458769382,34.518046756275,0.6106446920428426,26.98238106444478,0.15528161805123092,38.30400783568621,0.3698307421058416,15.846193199977279,0.6872453866153956,13.389490488916636,0.0842003089748323,34.132283022627234,0.026621667873114346,17.1736681740731,,False,01-01-2020,366,False
37,0.19363789353519678,22.877032039687037,0.9106710626743734,29.114726837724447,0.21615155739709735,31.267171297222376,0.6177512840833516,30.482253339141607,0.07829135881736875,25.395187372341752,0.6875968952476978,37.46890367940068,0.8274350444413722,21.575389811769128,,False,01-01-2020,366,False
38,0.317730713961646,38.8339050905779,0.38533687917515635,16.760040977969766,0.7169839983806015,22.588628437370062,0.41259995806030925,11.0077581461519,0.7603600342385471,20.65394414588809,0.11864905498921872,23.989282064139843,0.24612690996378658,30.130617832764983,,False,01-01-2020,366,False
39,0.38920386992394923,19.76943231187761,0.7038060173857957,34.768930757418275,0.8840908892452717,11.859080865979195,0.8405753838829696,23.846437139436603,0.472373725026846,17.410356858745217,0.34524127505719665,16.49439108557999,0.5984079649671912,13.548039691522717,,False,01-01-2020,366,False
40,0.06583362421952188,29.496152964420617,0.10053489846177399,18.664445113390684,0.5239840217866003,34.585410468280315,0.2142447975464165,34.430535305291414,0.37844117689877754,37.016529347747564,0.4641496475040913,29.972013449296355,0.5057266663946212,35.22832470946014,,False,01-01-2020,366,False
41,0.08150389939546585,27.440563621930778,0.693012420507148,14.16567349806428,0.7975797463674098,37.3825011216104,0.5383305961731821,30.87737645022571,0.03678375482559204,10.478535005822778,0.42542794940993195,28.043149914592505,0.15688767870888112,11.686248704791069,,False,01-01-2020,366,False
42,0.42983690365217625,36.46081421524286,0.11295109619386494,31.70865465886891,0.36928462530486283,16.532924119383097,0.50598009605892,12.397770304232836,0.7158172217383981,35.97341334447265,0.4051811236701906,10.57926595211029,0.7941219745576382,33.370425049215555,,False,01-01-2020,366,False
43,0.27611908968538046,18.037973563186824,0.9796626503579319,19.820063384249806,0.07026546760462224,19.73302450031042,0.8159013828262687,22.513187285512686,0.41870217921212316,31.616528714075685,0.18059650486335158,18.08334500528872,0.41121603637933735,23.463612906634808,,False,01-01-2020,366,False
44,0.17894639666192236,33.33412908017635,0.31425701146945356,33.612844217568636,0.6216596620623023,26.534657403826714,0.2547338236123323,33.97498778067529,0.321734916549176,21.45539043471217,0.6531575405411423,35.545458598062396,0.5704709399305284,32.02273180708289,,False,01-01-2020,366,False
45,0.26360519407317046,19.373776982538402,0.25706511349417266,39.35975005850196,0.6830186062958091,33.659670781344175,0.977654563775286,19.813177343457937,0.5405401043221355,39.818536238744855,0.0254247035831213,39.820380341261625,0.374502331931144,36.731870248913765,,False,01-01-2020,366,False
46,0.36023562573827805,28.323814049363136,0.5639161387924105,21.276580104604363,0.25014282860793174,12.806909549981356,0.05258093806914985,38.81915560923517,0.2485728358477354,14.660605881363153,0.7839633364975452,21.653369590640068,0.714338469542563,15.281897578388453,,False,01-01-2020,366,False
47,0.45920249866321683,22.49147746246308,0.40646861093118786,26.263925367966294,0.4306182053405791,23.507103361189365,0.7181723306886852,26.33168484084308,0.1586453049443662,17.742130579426885,0.5574273712933064,14.157451773062348,0.1172743733599782,27.884236238896847,,False,01-01-2020,366,False
48,0.10836299774236977,37.66253400593996,0.8728971966542304,11.931012850254774,0.9774317360948771,30.311962515115738,0.3367640440352261,15.27906896546483,0.6426787544228137,28.240209687501192,0.24882146142423153,32.322685001417994,0.9409489195235073,19.559206124395132,,False,01-01-2020,366,False
49,0.12848140937276187,21.76128997001797,0.147794817853719,35.95740161836147,0.13667917847633362,13.408137653023005,0.13263518502935767,25.752343060448766,0.7352524846233428,19.566641068086028,0.21560585558414458,36.55412872321904,0.44917845059186223,22.652971306815743,,False,01-01-2020,366,False
50,0.4531740930862725,37.03154065646231,0.6731288739480078,18.343897638842463,0.5551734135486186,32.85325011238456,0.9371012256480753,13.776932507753372,0.05469558602198958,25.946678183972836,0.5906430933624507,24.955512573942542,0.6091532851941883,29.096992379054427,,False,01-01-2020,366,False
51,0.38384198197163644,18.639122121967375,0.3379602214787155,30.361562622711062,0.8640641811303794,29.652169719338417,0.3902598259504884,21.07956539839506,0.3548575035482645,37.86213337443769,0.7561031065136194,17.45144123211503,0.22647159280255436,12.750606881454587,,False,01-01-2020,366,False
52,0.2540339122526348,27.685277732089162,0.9412312129978091,16.498316079378128,0.3028727246448397,24.254901222884655,0.6547757118474692,39.16274921037257,0.4472544478997588,16.14841688424349,0.05328486382961273,29.051827527582645,0.8625075588002801,36.06968495063484,,False,01-01-2020,366,False
53,0.17094046543352306,17.204120182432234,0.5280219192616642,10.52990447729826,0.48320296062156554,17.189455348998308,0.4513828242197632,22.181035988032818,0.2329690362326801,30.128933070227504,0.6199181135557592,25.596982361748815,0.07844318926334382,25.17936767078936,,False,01-01-2020,366,False
54,0.2982150537893176,32.404157342389226,0.27776812678202983,28.540721451863647,0.924948506616056,36.637735944241285,0.604336379468441,32.6907451543957,0.520365998018533,23.41200865805149,0.213836001586169,12.826493000611663,0.9033147875033319,18.50022784434259,,False,01-01-2020,366,False
55,0.4253193461801857,26.61425916943699,0.848128090472892,23.684308668598533,0.7355000220239163,25.936805307865143,0.1756650997791439,32.39095878787339,0.6133404039219023,12.771852714940906,0.37724945349618794,20.32241763547063,0.3060263287089765,39.65200145728886,,False,01-01-2020,366,False
56,0.10005655810236931,35.53531580604613,0.4457331084180623,37.94492531567812,0.19755988353863357,20.536298044025898,0.8537295897025615,12.95926108956337,0.12778351113200187,34.148689061403275,0.4533595033548773,33.094684295356274,0.6451440466940404,16.097918627783656,,False,01-01-2020,366,False
57,0.058074228232726455,20.60183869674802,0.8014001176226884,25.478519275784492,0.5882218812126666,21.430699359625578,0.4925380400381982,24.42806807346642,0.2737268218770623,15.221480680629611,0.4920630929619074,38.89095337130129,0.9939821326360107,37.78930924832821,,False,01-01-2020,366,False
58,0.41110820360481737,30.42775349225849,0.49454941791482265,13.591666547581553,0.10362669224850833,32.45428280904889,0.57708263034001,35.93496024608612,0.5641827958822251,38.73695492744446,0.3173279458284378,22.604955239221454,0.11031327927485109,14.239117745310068,,False,01-01-2020,366,False
59,0.31340433093719183,23.70478032156825,0.6352978243492544,38.632708890363574,0.39529975964687764,35.68483207374811,0.26785719743929803,29.218154214322567,0.666309741716832,26.983533827587962,0.15191860854625702,15.0998499058187,0.7382266212441028,27.066660933196545,,False,01-01-2020,366,False
60,0.21194441933184865,39.757771915756166,0.16886956421658395,22.996056377887726,0.7716402622405439,10.613289326429367,0.7772945336531848,10.666453251615167,0.18381136717274785,18.5966607183218,0.6543272719532252,31.38785421848297,0.33540639203041794,20.391411986202,,False,01-01-2020,366,False
61,0.24159773574210702,25.44360799714923,0.35037719779647886,20.905762277543545,0.9515027770306915,17.70786052569747,0.09890139121562243,28.10775365680456,0.788150404021144,35.184572180733085,0.1120899216644466,26.99631013907492,0.5146277964860201,10.863199010491371,,False,01-01-2020,366,False
62,0.34008471285924313,35.15048114117235,0.93043864951469,33.3950615581125,0.4566445583943277,28.72827673330903,0.9569335527718067,17.129062423482537,0.11065203528851271,11.800899840891361,0.7185221036337316,11.413431642577052,0.42122633321210745,34.178844187408686,,False,01-01-2020,366,False
63,0.4959461465943605,16.03098126128316,0.07671572873368859,15.31019507907331,0.283492834540084,39.45890422910452,0.29064630628563465,17.780536683276296,0.3955914695002139,22.485930984839797,0.5550637408159673,18.90833033248782,0.7732829087786377,24.515548907220364,,False,01-01-2020,366,False
64,0.1419026137329638,32.007702006958425,0.7421214950270951,31.549236811697483,0.6495703003834933,14.390601143240929,0.7386321899015457,36.74325108528137,0.4910474609397352,31.004613153636456,0.2786873058788479,34.49320785701275,0.19317380510270593,30.956136640161276,,False,01-01-2020,366,False
65,0.14672726904973388,20.003162240609527,0.08963254555128515,13.290080027654767,0.8322503344621509,20.954928202554584,0.6386137419845909,39.320173393934965,0.6834506989456713,21.632413463667035,0.575907198637724,21.013074107468128,0.728147676885128,34.00020227767527,,False,01-01-2020,366,False
66,0.4982368587050587,29.806152996607125,0.7295489457901567,25.77636891975999,0.33831778340972957,25.40190323255956,0.4353265199344605,20.8268906082958,0.19181159188970923,31.909393165260553,0.25471377484500407,32.61575112119317,0.33017282908782364,10.67563003860414,,False,01-01-2020,366,False
67,0.34229130754247306,23.131623594090343,0.3967033222317695,22.694255281239748,0.1643182505387813,37.17126143164933,0.8345421801321209,14.08087688498199,0.309148909971118,36.147464932873845,0.04388398163020611,25.113481720909476,0.9887486281059682,30.66030745394528,,False,01-01-2020,366,False
68,0.2463382736314088,39.207539041526616,0.8844640370458364,38.930801721289754,0.5313250079285353,16.77220189012587,0.20634748982265594,25.529000852257013,0.6026518897339702,10.772096384316683,0.7898819641768933,13.508912967517972,0.1002342765033245,24.210792211815715,,False,01-01-2020,366,False
69,0.2177507597953081,24.432538924738765,0.5848985891323537,33.096060464158654,0.7074840631801635,24.673981992527843,0.8995772475842386,13.241197047755122,0.38226059375330806,27.946887919679284,0.1742964599095285,16.85280229896307,0.7842586519196629,14.534718105569482,,False,01-01-2020,366,False
70,0.3147133511956781,34.15926032233983,0.219149213982746,21.2085004709661,0.22195912967436016,29.116817032918334,0.16028771777637302,32.26279566064477,0.4807635677047074,17.56739592179656,0.6350796797685325,29.627356100827456,0.19751055466011166,38.09429488144815,,False,01-01-2020,366,False
71,0.4123331131413579,15.088967150077224,0.7918320650234818,31.250450294464827,0.514465963235125,33.38631068356335,0.6772097369655967,32.88482619449496,0.7565383974090218,14.368417346850038,0.4191549625806511,37.12508357129991,0.5189646044559777,20.569825069978833,,False,01-01-2020,366,False
72,0.06379645797424019,31.045839455910027,0.5040051294490695,15.612690085545182,0.8898803452495485,12.991349110379815,0.34798120744526384,21.84783055447042,0.06989927291870117,39.64128075167537,0.38708196973428133,24.348645182326436,0.43220201794058083,27.254458842799067,,False,01-01-2020,366,False
73,0.10485374759882689,22.749867322854698,0.8610700538381935,18.14765398390591,0.36394069371744986,13.971974616870284,0.9985165969934314,10.853260140866041,0.3133431415632367,13.566779727116227,0.351151627227664,18.66239830851555,0.22883447088301181,18.682531639933586,,False,01-01-2020,366,False
74,0.4275825924705714,38.04602209478617,0.43314267117530103,36.157347057014704,0.8066160408779979,39.99380278401077,0.0753079246263951,28.87756018899381,0.41488060340285304,33.419687282294035,0.482611436098814,34.952693339437246,0.8754571880213916,25.36327475681901,,False,01-01-2020,366,False
75,0.30044911429286003,19.603628139011562,0.5743514500092716,16.301857847720385,0.6163338467478753,28.194747725501657,0.7121395516209305,36.20963635854423,0.7242067535035313,28.9902560506016,0.6934859542548657,27.449390841647983,0.46212802140042186,16.39741014689207,,False,01-01-2020,366,False
76,0.17570846914313737,28.623879477381706,0.23178287777118384,30.561751248314977,0.0793198854662478,18.125117616727948,0.32886631162837143,24.29253065958619,0.040603110659867526,24.49940910562873,0.1371379017084837,11.157440105453134,0.6115162216871977,39.95309581980109,,False,01-01-2020,366,False
77,0.25981278689578174,17.828370104543865,0.2875861186534166,28.341455617919564,0.255931705981493,10.19421218894422,0.5470958145800978,37.0545697491616,0.6510476598888636,36.7230021674186,0.7283038452081383,15.439630523324013,0.302647019289434,28.797729685902596,,False,01-01-2020,366,False
78,0.3851235364098102,32.999427393078804,0.9914929606020451,10.725468751043081,0.673500216845423,36.22018123976886,0.5128848910797388,17.564454320818186,0.16244399961084127,17.236271519213915,0.07793020462617278,31.02679518982768,0.6332108634151519,22.35164800658822,,False,01-01-2020,366,False
79,0.4544264684431255,27.161842617206275,0.13823015741072595,37.74587405845523,0.9832387368194759,31.921218717470765,0.7921909434720874,17.293875198811293,0.2402076613344252,20.361106740310788,0.29380405997857456,38.52349582128227,0.06650994757190347,35.88760998100042,,False,01-01-2020,366,False
80,0.13423110493458806,36.11187893897295,0.6825739347841591,23.87962975539267,0.4211179321631789,21.84749153442681,0.232883807644248,27.862353017553687,0.5367451173625887,25.218137744814157,0.5155749621801078,22.934668296948075,0.8999355364963413,12.566470857709646,,False,01-01-2020,366,False
81,0.1106247487012297,26.42718775663525,0.4566361372824758,31.97726252488792,0.5646770806517453,35.00128689222038,0.4444417895749211,15.981680490076542,0.4571681784652174,18.888158639892936,0.5366016965173185,15.920231780037284,0.4078966016508639,15.572005668655038,,False,01-01-2020,366,False
82,0.46399775026366114,35.473342621698976,0.8223853850271553,13.893442526459694,0.13087512576021254,11.325101470574737,0.5955494172871113,27.50236385501921,0.3571541483141482,27.160106636583805,0.2727774418704212,30.567436860874295,0.5584778819605708,37.013051277026534,,False,01-01-2020,366,False
83,0.3650051247794181,17.098182612098753,0.26640145368874074,33.88169527053833,0.3123872671741992,23.12489335425198,0.1974933719728142,37.64664520509541,0.044781123213469984,39.030967419967055,0.09360137714073062,38.07074684649706,0.14489467915147541,19.732126938179135,,False,01-01-2020,366,False
84,0.26584119247272614,32.368434043601155,0.5542282618582249,19.54761783592403,0.8582709967624396,30.84900946356356,0.8774037894327193,19.108735099434853,0.7329550843685866,15.396897904574871,0.712632602956146,23.425197694450617,0.7908024814166129,28.048229543492198,,False,01-01-2020,366,False
85,0.18022602661512793,18.777323686517775,0.9669779918622226,21.5499625261873,0.9158974897582084,38.72034917585552,0.10994443809613585,34.67588593252003,0.11789563717320563,30.829414082691073,0.1581884106993675,19.963083630427718,0.11969712613150478,33.19727540947497,,False,01-01-2020,366,False
86,0.2818964555859566,27.698381068184972,0.32706126603297886,39.08999051898718,0.48853171686641866,15.040006777271628,0.916260936204344,23.68168868124485,0.6110696041397751,22.1912282705307,0.6724355150014163,33.43841907568276,0.9538386740535497,11.52248433791101,,False,01-01-2020,366,False
87,0.43558852369897066,21.916013942100108,0.6469184508547187,12.204152084887028,0.18851973502896724,19.339949311688542,0.3981793021317571,11.223776079714298,0.5302590674161911,11.62502440623939,0.4983540023118258,25.941725037992,0.3873921448737383,31.732394890859723,,False,01-01-2020,366,False
88,0.08275778349488974,37.11605035699904,0.1591574104502797,25.994380405172706,0.7408396536950023,27.06814997829497,0.6608447305392474,30.170984799042344,0.23524505469948054,34.8928489536047,0.33540894478559496,12.468052674084902,0.7167611639015377,23.18266081623733,,False,01-01-2020,366,False
89,0.06812284099869431,15.916715431958437,0.7539479548111558,36.49880933575332,0.09783384231850505,29.896089723333716,0.09196083787828685,34.19839430600405,0.18608707472681998,16.440105913206935,0.3713576282374561,14.52170486561954,0.9201296711154282,29.84417162835598,,False,01-01-2020,366,False
90,0.3940265873447061,31.969706281088293,0.05004143845289946,24.141583368182182,0.5977369917556644,24.04107923619449,0.9481461092829704,22.20919289626181,0.676202750094235,38.038042560219765,0.4348794203065336,31.981527963653207,0.03089865956455469,21.290546897798777,,False,01-01-2020,366,False
91,0.32247274718247354,25.264945309609175,0.9200035612564534,27.15321347117424,0.7658365368843079,12.270641112700105,0.3124740971717983,12.650495218113065,0.5619123070128262,26.241353852674365,0.6139990442059935,39.48380395770073,0.6892203055694699,35.059066228568554,,False,01-01-2020,366,False
92,0.19584642611443998,35.090860850177705,0.37566010947339235,11.04578728787601,0.40480400184169407,34.07783624716103,0.7623068709392101,30.7198878377676,0.26383900893852114,19.74186673760414,0.1953770257346332,22.025872822850943,0.29244051652029157,13.380384054034948,,False,01-01-2020,366,False
93,0.22253857036121188,23.867915999144316,0.1955397740006447,16.926363920792937,0.46198451742529867,26.118319695815444,0.4698477177880704,15.61233882792294,0.4887499880418182,33.97323808632791,0.774181408956647,17.627059845253825,0.5883887784741819,17.870450392365456,,False,01-01-2020,366,False
94,0.3521108412183821,39.84463748987764,0.6234672840684653,28.9448169991374,0.942463203612715,20.267465291544795,0.5562419162131846,26.137553676962852,0.3856767074018717,12.477874420583248,0.05958460658788681,35.79000615514815,0.5004333455860615,26.189986560493708,,False,01-01-2020,366,False
95,0.4778705975506455,20.731714982539415,0.46927057965658603,18.830524869263172,0.654899391066283,15.997106293216348,0.2757762489374727,38.94736874848604,0.11294875269755722,23.235409250482917,0.23370452135801315,28.292286172509193,0.8221416652202607,17.460343204438686,,False,01-01-2020,366,False
96,0.15294856568798423,30.438587381504476,0.8118392792996019,34.59923549555242,0.2744423856958747,37.80021597631276,0.7833639770280569,19.531177068129182,0.7980644338764251,29.837462194263935,0.5969163358956576,10.131224673241377,0.23610778188332915,38.904821928590536,,False,01-01-2020,366,False
97,0.15910146851092577,23.327155909501016,0.5591622123494745,26.517364531755447,0.905639863293618,33.78530262969434,0.18288942812941966,22.832960914820433,0.3451797477528453,22.802689978852868,0.6429468316584825,31.22105878777802,0.8500863687694072,18.31773841753602,,False,01-01-2020,366,False
98,0.4857785317581147,38.62182131037116,0.2448878256604075,12.608310831710696,0.5023951841518283,12.44690085761249,0.8609429541509599,33.8858054485172,0.4447177850455046,31.156604047864676,0.18775747805833817,14.695135271176696,0.20824910541996358,26.86982534825802,,False,01-01-2020,366,False
99,0.3582755524665117,20.19821473862976,0.8774206157308072,39.61317497305572,0.2080547034740448,23.161692703142762,0.45905998153612015,31.25587928108871,0.7447844891808928,34.53453072346747,0.403351825773716,22.200129348784685,0.6215707368217409,16.852945294231176,,False,01-01-2020,366,False
100,0.23043812937103214,29.219955448061228,0.41841241861693557,21.95392094552517,0.7251207158900798,30.42299655266106,0.6120245431549848,12.25013056769967,0.05727692732587457,11.044691186398268,0.4303070265799761,38.72428249567747,0.4673971995711327,38.52997522801161,,False,01-01-2020,366,False
101,0.20200684079900383,15.674646138213575,0.12327114045619965,20.07442880421877,0.5452580772340297,37.50765419565141,0.38262959965504706,26.417412040755153,0.6229465568065644,27.73608406074345,0.24132416201755405,34.678206937387586,0.6614228016510606,30.21731087937951,,False,01-01-2020,366,False
102,0.3303731695283204,30.85026839748025,0.695912529155612,34.28923740051687,0.1467100285924971,16.17339420132339,0.6471564777661115,14.955383334308863,0.1304390123859048,19.250360820442438,0.5679686414264142,19.32415305636823,0.3203314367122948,21.899884715676308,,False,01-01-2020,366,False
103,0.4001855066977441,25.01869176980108,0.30416690125130114,14.419996058568358,0.3225289250724017,19.38805059529841,0.12547986414283513,19.957405757158995,0.2233182048983872,15.065824212506413,0.7787537096999586,11.829151157289743,0.8870397709496319,34.377515967935324,,False,01-01-2020,366,False
104,0.07602819190360606,33.96416312083602,0.9769963545259088,32.38506209105253,0.8442915609106422,26.645254688337445,0.9299349267035723,38.436782797798514,0.5178562480024993,38.42386173084378,0.027590316068381072,27.181427516043186,0.06414181966334581,12.935032807290554,,False,01-01-2020,366,False
105,0.08891412122175098,19.018236743286252,0.3805831809993833,35.00815063714981,0.4090402395930141,31.37586030177772,0.29787086113356054,26.988116186112165,0.6636570154316723,11.88380834646523,0.08903465539216995,28.870501006022096,0.3517304860800505,32.51469529233873,,False,01-01-2020,366,False
106,0.4434930230025202,28.819738128222525,0.898493550112471,19.355046851560473,0.9989915820304305,22.245566165074706,0.7458457808475941,16.404246678575873,0.1742079253308475,33.63048376515508,0.7446213144809009,17.031959472224116,0.7525761410407722,11.076103011146188,,False,01-01-2020,366,False
107,0.2880577352829278,22.163423905149102,0.10505854226648807,29.353989688679576,0.6911444519180805,11.501305447891355,0.10657877502962947,18.448117105290294,0.2762396548688412,30.20768200047314,0.5289883787184954,24.536156486719847,0.09399292362853885,32.10450383834541,,False,01-01-2020,366,False
108,0.18812901717610658,38.2408287236467,0.7157495968043804,17.450628355145454,0.24203510279767215,34.70881284214556,0.9646219429560006,37.92284185066819,0.5738367741182446,23.80201006308198,0.3017188134789467,36.37269161641598,0.9796363512426615,23.79096900112927,,False,01-01-2020,366,False
109,0.27200503870844844,26.966028669849038,0.7759421444963663,11.451319493353367,0.06170475003309548,27.595029873773456,0.2602267446462065,23.292309967800975,0.39812499707564714,37.475797766819596,0.4663653837703169,33.26514602638781,0.18076802503317593,14.965408956632018,,False,01-01-2020,366,False
110,0.3729021155741066,36.69731503818184,0.5182682889979333,27.67390905879438,0.6302602432202548,18.46059306524694,0.7696750730741769,35.22286409512162,0.5007221221365035,16.066002380102873,0.3399757595174015,20.723481280729175,0.7550748894549907,36.63900555111468,,False,01-01-2020,366,False
111,0.47015323471277953,17.633602218702435,0.6005548065528273,24.54691535793245,0.8186648496892304,15.216239811852574,0.4853824926540255,29.86938266083598,0.7855663400515914,20.088505009189248,0.12924694610759616,13.227674271911383,0.4336283748783171,20.180215714499354,,False,01-01-2020,366,False
112,0.11853353451006116,33.5859095538035,0.20558351147919895,37.01970513910055,0.34815965839661656,38.427846068516374,0.5699161048978567,11.858530035242438,0.10111726738512516,26.831064131110907,0.6800487398169935,25.767339766025543,0.5328320774063469,28.728869752958417,,False,01-01-2020,366,False
113,0.1263205974828452,16.903511583805084,0.9333386307582259,15.08844705298543,0.7584424096159638,17.83167070709169,0.8482057305052877,29.30471781641245,0.20430818490684033,18.161455346271396,0.6645446058921516,35.59471281245351,0.040956931356340646,29.421723429113626,,False,01-01-2020,366,False
114,0.4482761388644576,32.955013061873615,0.36069736946374176,30.841370644047856,0.17457763236016033,28.3700932841748,0.22186436429619788,10.341773862019181,0.6952807066962123,28.289634585380554,0.14475124275311826,18.37075423449278,0.9254026132449508,22.73942820727825,,False,01-01-2020,366,False
115,0.3772008047904819,26.231273971498013,0.7394550717901439,20.684057222679257,0.4764958962798118,39.11533401347697,0.6249069517944008,24.573317961767316,0.5902021021582187,39.27106770686805,0.3191629389487207,10.866564931347966,0.26707343202084305,35.45691421255469,,False,01-01-2020,366,False
116,0.2536712482571602,36.05867888312787,0.0666257459204644,32.687181029468775,0.9316954345442354,14.499798314645886,0.41976636317558585,35.55178053677082,0.29717530122026803,13.801824077963829,0.48717818109318617,28.092529689893126,0.6686386675573885,11.899561993777752,,False,01-01-2020,366,False
117,0.16779002067632975,21.32947962731123,0.48237180449068545,38.410056065768,0.8703363664448261,21.55401556752622,0.6936962089501322,18.101346092298627,0.4683614442124963,32.47164472006261,0.2861908119171858,32.25498462095857,0.4875338379852474,19.34771517291665,,False,01-01-2020,366,False
118,0.29430672572925687,37.31076608877629,0.7966465167701244,22.28911646641791,0.29661865914240476,32.09659333340824,0.3626170449890196,36.65327616035938,0.3703346258401871,22.00652454048395,0.5445164035260678,13.859149254858494,0.5860169012099504,25.79592116177082,,False,01-01-2020,366,False
119,0.41966608189977705,18.192026168107986,0.1808130463119596,25.255880812183022,0.1132439355365932,35.341683411970735,0.8831340437289328,28.48702136427164,0.08244353292509914,10.425451463088393,0.7237370072305203,21.354963080957532,0.26431599996984007,16.00790774449706,,False,01-01-2020,366,False
120,0.0987059879116714,27.894333596341312,0.6398215690162034,12.884683664888144,0.5785905366763473,10.72206494398415,0.14569513420574365,16.980357402935624,0.7684160489030183,35.55774699896574,0.10991879992187024,39.75279747508466,0.8398223697952926,39.331056736409664,,False,01-01-2020,366,False
121,0.0558825156185776,25.851007257588208,0.28066833629272875,23.47586439922452,0.2605214552488178,17.299966914579272,0.725802450813353,20.52435953170061,0.4268059553019703,16.62481746636331,0.048456398602575064,34.19630391523242,0.5522327943332493,14.146016901358962,,False,01-01-2020,366,False
122,0.40618621846660974,34.89567275159061,0.5383418662007898,37.222839863970876,0.6725235598627478,36.29284753464162,0.3443833842873573,39.95582767762244,0.32574448632076386,36.39581885188818,0.7578877898864449,19.784727320075035,0.3987805973365903,37.473056772723794,,False,01-01-2020,366,False
123,0.3067940511275083,16.50248829741031,0.4430669099092483,10.321445958688855,0.958238833071664,25.577190341427922,0.9848100049886852,25.138693200424314,0.02872465718537569,25.576448431238532,0.5835267695598305,12.279740059748292,0.812356381751597,21.235809354111552,,False,01-01-2020,366,False
124,0.21160578960552812,31.774229099974036,0.8380378793925047,27.818678859621286,0.449926622165367,20.66153638996184,0.059747116686776285,14.628755375742912,0.711661900728941,20.94143319875002,0.2257660106383264,26.693086801096797,0.16931937934830785,27.687906669452786,,False,01-01-2020,366,False
125,0.2384163936134428,20.926864338107407,0.6609514887910336,30.15404460951686,0.3890565660316497,13.519142298027873,0.8086771606467664,31.60127733834088,0.15061312014237047,32.843702314421535,0.45114922985434536,29.919071700423956,0.9552687511406839,33.56847665272653,,False,01-01-2020,366,False
126,0.33615235053002834,29.85248669050634,0.14304099227301775,15.775325829163194,0.7779233194421977,32.50786862336099,0.2475203529931605,13.518322631716728,0.6385503578744829,13.204570785164833,0.3825096457451582,16.2106254696846,0.13356831192970275,10.007691094651818,,False,01-01-2020,366,False
127,0.490323783038184,24.06334847677499,0.953174919821322,35.749840745702386,0.6116281324531884,29.29213230498135,0.5306533185299486,21.33268255740404,0.5487180403620004,24.83049045316875,0.2032441311329603,23.705635080114007,0.7000223763287068,31.283270893618464,,False,01-01-2020,366,False
128,0.14057607445865872,39.25881992094219,0.3424837378785014,17.62092163786292,0.08018057742156089,24.38056201674044,0.4982920526992529,33.30832132138312,0.25265655394643544,29.597368389368057,0.6274600158631802,37.415858609601855,0.35821213176473976,24.597542779520154,,False,01-01-2020,366,False
129,0.275,27.5,0.525,25.0,0.525,25.0,0.525,25.0,0.41000000000000003,25.0,0.41000000000000003,25.0,0.51,25.0,,True,01-01-2020,366,False
130,0.5,40.0,,,,,,,,,,,,,,True,01-01-2020,366,False
