Date,Hour,Minute,Reserve,Scope,Magnitude,Shortfall,Price,DA Magnitude,DA Shortfall,DA Price
2020-01-01,0,0,reserve,system,328.953016,0.0,0.0,333.733188,0.0,0.0
2020-01-01,0,0,regulation_up,system,49.0,0.0,0.0,55.0,0.0,0.0
2020-01-01,0,0,regulation_down,system,48.0,0.0,1.602842,54.0,0.0,0.0
2020-01-01,0,0,spinning_reserve,area 2,33.192,0.0,0.0,33.08,0.0,0.0
2020-01-01,0,0,spinning_reserve,area 1,27.249,0.0,0.0,29.551,0.0,0.0
2020-01-01,0,0,spinning_reserve,area 3,38.244,0.0,0.0,37.489,0.0,0.0
2020-01-01,0,0,flexible_ramp_up,system,,,,73.0,0.0,0.0
2020-01-01,0,0,flexible_ramp_down,system,,,,61.0,0.0,0.0
2020-01-01,1,0,reserve,system,319.785986,0.0,0.0,326.104582,0.0,0.0
2020-01-01,1,0,regulation_up,system,49.0,0.0,0.0,50.0,0.0,0.0
2020-01-01,1,0,regulation_down,system,47.0,0.0,18.573789,48.0,0.0,0.0
2020-01-01,1,0,spinning_reserve,area 2,32.346,0.0,0.0,32.488,0.0,-0.0
2020-01-01,1,0,spinning_reserve,area 1,27.093,0.0,0.0,29.572,0.0,-0.0
2020-01-01,1,0,spinning_reserve,area 3,36.498,0.0,0.0,35.772,0.0,0.0
2020-01-01,1,0,flexible_ramp_up,system,,,,60.0,0.0,0.0
2020-01-01,1,0,flexible_ramp_down,system,,,,46.0,0.0,0.0
2020-01-01,2,0,reserve,system,315.870306,0.0,0.0,324.717265,0.0,0.0
2020-01-01,2,0,regulation_up,system,48.0,0.0,0.0,55.0,0.0,0.0
2020-01-01,2,0,regulation_down,system,47.0,0.0,18.573789,54.0,0.0,0.0
2020-01-01,2,0,spinning_reserve,area 2,32.253,0.0,0.0,32.394,0.0,0.0
2020-01-01,2,0,spinning_reserve,area 1,27.315,0.0,0.0,30.048,0.0,0.0
2020-01-01,2,0,spinning_reserve,area 3,35.193,0.0,0.0,34.974,0.0,0.0
2020-01-01,2,0,flexible_ramp_up,system,,,,74.0,0.0,-0.0
2020-01-01,2,0,flexible_ramp_down,system,,,,63.0,0.0,0.0
2020-01-01,3,0,reserve,system,314.783741,0.0,0.0,326.459832,0.0,0.0
2020-01-01,3,0,regulation_up,system,49.0,0.0,0.0,57.0,0.0,0.0
2020-01-01,3,0,regulation_down,system,47.0,0.0,1.602842,56.0,0.0,0.0
2020-01-01,3,0,spinning_reserve,area 2,32.064,0.0,0.0,32.354,0.0,0.0
2020-01-01,3,0,spinning_reserve,area 1,27.957,0.0,0.0,31.084,0.0,0.0
2020-01-01,3,0,spinning_reserve,area 3,34.413,0.0,0.0,34.5,0.0,0.0
2020-01-01,3,0,flexible_ramp_up,system,,,,79.0,0.0,0.0
2020-01-01,3,0,flexible_ramp_down,system,,,,69.0,0.0,0.0
2020-01-01,4,0,reserve,system,321.720418,0.0,0.0,340.285843,0.0,0.0
2020-01-01,4,0,regulation_up,system,49.0,0.0,0.0,59.0,0.0,0.0
2020-01-01,4,0,regulation_down,system,47.0,0.0,1.602842,59.0,0.0,0.0
2020-01-01,4,0,spinning_reserve,area 2,32.535,0.0,0.0,32.973,0.0,0.0
2020-01-01,4,0,spinning_reserve,area 1,29.865,0.0,0.0,34.194,0.0,0.0
2020-01-01,4,0,spinning_reserve,area 3,34.116,0.0,0.0,34.919,0.0,0.0
2020-01-01,4,0,flexible_ramp_up,system,,,,83.0,0.0,0.0
2020-01-01,4,0,flexible_ramp_down,system,,,,74.0,0.0,0.0
2020-01-01,5,0,reserve,system,341.053643,0.0,0.0,367.221111,0.0,0.0
2020-01-01,5,0,regulation_up,system,50.0,0.0,0.0,62.0,0.0,0.0
2020-01-01,5,0,regulation_down,system,48.0,0.0,0.0,62.0,0.0,0.0
2020-01-01,5,0,spinning_reserve,area 2,33.543,0.0,0.0,34.682,0.0,0.0
2020-01-01,5,0,spinning_reserve,area 1,33.933,0.0,0.0,38.604,0.0,0.0
2020-01-01,5,0,spinning_reserve,area 3,34.842,0.0,0.0,36.88,0.0,0.0
2020-01-01,5,0,flexible_ramp_up,system,,,,88.0,0.0,0.0
2020-01-01,5,0,flexible_ramp_down,system,,,,80.0,0.0,0.0
2020-01-01,6,0,reserve,system,373.778029,0.0,0.0,394.850572,0.0,-0.0
2020-01-01,6,0,regulation_up,system,52.0,0.0,0.0,68.0,0.0,-0.0
2020-01-01,6,0,regulation_down,system,51.0,0.0,0.0,69.0,0.0,0.0
2020-01-01,6,0,spinning_reserve,area 2,36.162,0.0,0.0,36.997,0.0,0.0
2020-01-01,6,0,spinning_reserve,area 1,36.948,0.0,0.0,40.413,0.0,0.0
2020-01-01,6,0,spinning_reserve,area 3,39.024,0.0,0.0,41.046,0.0,-0.0
2020-01-01,6,0,flexible_ramp_up,system,,,,96.0,0.0,-0.0
2020-01-01,6,0,flexible_ramp_down,system,,,,92.0,0.0,0.0
2020-01-01,7,0,reserve,system,386.931298,0.0,0.0,398.675941,0.0,0.0
2020-01-01,7,0,regulation_up,system,58.0,0.0,0.0,72.0,0.0,0.0
2020-01-01,7,0,regulation_down,system,57.0,0.0,0.0,75.0,0.0,0.0
2020-01-01,7,0,spinning_reserve,area 2,36.846,0.0,0.0,36.62,0.0,0.0
2020-01-01,7,0,spinning_reserve,area 1,36.861,0.0,0.0,39.165,0.0,0.0
2020-01-01,7,0,spinning_reserve,area 3,42.372,0.0,0.0,43.818,0.0,0.0
2020-01-01,7,0,flexible_ramp_up,system,,,,93.0,0.0,-0.0
2020-01-01,7,0,flexible_ramp_down,system,,,,97.0,0.0,0.0
2020-01-01,8,0,reserve,system,387.351184,0.0,0.0,400.267223,0.0,0.0
2020-01-01,8,0,regulation_up,system,77.0,0.0,0.0,72.0,0.0,0.0
2020-01-01,8,0,regulation_down,system,58.0,0.0,18.861019,77.0,0.0,0.0
2020-01-01,8,0,spinning_reserve,area 2,36.0,0.0,0.0,36.122,0.0,0.0
2020-01-01,8,0,spinning_reserve,area 1,34.74,0.0,0.0,36.975,0.0,0.0
2020-01-01,8,0,spinning_reserve,area 3,45.465,0.0,0.0,46.983,0.0,0.0
2020-01-01,8,0,flexible_ramp_up,system,,,,93.0,0.0,0.0
2020-01-01,8,0,flexible_ramp_down,system,,,,98.0,0.0,0.0
2020-01-01,9,0,reserve,system,392.547628,0.0,0.0,403.233629,0.0,0.0
2020-01-01,9,0,regulation_up,system,68.0,0.0,0.0,70.0,0.0,0.0
2020-01-01,9,0,regulation_down,system,67.0,0.0,18.861019,75.0,0.0,0.0
2020-01-01,9,0,spinning_reserve,area 2,36.12,0.0,0.0,36.283,0.0,-0.0
2020-01-01,9,0,spinning_reserve,area 1,33.3,0.0,0.0,35.526,0.0,0.0
2020-01-01,9,0,spinning_reserve,area 3,48.345,0.0,0.0,49.16,0.0,0.0
2020-01-01,9,0,flexible_ramp_up,system,,,,89.0,0.0,0.0
2020-01-01,9,0,flexible_ramp_down,system,,,,92.0,0.0,-0.0
2020-01-01,10,0,reserve,system,392.903599,0.0,0.0,402.308935,0.0,0.0
2020-01-01,10,0,regulation_up,system,72.0,0.0,0.0,61.0,0.0,0.0
2020-01-01,10,0,regulation_down,system,74.0,0.0,18.861019,66.0,0.0,17.726222
2020-01-01,10,0,spinning_reserve,area 2,35.799,0.0,0.0,35.435,0.0,0.0
2020-01-01,10,0,spinning_reserve,area 1,32.142,0.0,0.0,34.596,0.0,0.0
2020-01-01,10,0,spinning_reserve,area 3,49.932,0.0,0.0,50.662,0.0,0.0
2020-01-01,10,0,flexible_ramp_up,system,,,,66.0,0.0,0.0
2020-01-01,10,0,flexible_ramp_down,system,,,,74.0,0.0,17.328764
2020-01-01,11,0,reserve,system,391.554527,0.0,0.0,401.402788,0.0,0.0
2020-01-01,11,0,regulation_up,system,72.0,0.0,0.0,60.0,0.0,0.0
2020-01-01,11,0,regulation_down,system,76.0,0.0,0.173756,57.0,0.0,18.861019
2020-01-01,11,0,spinning_reserve,area 2,35.154,0.0,0.0,35.22,0.0,0.0
2020-01-01,11,0,spinning_reserve,area 1,31.374,0.0,0.0,33.876,0.0,0.0
2020-01-01,11,0,spinning_reserve,area 3,50.94,0.0,0.0,51.324,0.0,-0.0
2020-01-01,11,0,flexible_ramp_up,system,,,,52.0,0.0,0.0
2020-01-01,11,0,flexible_ramp_down,system,,,,47.0,0.0,18.072542
2020-01-01,12,0,reserve,system,388.928853,0.0,0.0,398.079707,0.0,0.0
2020-01-01,12,0,regulation_up,system,68.0,0.0,0.0,58.0,0.0,0.0
2020-01-01,12,0,regulation_down,system,83.0,0.0,0.0,54.0,0.0,0.501247
2020-01-01,12,0,spinning_reserve,area 2,35.166,0.0,0.0,35.247,0.0,0.0
2020-01-01,12,0,spinning_reserve,area 1,30.759,0.0,0.0,33.231,0.0,0.0
2020-01-01,12,0,spinning_reserve,area 3,50.751,0.0,0.0,50.946,0.0,-0.0
2020-01-01,12,0,flexible_ramp_up,system,,,,48.0,0.0,0.0
2020-01-01,12,0,flexible_ramp_down,system,,,,43.0,0.0,0.0
2020-01-01,13,0,reserve,system,387.395547,0.0,0.0,395.854615,0.0,0.0
2020-01-01,13,0,regulation_up,system,52.0,0.0,0.0,59.0,0.0,0.0
2020-01-01,13,0,regulation_down,system,55.0,0.0,0.0,55.0,0.0,0.0
2020-01-01,13,0,spinning_reserve,area 2,35.088,0.0,0.0,34.857,0.0,0.0
2020-01-01,13,0,spinning_reserve,area 1,30.381,0.0,0.0,32.819,0.0,0.0
2020-01-01,13,0,spinning_reserve,area 3,50.751,0.0,0.0,51.081,0.0,-0.0
2020-01-01,13,0,flexible_ramp_up,system,,,,50.0,0.0,0.0
2020-01-01,13,0,flexible_ramp_down,system,,,,45.0,0.0,0.0
2020-01-01,14,0,reserve,system,383.906464,0.0,0.0,392.923114,0.0,0.0
2020-01-01,14,0,regulation_up,system,50.0,0.0,0.0,49.0,0.0,0.0
2020-01-01,14,0,regulation_down,system,53.0,0.0,0.0,44.0,0.0,0.0
2020-01-01,14,0,spinning_reserve,area 2,34.656,0.0,0.0,34.722,0.0,0.0
2020-01-01,14,0,spinning_reserve,area 1,30.06,0.0,0.0,32.628,0.0,0.0
2020-01-01,14,0,spinning_reserve,area 3,50.454,0.0,0.0,50.526,0.0,-0.0
2020-01-01,14,0,flexible_ramp_up,system,,,,43.0,0.0,-0.0
2020-01-01,14,0,flexible_ramp_down,system,,,,16.0,0.0,0.0
2020-01-01,15,0,reserve,system,381.563556,0.0,0.0,391.280087,0.0,0.0
2020-01-01,15,0,regulation_up,system,65.0,0.0,0.0,50.0,0.0,0.0
2020-01-01,15,0,regulation_down,system,64.0,0.0,0.0,47.0,0.0,0.0
2020-01-01,15,0,spinning_reserve,area 2,34.803,0.0,0.0,34.857,0.0,0.0
2020-01-01,15,0,spinning_reserve,area 1,29.787,0.0,0.0,32.745,0.0,0.0
2020-01-01,15,0,spinning_reserve,area 3,49.878,0.0,0.0,49.783,0.0,-0.0
2020-01-01,15,0,flexible_ramp_up,system,,,,47.0,0.0,-0.0
2020-01-01,15,0,flexible_ramp_down,system,,,,27.0,0.0,0.0
2020-01-01,16,0,reserve,system,382.846949,0.0,0.0,405.743327,0.0,-0.0
2020-01-01,16,0,regulation_up,system,80.0,0.0,0.0,44.0,0.0,-0.0
2020-01-01,16,0,regulation_down,system,75.0,0.0,0.0,45.0,0.0,0.0
2020-01-01,16,0,spinning_reserve,area 2,34.374,0.0,0.0,35.812,0.0,0.0
2020-01-01,16,0,spinning_reserve,area 1,31.032,0.0,0.0,35.114,0.0,0.0
2020-01-01,16,0,spinning_reserve,area 3,49.446,0.0,0.0,50.797,0.0,-0.0
2020-01-01,16,0,flexible_ramp_up,system,,,,27.0,0.0,-0.0
2020-01-01,16,0,flexible_ramp_down,system,,,,31.0,0.0,0.0
2020-01-01,17,0,reserve,system,428.721599,0.0,0.0,457.805723,0.0,49.009375
2020-01-01,17,0,regulation_up,system,67.0,0.0,0.0,67.0,0.0,49.009375
2020-01-01,17,0,regulation_down,system,71.0,0.0,0.0,71.0,0.0,0.0
2020-01-01,17,0,spinning_reserve,area 2,39.279,0.0,0.0,42.272,0.0,49.009375
2020-01-01,17,0,spinning_reserve,area 1,34.029,0.0,0.0,38.403,0.0,49.009375
2020-01-01,17,0,spinning_reserve,area 3,55.311,0.0,0.0,56.666,0.0,49.009375
2020-01-01,17,0,flexible_ramp_up,system,,,,85.0,0.0,49.009375
2020-01-01,17,0,flexible_ramp_down,system,,,,81.0,0.0,-0.0
2020-01-01,18,0,reserve,system,450.968764,0.0,0.0,455.439377,0.0,32.776228
2020-01-01,18,0,regulation_up,system,70.0,0.0,0.0,68.0,0.0,32.776228
2020-01-01,18,0,regulation_down,system,75.0,0.0,0.0,73.0,0.0,0.0
2020-01-01,18,0,spinning_reserve,area 2,43.845,0.0,0.0,42.851,0.0,32.776228
2020-01-01,18,0,spinning_reserve,area 1,35.973,0.0,0.0,37.98,0.0,32.498629
2020-01-01,18,0,spinning_reserve,area 3,55.47,0.0,0.0,55.801,0.0,32.776228
2020-01-01,18,0,flexible_ramp_up,system,,,,88.0,0.0,32.498629
2020-01-01,18,0,flexible_ramp_down,system,,,,84.0,0.0,0.0
2020-01-01,19,0,reserve,system,437.117559,0.0,0.0,444.939815,0.0,1.344934
2020-01-01,19,0,regulation_up,system,69.0,0.0,0.0,70.0,0.0,1.344934
2020-01-01,19,0,regulation_down,system,74.0,0.0,0.0,75.0,0.0,-0.0
2020-01-01,19,0,spinning_reserve,area 2,42.327,0.0,0.0,42.205,0.0,1.344934
2020-01-01,19,0,spinning_reserve,area 1,34.467,0.0,0.0,37.356,0.0,1.344934
2020-01-01,19,0,spinning_reserve,area 3,54.342,0.0,0.0,53.921,0.0,1.344934
2020-01-01,19,0,flexible_ramp_up,system,,,,93.0,0.0,0.412709
2020-01-01,19,0,flexible_ramp_down,system,,,,90.0,0.0,0.0
2020-01-01,20,0,reserve,system,426.018728,0.0,0.0,429.181914,0.0,1.555302
2020-01-01,20,0,regulation_up,system,70.0,0.0,0.0,69.0,0.0,1.555302
2020-01-01,20,0,regulation_down,system,74.0,0.0,0.0,73.0,0.0,0.0
2020-01-01,20,0,spinning_reserve,area 2,41.616,0.0,0.0,41.142,0.0,1.555302
2020-01-01,20,0,spinning_reserve,area 1,34.068,0.0,0.0,36.14,0.0,1.555302
2020-01-01,20,0,spinning_reserve,area 3,52.122,0.0,0.0,51.473,0.0,1.555302
2020-01-01,20,0,flexible_ramp_up,system,,,,92.0,0.0,1.555302
2020-01-01,20,0,flexible_ramp_down,system,,,,92.0,0.0,0.0
2020-01-01,21,0,reserve,system,402.653631,0.0,0.0,401.621688,0.0,1.770696
2020-01-01,21,0,regulation_up,system,68.0,0.0,0.0,68.0,0.0,1.770696
2020-01-01,21,0,regulation_down,system,72.0,0.0,0.0,70.0,0.0,0.0
2020-01-01,21,0,spinning_reserve,area 2,39.948,0.0,0.0,38.908,0.0,1.770696
2020-01-01,21,0,spinning_reserve,area 1,31.83,0.0,0.0,33.527,0.0,1.770696
2020-01-01,21,0,spinning_reserve,area 3,49.017,0.0,0.0,48.051,0.0,1.770696
2020-01-01,21,0,flexible_ramp_up,system,,,,92.0,0.0,1.770696
2020-01-01,21,0,flexible_ramp_down,system,,,,93.0,0.0,0.0
2020-01-01,22,0,reserve,system,374.0557,0.0,0.0,370.711559,0.0,1.562193
2020-01-01,22,0,regulation_up,system,66.0,0.0,0.0,66.0,0.0,1.562193
2020-01-01,22,0,regulation_down,system,71.0,0.0,0.0,68.0,0.0,0.0
2020-01-01,22,0,spinning_reserve,area 2,37.425,0.0,0.0,36.324,0.0,1.562193
2020-01-01,22,0,spinning_reserve,area 1,29.34,0.0,0.0,30.936,0.0,1.562193
2020-01-01,22,0,spinning_reserve,area 3,45.453,0.0,0.0,43.954,0.0,1.562193
2020-01-01,22,0,flexible_ramp_up,system,,,,94.0,0.0,1.562193
2020-01-01,22,0,flexible_ramp_down,system,,,,93.0,0.0,0.0
2020-01-01,23,0,reserve,system,347.136041,0.0,0.0,345.359687,0.0,1.562193
2020-01-01,23,0,regulation_up,system,65.0,0.0,0.0,65.0,0.0,1.562193
2020-01-01,23,0,regulation_down,system,70.0,0.0,0.0,67.0,0.0,0.0
2020-01-01,23,0,spinning_reserve,area 2,34.98,0.0,0.0,34.157,0.0,1.562193
2020-01-01,23,0,spinning_reserve,area 1,27.783,0.0,0.0,29.73,0.0,1.562193
2020-01-01,23,0,spinning_reserve,area 3,41.379,0.0,0.0,39.721,0.0,1.562193
2020-01-01,23,0,flexible_ramp_up,system,,,,92.0,0.0,1.562193
2020-01-01,23,0,flexible_ramp_down,system,,,,93.0,0.0,0.0
2020-01-02,0,0,reserve,system,328.196312,0.0,0.0,330.432247,0.0,-0.0
2020-01-02,0,0,regulation_up,system,64.0,0.0,0.0,64.0,0.0,-0.0
2020-01-02,0,0,regulation_down,system,69.0,0.0,0.0,67.0,0.0,0.0
2020-01-02,0,0,spinning_reserve,area 2,33.3,0.0,0.0,32.919,0.0,-0.0
2020-01-02,0,0,spinning_reserve,area 1,26.928,0.0,0.0,29.128,0.0,0.0
2020-01-02,0,0,spinning_reserve,area 3,38.232,0.0,0.0,37.083,0.0,-0.0
2020-01-02,0,0,flexible_ramp_up,system,,,,92.0,0.0,-0.0
2020-01-02,0,0,flexible_ramp_down,system,,,,93.0,0.0,0.0
2020-01-02,1,0,reserve,system,317.992328,0.0,0.0,323.881428,0.0,0.0
2020-01-02,1,0,regulation_up,system,62.0,0.0,0.0,64.0,0.0,-0.0
2020-01-02,1,0,regulation_down,system,66.0,0.0,0.0,66.0,0.0,0.0
2020-01-02,1,0,spinning_reserve,area 2,32.52,0.0,0.0,32.475,0.0,0.0
2020-01-02,1,0,spinning_reserve,area 1,26.634,0.0,0.0,29.054,0.0,0.0
2020-01-02,1,0,spinning_reserve,area 3,36.24,0.0,0.0,35.636,0.0,-0.0
2020-01-02,1,0,flexible_ramp_up,system,,,,92.0,0.0,-0.0
2020-01-02,1,0,flexible_ramp_down,system,,,,93.0,0.0,-0.0
2020-01-02,2,0,reserve,system,313.795988,0.0,0.0,320.644546,0.0,-0.0
2020-01-02,2,0,regulation_up,system,60.0,0.0,0.0,64.0,0.0,-0.0
2020-01-02,2,0,regulation_down,system,64.0,0.0,0.0,66.0,0.0,0.0
2020-01-02,2,0,spinning_reserve,area 2,32.238,0.0,0.0,32.246,0.0,0.0
2020-01-02,2,0,spinning_reserve,area 1,26.868,0.0,0.0,29.339,0.0,0.0
2020-01-02,2,0,spinning_reserve,area 3,35.031,0.0,0.0,34.608,0.0,0.0
2020-01-02,2,0,flexible_ramp_up,system,,,,91.0,0.0,-0.0
2020-01-02,2,0,flexible_ramp_down,system,,,,93.0,0.0,0.0
2020-01-02,3,0,reserve,system,311.638941,0.0,0.0,322.595154,0.0,-0.0
2020-01-02,3,0,regulation_up,system,59.0,0.0,0.0,64.0,0.0,0.0
2020-01-02,3,0,regulation_down,system,63.0,0.0,0.0,67.0,0.0,0.0
2020-01-02,3,0,spinning_reserve,area 2,32.157,0.0,0.0,32.313,0.0,-0.0
2020-01-02,3,0,spinning_reserve,area 1,27.189,0.0,0.0,30.344,0.0,-0.0
2020-01-02,3,0,spinning_reserve,area 3,34.143,0.0,0.0,34.122,0.0,0.0
2020-01-02,3,0,flexible_ramp_up,system,,,,91.0,0.0,-0.0
2020-01-02,3,0,flexible_ramp_down,system,,,,93.0,0.0,0.0
2020-01-02,4,0,reserve,system,316.826917,0.0,0.0,334.017688,0.0,-0.0
2020-01-02,4,0,regulation_up,system,61.0,0.0,0.0,64.0,0.0,0.0
2020-01-02,4,0,regulation_down,system,66.0,0.0,0.0,67.0,0.0,-0.0
2020-01-02,4,0,spinning_reserve,area 2,32.508,0.0,0.0,32.919,0.0,-0.0
2020-01-02,4,0,spinning_reserve,area 1,28.923,0.0,0.0,32.935,0.0,-0.0
2020-01-02,4,0,spinning_reserve,area 3,33.618,0.0,0.0,34.351,0.0,-0.0
2020-01-02,4,0,flexible_ramp_up,system,,,,91.0,0.0,-0.0
2020-01-02,4,0,flexible_ramp_down,system,,,,93.0,0.0,0.0
2020-01-02,5,0,reserve,system,333.763708,0.0,0.382586,358.951088,0.0,1.871356
2020-01-02,5,0,regulation_up,system,65.0,0.0,0.382586,66.0,0.0,1.871356
2020-01-02,5,0,regulation_down,system,68.0,0.0,0.0,68.0,0.0,0.0
2020-01-02,5,0,spinning_reserve,area 2,33.435,0.0,0.382586,34.655,0.0,1.871356
2020-01-02,5,0,spinning_reserve,area 1,32.337,0.0,0.382586,36.637,0.0,1.871356
2020-01-02,5,0,spinning_reserve,area 3,34.359,0.0,0.382586,36.394,0.0,1.871356
2020-01-02,5,0,flexible_ramp_up,system,,,,92.0,0.0,1.871356
2020-01-02,5,0,flexible_ramp_down,system,,,,93.0,0.0,0.0
2020-01-02,6,0,reserve,system,365.366423,0.0,0.382586,385.657895,0.0,1.871356
2020-01-02,6,0,regulation_up,system,67.0,0.0,0.382586,67.0,0.0,1.871356
2020-01-02,6,0,regulation_down,system,70.0,0.0,0.0,69.0,0.0,0.0
2020-01-02,6,0,spinning_reserve,area 2,36.336,0.0,0.382586,37.091,0.0,1.871356
2020-01-02,6,0,spinning_reserve,area 1,34.896,0.0,0.382586,38.223,0.0,1.871356
2020-01-02,6,0,spinning_reserve,area 3,38.379,0.0,0.382586,40.383,0.0,1.871356
2020-01-02,6,0,flexible_ramp_up,system,,,,92.0,0.0,1.871356
2020-01-02,6,0,flexible_ramp_down,system,,,,93.0,0.0,0.0
2020-01-02,7,0,reserve,system,376.310683,0.0,1.342406,386.683207,0.0,-0.0
2020-01-02,7,0,regulation_up,system,87.0,0.0,1.342406,71.0,0.0,0.0
2020-01-02,7,0,regulation_down,system,75.0,0.0,0.0,73.0,0.0,0.0
2020-01-02,7,0,spinning_reserve,area 2,36.807,0.0,1.342406,36.458,0.0,0.0
2020-01-02,7,0,spinning_reserve,area 1,34.641,0.0,1.342406,36.743,0.0,0.0
2020-01-02,7,0,spinning_reserve,area 3,41.445,0.0,1.342406,42.804,0.0,-0.0
2020-01-02,7,0,flexible_ramp_up,system,,,,95.0,0.0,-0.0
2020-01-02,7,0,flexible_ramp_down,system,,,,97.0,0.0,0.0
2020-01-02,8,0,reserve,system,377.771092,0.0,0.0,391.419946,0.0,0.0
2020-01-02,8,0,regulation_up,system,85.0,0.0,0.0,72.0,0.0,0.0
2020-01-02,8,0,regulation_down,system,83.0,0.0,0.0,75.0,0.0,0.0
2020-01-02,8,0,spinning_reserve,area 2,35.961,0.0,0.0,36.122,0.0,0.0
2020-01-02,8,0,spinning_reserve,area 1,32.901,0.0,0.0,35.241,0.0,0.0
2020-01-02,8,0,spinning_reserve,area 3,44.472,0.0,0.0,46.063,0.0,-0.0
2020-01-02,8,0,flexible_ramp_up,system,,,,94.0,0.0,0.0
2020-01-02,8,0,flexible_ramp_down,system,,,,99.0,0.0,0.0
2020-01-02,9,0,reserve,system,384.783688,0.0,0.0,396.070528,0.0,0.0
2020-01-02,9,0,regulation_up,system,75.0,0.0,0.0,72.0,0.0,0.0
2020-01-02,9,0,regulation_down,system,88.0,0.0,0.0,75.0,0.0,18.861019
2020-01-02,9,0,spinning_reserve,area 2,36.012,0.0,0.0,35.785,0.0,-0.0
2020-01-02,9,0,spinning_reserve,area 1,32.004,0.0,0.0,34.511,0.0,0.0
2020-01-02,9,0,spinning_reserve,area 3,47.415,0.0,0.0,48.525,0.0,-0.0
2020-01-02,9,0,flexible_ramp_up,system,,,,94.0,0.0,0.0
2020-01-02,9,0,flexible_ramp_down,system,,,,99.0,0.0,18.861019
2020-01-02,10,0,reserve,system,388.624038,0.0,0.0,400.01944,0.0,-0.0
2020-01-02,10,0,regulation_up,system,72.0,0.0,0.0,73.0,0.0,0.0
2020-01-02,10,0,regulation_down,system,74.0,0.0,18.861019,75.0,0.0,18.861019
2020-01-02,10,0,spinning_reserve,area 2,35.583,0.0,0.0,35.557,0.0,-0.0
2020-01-02,10,0,spinning_reserve,area 1,31.314,0.0,0.0,33.855,0.0,-0.0
2020-01-02,10,0,spinning_reserve,area 3,49.689,0.0,0.0,50.594,0.0,0.0
2020-01-02,10,0,flexible_ramp_up,system,,,,94.0,0.0,0.0
2020-01-02,10,0,flexible_ramp_down,system,,,,99.0,0.0,18.861019
2020-01-02,11,0,reserve,system,392.811317,0.0,0.0,403.214672,0.0,0.0
2020-01-02,11,0,regulation_up,system,72.0,0.0,0.0,77.0,0.0,0.0
2020-01-02,11,0,regulation_down,system,75.0,0.0,18.861019,75.0,0.0,18.861019
2020-01-02,11,0,spinning_reserve,area 2,35.475,0.0,0.0,35.328,0.0,0.0
2020-01-02,11,0,spinning_reserve,area 1,30.984,0.0,0.0,33.623,0.0,0.0
2020-01-02,11,0,spinning_reserve,area 3,51.384,0.0,0.0,52.014,0.0,0.0
2020-01-02,11,0,flexible_ramp_up,system,,,,99.0,0.0,0.0
2020-01-02,11,0,flexible_ramp_down,system,,,,94.0,0.0,18.573789
2020-01-02,12,0,reserve,system,392.372006,0.0,0.0,403.086621,0.0,0.0
2020-01-02,12,0,regulation_up,system,73.0,0.0,0.0,77.0,0.0,0.0
2020-01-02,12,0,regulation_down,system,76.0,0.0,19.034775,75.0,0.0,18.861019
2020-01-02,12,0,spinning_reserve,area 2,34.857,0.0,0.0,34.924,0.0,0.0
2020-01-02,12,0,spinning_reserve,area 1,30.837,0.0,0.0,33.379,0.0,-0.0
2020-01-02,12,0,spinning_reserve,area 3,52.014,0.0,0.0,52.623,0.0,0.0
2020-01-02,12,0,flexible_ramp_up,system,,,,99.0,0.0,-0.0
2020-01-02,12,0,flexible_ramp_down,system,,,,94.0,0.0,18.573789
2020-01-02,13,0,reserve,system,394.070702,0.0,0.0,404.969265,0.0,0.0
2020-01-02,13,0,regulation_up,system,73.0,0.0,0.0,77.0,0.0,0.0
2020-01-02,13,0,regulation_down,system,77.0,0.0,0.173756,75.0,0.0,13.932093
2020-01-02,13,0,spinning_reserve,area 2,34.83,0.0,0.0,34.911,0.0,0.0
2020-01-02,13,0,spinning_reserve,area 1,30.42,0.0,0.0,33.051,0.0,-0.0
2020-01-02,13,0,spinning_reserve,area 3,52.971,0.0,0.0,53.529,0.0,86.020087
2020-01-02,13,0,flexible_ramp_up,system,,,,98.0,0.0,-0.0
2020-01-02,13,0,flexible_ramp_down,system,,,,94.0,0.0,13.644863
2020-01-02,14,0,reserve,system,395.053803,0.0,0.0,403.510583,0.0,0.0
2020-01-02,14,0,regulation_up,system,73.0,0.0,0.0,74.0,0.0,0.0
2020-01-02,14,0,regulation_down,system,77.0,0.0,0.0,73.0,0.0,0.0
2020-01-02,14,0,spinning_reserve,area 2,34.884,0.0,0.0,34.588,0.0,0.0
2020-01-02,14,0,spinning_reserve,area 1,30.351,0.0,0.0,32.977,0.0,0.0
2020-01-02,14,0,spinning_reserve,area 3,53.28,0.0,0.0,53.488,0.0,0.0
2020-01-02,14,0,flexible_ramp_up,system,,,,99.0,0.0,-0.0
2020-01-02,14,0,flexible_ramp_down,system,,,,93.0,0.0,0.0
2020-01-02,15,0,reserve,system,390.054304,0.0,0.0,399.397227,0.0,1.772459
2020-01-02,15,0,regulation_up,system,77.0,0.0,0.0,73.0,0.0,1.772459
2020-01-02,15,0,regulation_down,system,75.0,0.0,0.0,72.0,0.0,0.0
2020-01-02,15,0,spinning_reserve,area 2,34.374,0.0,0.0,34.413,0.0,1.772459
2020-01-02,15,0,spinning_reserve,area 1,30.195,0.0,0.0,33.041,0.0,1.772459
2020-01-02,15,0,spinning_reserve,area 3,52.446,0.0,0.0,52.366,0.0,1.772459
2020-01-02,15,0,flexible_ramp_up,system,,,,102.0,0.0,1.772459
2020-01-02,15,0,flexible_ramp_down,system,,,,93.0,0.0,0.0
2020-01-02,16,0,reserve,system,390.331759,0.0,0.0,411.393652,0.0,1.871356
2020-01-02,16,0,regulation_up,system,74.0,0.0,0.0,69.0,0.0,1.871356
2020-01-02,16,0,regulation_down,system,71.0,0.0,0.0,70.0,0.0,0.0
2020-01-02,16,0,spinning_reserve,area 2,34.656,0.0,0.0,36.472,0.0,1.871356
2020-01-02,16,0,spinning_reserve,area 1,31.032,0.0,0.0,34.892,0.0,1.871356
2020-01-02,16,0,spinning_reserve,area 3,51.411,0.0,0.0,52.055,0.0,1.871356
2020-01-02,16,0,flexible_ramp_up,system,,,,96.0,0.0,1.871356
2020-01-02,16,0,flexible_ramp_down,system,,,,92.0,0.0,0.0
2020-01-02,17,0,reserve,system,427.172541,0.0,0.382586,454.127066,0.0,47.164063
2020-01-02,17,0,regulation_up,system,64.0,0.0,0.382586,71.0,0.0,47.164063
2020-01-02,17,0,regulation_down,system,63.0,0.0,0.0,73.0,0.0,0.0
2020-01-02,17,0,spinning_reserve,area 2,39.33,0.0,0.382586,41.599,0.0,47.164063
2020-01-02,17,0,spinning_reserve,area 1,33.591,0.0,0.382586,37.959,0.0,47.164063
2020-01-02,17,0,spinning_reserve,area 3,55.23,0.0,0.382586,56.68,0.0,47.164063
2020-01-02,17,0,flexible_ramp_up,system,,,,94.0,0.0,47.164063
2020-01-02,17,0,flexible_ramp_down,system,,,,93.0,0.0,0.0
2020-01-02,18,0,reserve,system,448.704338,0.0,0.382586,451.940482,0.0,37.113772
2020-01-02,18,0,regulation_up,system,62.0,0.0,0.382586,71.0,0.0,37.113772
2020-01-02,18,0,regulation_down,system,60.0,0.0,0.0,73.0,0.0,0.0
2020-01-02,18,0,spinning_reserve,area 2,42.879,0.0,0.382586,42.07,0.0,37.113772
2020-01-02,18,0,spinning_reserve,area 1,35.643,0.0,0.382586,37.684,0.0,37.113772
2020-01-02,18,0,spinning_reserve,area 3,56.091,0.0,0.382586,55.828,0.0,37.113772
2020-01-02,18,0,flexible_ramp_up,system,,,,94.0,0.0,37.113772
2020-01-02,18,0,flexible_ramp_down,system,,,,93.0,0.0,0.0
2020-01-02,19,0,reserve,system,431.894936,0.0,0.382586,439.612815,0.0,2.428068
2020-01-02,19,0,regulation_up,system,62.0,0.0,0.382586,70.0,0.0,2.428068
2020-01-02,19,0,regulation_down,system,61.0,0.0,0.0,72.0,0.0,-0.0
2020-01-02,19,0,spinning_reserve,area 2,41.802,0.0,0.382586,41.922,0.0,2.428068
2020-01-02,19,0,spinning_reserve,area 1,34.029,0.0,0.382586,36.69,0.0,2.428068
2020-01-02,19,0,spinning_reserve,area 3,53.736,0.0,0.382586,53.272,0.0,2.428068
2020-01-02,19,0,flexible_ramp_up,system,,,,93.0,0.0,2.428068
2020-01-02,19,0,flexible_ramp_down,system,,,,93.0,0.0,0.0
2020-01-02,20,0,reserve,system,420.800348,0.0,0.382586,423.041544,0.0,1.871356
2020-01-02,20,0,regulation_up,system,65.0,0.0,0.382586,69.0,0.0,1.871356
2020-01-02,20,0,regulation_down,system,65.0,0.0,0.0,71.0,0.0,0.0
2020-01-02,20,0,spinning_reserve,area 2,41.493,0.0,0.382586,40.765,0.0,1.871356
2020-01-02,20,0,spinning_reserve,area 1,33.309,0.0,0.382586,35.283,0.0,1.871356
2020-01-02,20,0,spinning_reserve,area 3,51.438,0.0,0.382586,50.865,0.0,1.871356
2020-01-02,20,0,flexible_ramp_up,system,,,,92.0,0.0,1.871356
2020-01-02,20,0,flexible_ramp_down,system,,,,93.0,0.0,-0.0
2020-01-02,21,0,reserve,system,396.923573,0.0,1.342406,396.180856,0.0,1.871356
2020-01-02,21,0,regulation_up,system,61.0,0.0,1.342406,68.0,0.0,1.871356
2020-01-02,21,0,regulation_down,system,60.0,0.0,0.0,69.0,0.0,0.0
2020-01-02,21,0,spinning_reserve,area 2,39.438,0.0,1.342406,38.517,0.0,1.871356
2020-01-02,21,0,spinning_reserve,area 1,31.053,0.0,1.342406,32.84,0.0,1.871356
2020-01-02,21,0,spinning_reserve,area 3,48.585,0.0,1.342406,47.497,0.0,1.871356
2020-01-02,21,0,flexible_ramp_up,system,,,,95.0,0.0,1.871356
2020-01-02,21,0,flexible_ramp_down,system,,,,92.0,0.0,0.0
2020-01-02,22,0,reserve,system,369.488769,0.0,0.382586,365.462254,0.0,1.627667
2020-01-02,22,0,regulation_up,system,60.0,0.0,0.382586,65.0,0.0,1.627667
2020-01-02,22,0,regulation_down,system,59.0,0.0,0.0,65.0,0.0,0.0
2020-01-02,22,0,spinning_reserve,area 2,37.29,0.0,0.382586,36.203,0.0,1.627667
2020-01-02,22,0,spinning_reserve,area 1,28.845,0.0,0.382586,30.28,0.0,1.627667
2020-01-02,22,0,spinning_reserve,area 3,44.712,0.0,0.382586,43.156,0.0,1.627667
2020-01-02,22,0,flexible_ramp_up,system,,,,96.0,0.0,1.627667
2020-01-02,22,0,flexible_ramp_down,system,,,,89.0,0.0,0.0
2020-01-02,23,0,reserve,system,342.041745,0.0,0.0,340.888239,0.0,1.553959
2020-01-02,23,0,regulation_up,system,65.0,0.0,0.0,64.0,0.0,1.553959
2020-01-02,23,0,regulation_down,system,66.0,0.0,0.0,64.0,0.0,0.0
2020-01-02,23,0,spinning_reserve,area 2,34.83,0.0,0.0,34.076,0.0,1.553959
2020-01-02,23,0,spinning_reserve,area 1,26.928,0.0,0.0,28.916,0.0,1.553959
2020-01-02,23,0,spinning_reserve,area 3,40.854,0.0,0.0,39.274,0.0,1.553959
2020-01-02,23,0,flexible_ramp_up,system,,,,95.0,0.0,1.553959
2020-01-02,23,0,flexible_ramp_down,system,,,,89.0,0.0,0.0
2020-01-03,0,0,reserve,system,323.710201,0.0,0.0,326.812592,0.0,-0.0
2020-01-03,0,0,regulation_up,system,65.0,0.0,0.0,62.0,0.0,-0.0
2020-01-03,0,0,regulation_down,system,65.0,0.0,0.0,62.0,0.0,0.0
2020-01-03,0,0,spinning_reserve,area 2,33.234,0.0,0.0,32.986,0.0,-0.0
2020-01-03,0,0,spinning_reserve,area 1,26.226,0.0,0.0,28.461,0.0,-0.0
2020-01-03,0,0,spinning_reserve,area 3,37.653,0.0,0.0,36.596,0.0,0.0
2020-01-03,0,0,flexible_ramp_up,system,,,,92.0,0.0,0.0
2020-01-03,0,0,flexible_ramp_down,system,,,,85.0,0.0,0.0
2020-01-03,1,0,reserve,system,315.288218,0.0,0.0,319.146614,0.0,0.0
2020-01-03,1,0,regulation_up,system,53.0,0.0,0.0,54.0,0.0,0.0
2020-01-03,1,0,regulation_down,system,51.0,0.0,0.0,53.0,0.0,0.0
2020-01-03,1,0,spinning_reserve,area 2,32.856,0.0,0.0,32.596,0.0,-0.0
2020-01-03,1,0,spinning_reserve,area 1,26.013,0.0,0.0,27.985,0.0,0.0
2020-01-03,1,0,spinning_reserve,area 3,35.718,0.0,0.0,35.163,0.0,0.0
2020-01-03,1,0,flexible_ramp_up,system,,,,73.0,0.0,-0.0
2020-01-03,1,0,flexible_ramp_down,system,,,,62.0,0.0,-0.0
2020-01-03,2,0,reserve,system,308.766662,0.0,0.0,316.581264,0.0,-0.0
2020-01-03,2,0,regulation_up,system,62.0,0.0,0.0,48.0,0.0,0.0
2020-01-03,2,0,regulation_down,system,62.0,0.0,0.0,46.0,0.0,0.0
2020-01-03,2,0,spinning_reserve,area 2,32.319,0.0,0.0,32.3,0.0,0.0
2020-01-03,2,0,spinning_reserve,area 1,25.749,0.0,0.0,28.229,0.0,0.0
2020-01-03,2,0,spinning_reserve,area 3,34.56,0.0,0.0,34.446,0.0,0.0
2020-01-03,2,0,flexible_ramp_up,system,,,,56.0,0.0,0.0
2020-01-03,2,0,flexible_ramp_down,system,,,,41.0,0.0,-0.0
2020-01-03,3,0,reserve,system,308.785127,0.0,0.0,318.358766,0.0,0.0
2020-01-03,3,0,regulation_up,system,64.0,0.0,0.0,48.0,0.0,0.0
2020-01-03,3,0,regulation_down,system,65.0,0.0,0.0,46.0,0.0,0.0
2020-01-03,3,0,spinning_reserve,area 2,32.226,0.0,0.0,32.421,0.0,0.0
2020-01-03,3,0,spinning_reserve,area 1,26.334,0.0,0.0,29.128,0.0,0.0
2020-01-03,3,0,spinning_reserve,area 3,34.077,0.0,0.0,33.959,0.0,0.0
2020-01-03,3,0,flexible_ramp_up,system,,,,56.0,0.0,-0.0
2020-01-03,3,0,flexible_ramp_down,system,,,,41.0,0.0,0.0
2020-01-03,4,0,reserve,system,312.581657,0.0,0.0,328.328825,0.0,-0.0
2020-01-03,4,0,regulation_up,system,64.0,0.0,0.0,52.0,0.0,0.0
2020-01-03,4,0,regulation_down,system,67.0,0.0,0.0,50.0,0.0,0.0
2020-01-03,4,0,spinning_reserve,area 2,32.562,0.0,0.0,33.067,0.0,0.0
2020-01-03,4,0,spinning_reserve,area 1,27.714,0.0,0.0,31.486,0.0,0.0
2020-01-03,4,0,spinning_reserve,area 3,33.498,0.0,0.0,33.946,0.0,-0.0
2020-01-03,4,0,flexible_ramp_up,system,,,,65.0,0.0,0.0
2020-01-03,4,0,flexible_ramp_down,system,,,,52.0,0.0,0.0
2020-01-03,5,0,reserve,system,328.318719,0.0,0.0,353.216673,0.0,-0.0
2020-01-03,5,0,regulation_up,system,60.0,0.0,0.0,54.0,0.0,0.0
2020-01-03,5,0,regulation_down,system,59.0,0.0,0.0,53.0,0.0,0.0
2020-01-03,5,0,spinning_reserve,area 2,33.729,0.0,0.0,34.938,0.0,-0.0
2020-01-03,5,0,spinning_reserve,area 1,30.945,0.0,0.0,35.283,0.0,-0.0
2020-01-03,5,0,spinning_reserve,area 3,33.822,0.0,0.0,35.744,0.0,0.0
2020-01-03,5,0,flexible_ramp_up,system,,,,67.0,0.0,0.0
2020-01-03,5,0,flexible_ramp_down,system,,,,54.0,0.0,0.0
2020-01-03,6,0,reserve,system,359.750371,0.0,0.382586,380.023216,0.0,-0.0
2020-01-03,6,0,regulation_up,system,62.0,0.0,0.382586,54.0,0.0,0.0
2020-01-03,6,0,regulation_down,system,61.0,0.0,0.0,52.0,0.0,0.0
2020-01-03,6,0,spinning_reserve,area 2,36.726,0.0,0.382586,37.495,0.0,0.0
2020-01-03,6,0,spinning_reserve,area 1,33.708,0.0,0.382586,36.954,0.0,-0.0
2020-01-03,6,0,spinning_reserve,area 3,37.491,0.0,0.382586,39.558,0.0,-0.0
2020-01-03,6,0,flexible_ramp_up,system,,,,61.0,0.0,0.0
2020-01-03,6,0,flexible_ramp_down,system,,,,47.0,0.0,0.0
2020-01-03,7,0,reserve,system,370.824421,0.0,0.0,383.166897,0.0,0.0
2020-01-03,7,0,regulation_up,system,81.0,0.0,0.0,59.0,0.0,0.0
2020-01-03,7,0,regulation_down,system,63.0,0.0,0.0,58.0,0.0,0.0
2020-01-03,7,0,spinning_reserve,area 2,36.912,0.0,0.0,36.674,0.0,0.0
2020-01-03,7,0,spinning_reserve,area 1,33.777,0.0,0.0,36.108,0.0,0.0
2020-01-03,7,0,spinning_reserve,area 3,40.557,0.0,0.0,42.168,0.0,0.0
2020-01-03,7,0,flexible_ramp_up,system,,,,65.0,0.0,0.0
2020-01-03,7,0,flexible_ramp_down,system,,,,55.0,0.0,0.0
2020-01-03,8,0,reserve,system,379.139189,0.0,0.0,392.501243,0.0,0.0
2020-01-03,8,0,regulation_up,system,85.0,0.0,0.0,65.0,0.0,0.0
2020-01-03,8,0,regulation_down,system,69.0,0.0,0.0,65.0,0.0,-0.0
2020-01-03,8,0,spinning_reserve,area 2,36.618,0.0,0.0,36.445,0.0,0.0
2020-01-03,8,0,spinning_reserve,area 1,32.598,0.0,0.0,34.945,0.0,0.0
2020-01-03,8,0,spinning_reserve,area 3,44.526,0.0,0.0,46.361,0.0,0.0
2020-01-03,8,0,flexible_ramp_up,system,,,,77.0,0.0,0.0
2020-01-03,8,0,flexible_ramp_down,system,,,,74.0,0.0,0.0
2020-01-03,9,0,reserve,system,385.724989,0.0,0.0,397.807572,0.0,0.0
2020-01-03,9,0,regulation_up,system,69.0,0.0,0.0,68.0,0.0,0.0
2020-01-03,9,0,regulation_down,system,69.0,0.0,0.0,69.0,0.0,-0.0
2020-01-03,9,0,spinning_reserve,area 2,36.282,0.0,0.0,36.122,0.0,0.0
2020-01-03,9,0,spinning_reserve,area 1,31.722,0.0,0.0,34.479,0.0,0.0
2020-01-03,9,0,spinning_reserve,area 3,47.712,0.0,0.0,48.741,0.0,0.0
2020-01-03,9,0,flexible_ramp_up,system,,,,87.0,0.0,0.0
2020-01-03,9,0,flexible_ramp_down,system,,,,86.0,0.0,0.0
2020-01-03,10,0,reserve,system,391.915895,0.0,0.0,404.003589,0.0,0.0
2020-01-03,10,0,regulation_up,system,72.0,0.0,0.0,71.0,0.0,0.0
2020-01-03,10,0,regulation_down,system,73.0,0.0,0.0,71.0,0.0,0.0
2020-01-03,10,0,spinning_reserve,area 2,35.961,0.0,0.0,35.785,0.0,-0.0
2020-01-03,10,0,spinning_reserve,area 1,31.509,0.0,0.0,34.173,0.0,0.0
2020-01-03,10,0,spinning_reserve,area 3,50.106,0.0,0.0,51.243,0.0,0.0
2020-01-03,10,0,flexible_ramp_up,system,,,,93.0,0.0,-0.0
2020-01-03,10,0,flexible_ramp_down,system,,,,91.0,0.0,0.0
2020-01-03,11,0,reserve,system,397.00422,0.0,0.0,407.610167,0.0,0.0
2020-01-03,11,0,regulation_up,system,72.0,0.0,0.0,71.0,0.0,0.0
2020-01-03,11,0,regulation_down,system,73.0,0.0,0.0,66.0,0.0,18.861019
2020-01-03,11,0,spinning_reserve,area 2,35.397,0.0,0.0,35.355,0.0,0.0
2020-01-03,11,0,spinning_reserve,area 1,31.248,0.0,0.0,33.792,0.0,0.0
2020-01-03,11,0,spinning_reserve,area 3,52.458,0.0,0.0,53.137,0.0,0.0
2020-01-03,11,0,flexible_ramp_up,system,,,,85.0,0.0,-0.0
2020-01-03,11,0,flexible_ramp_down,system,,,,70.0,0.0,18.072542
2020-01-03,12,0,reserve,system,397.578103,0.0,0.0,407.564299,0.0,-0.0
2020-01-03,12,0,regulation_up,system,73.0,0.0,0.0,77.0,0.0,0.0
2020-01-03,12,0,regulation_down,system,75.0,0.0,0.0,74.0,0.0,0.0
2020-01-03,12,0,spinning_reserve,area 2,35.208,0.0,0.0,35.086,0.0,0.0
2020-01-03,12,0,spinning_reserve,area 1,30.867,0.0,0.0,33.506,0.0,-0.0
2020-01-03,12,0,spinning_reserve,area 3,53.199,0.0,0.0,53.678,0.0,0.0
2020-01-03,12,0,flexible_ramp_up,system,,,,102.0,0.0,0.0
2020-01-03,12,0,flexible_ramp_down,system,,,,94.0,0.0,0.0
2020-01-03,13,0,reserve,system,397.940437,0.0,0.0,408.163976,0.0,0.0
2020-01-03,13,0,regulation_up,system,73.0,0.0,0.0,76.0,0.0,0.0
2020-01-03,13,0,regulation_down,system,75.0,0.0,0.0,73.0,0.0,0.0
2020-01-03,13,0,spinning_reserve,area 2,34.71,0.0,0.0,34.641,0.0,0.0
2020-01-03,13,0,spinning_reserve,area 1,30.759,0.0,0.0,33.305,0.0,0.0
2020-01-03,13,0,spinning_reserve,area 3,53.913,0.0,0.0,54.503,0.0,0.0
2020-01-03,13,0,flexible_ramp_up,system,,,,101.0,0.0,0.0
2020-01-03,13,0,flexible_ramp_down,system,,,,90.0,0.0,0.0
2020-01-03,14,0,reserve,system,397.245544,0.0,0.0,406.930157,0.0,-0.0
2020-01-03,14,0,regulation_up,system,73.0,0.0,0.0,74.0,0.0,-0.0
2020-01-03,14,0,regulation_down,system,75.0,0.0,0.0,72.0,0.0,0.0
2020-01-03,14,0,spinning_reserve,area 2,34.347,0.0,0.0,34.493,0.0,-0.0
2020-01-03,14,0,spinning_reserve,area 1,30.498,0.0,0.0,33.083,0.0,-0.0
2020-01-03,14,0,spinning_reserve,area 3,54.327,0.0,0.0,54.503,0.0,-0.0
2020-01-03,14,0,flexible_ramp_up,system,,,,103.0,0.0,0.0
2020-01-03,14,0,flexible_ramp_down,system,,,,93.0,0.0,0.0
2020-01-03,15,0,reserve,system,396.199433,0.0,0.0,402.639678,0.0,0.382586
2020-01-03,15,0,regulation_up,system,77.0,0.0,0.0,74.0,0.0,0.382586
2020-01-03,15,0,regulation_down,system,75.0,0.0,0.0,72.0,0.0,0.0
2020-01-03,15,0,spinning_reserve,area 2,34.83,0.0,0.0,34.265,0.0,0.382586
2020-01-03,15,0,spinning_reserve,area 1,30.333,0.0,0.0,32.999,0.0,0.382586
2020-01-03,15,0,spinning_reserve,area 3,53.697,0.0,0.0,53.529,0.0,0.382586
2020-01-03,15,0,flexible_ramp_up,system,,,,102.0,0.0,0.323622
2020-01-03,15,0,flexible_ramp_down,system,,,,93.0,0.0,0.0
2020-01-03,16,0,reserve,system,381.661043,0.0,0.0,397.631227,0.0,-0.0
2020-01-03,16,0,regulation_up,system,76.0,0.0,0.0,68.0,0.0,0.0
2020-01-03,16,0,regulation_down,system,74.0,0.0,0.0,71.0,0.0,0.0
2020-01-03,16,0,spinning_reserve,area 2,31.89,0.0,0.0,32.555,0.0,-0.0
2020-01-03,16,0,spinning_reserve,area 1,30.633,0.0,0.0,34.247,0.0,-0.0
2020-01-03,16,0,spinning_reserve,area 3,51.975,0.0,0.0,52.487,0.0,-0.0
2020-01-03,16,0,flexible_ramp_up,system,,,,91.0,0.0,0.0
2020-01-03,16,0,flexible_ramp_down,system,,,,92.0,0.0,0.0
2020-01-03,17,0,reserve,system,416.534194,0.0,0.0,445.179992,4.825915,50.0
2020-01-03,17,0,regulation_up,system,70.0,0.0,0.0,62.0,0.0,50.0
2020-01-03,17,0,regulation_down,system,71.0,0.0,0.0,66.0,0.0,0.0
2020-01-03,17,0,spinning_reserve,area 2,36.846,0.0,0.0,40.63,0.0,50.0
2020-01-03,17,0,spinning_reserve,area 1,32.871,0.0,0.0,37.028,0.0,50.0
2020-01-03,17,0,spinning_reserve,area 3,55.242,0.0,0.0,55.896,0.0,50.0
2020-01-03,17,0,flexible_ramp_up,system,,,,73.0,0.0,50.0
2020-01-03,17,0,flexible_ramp_down,system,,,,71.0,0.0,0.0
2020-01-03,18,0,reserve,system,435.680728,0.0,0.0,437.027182,0.0,36.534777
2020-01-03,18,0,regulation_up,system,71.0,0.0,0.0,63.0,0.0,36.534777
2020-01-03,18,0,regulation_down,system,72.0,0.0,0.0,66.0,0.0,0.0
2020-01-03,18,0,spinning_reserve,area 2,42.207,0.0,0.0,40.819,0.0,36.534777
2020-01-03,18,0,spinning_reserve,area 1,34.398,0.0,0.0,36.193,0.0,36.534777
2020-01-03,18,0,spinning_reserve,area 3,54.099,0.0,0.0,54.097,0.0,36.534777
2020-01-03,18,0,flexible_ramp_up,system,,,,76.0,0.0,36.197534
2020-01-03,18,0,flexible_ramp_down,system,,,,74.0,0.0,0.0
2020-01-03,19,0,reserve,system,416.178526,0.0,0.0,422.684291,0.0,0.001075
2020-01-03,19,0,regulation_up,system,70.0,0.0,0.0,66.0,0.0,0.001075
2020-01-03,19,0,regulation_down,system,72.0,0.0,0.0,70.0,0.0,0.0
2020-01-03,19,0,spinning_reserve,area 2,40.203,0.0,0.0,40.24,0.0,0.001075
2020-01-03,19,0,spinning_reserve,area 1,32.472,0.0,0.0,34.997,0.0,0.001075
2020-01-03,19,0,spinning_reserve,area 3,52.176,0.0,0.0,51.568,0.0,0.001075
2020-01-03,19,0,flexible_ramp_up,system,,,,87.0,0.0,0.0
2020-01-03,19,0,flexible_ramp_down,system,,,,84.0,0.0,0.0
2020-01-03,20,0,reserve,system,403.404152,0.0,0.0,407.127911,0.0,1.342406
2020-01-03,20,0,regulation_up,system,68.0,0.0,0.0,68.0,0.0,1.342406
2020-01-03,20,0,regulation_down,system,73.0,0.0,0.0,72.0,0.0,0.0
2020-01-03,20,0,spinning_reserve,area 2,39.708,0.0,0.0,39.258,0.0,1.342406
2020-01-03,20,0,spinning_reserve,area 1,31.839,0.0,0.0,34.194,0.0,1.342406
2020-01-03,20,0,spinning_reserve,area 3,49.473,0.0,0.0,48.687,0.0,1.342406
2020-01-03,20,0,flexible_ramp_up,system,,,,92.0,0.0,1.342406
2020-01-03,20,0,flexible_ramp_down,system,,,,92.0,0.0,0.0
2020-01-03,21,0,reserve,system,386.151954,0.0,0.0,387.970621,0.0,1.12487
2020-01-03,21,0,regulation_up,system,64.0,0.0,0.0,67.0,0.0,1.12487
2020-01-03,21,0,regulation_down,system,68.0,0.0,0.0,70.0,0.0,0.0
2020-01-03,21,0,spinning_reserve,area 2,38.445,0.0,0.0,37.939,0.0,1.12487
2020-01-03,21,0,spinning_reserve,area 1,30.642,0.0,0.0,32.565,0.0,1.12487
2020-01-03,21,0,spinning_reserve,area 3,46.758,0.0,0.0,45.888,0.0,1.12487
2020-01-03,21,0,flexible_ramp_up,system,,,,91.0,0.0,1.12487
2020-01-03,21,0,flexible_ramp_down,system,,,,93.0,0.0,0.0
2020-01-03,22,0,reserve,system,366.147334,0.0,0.0,364.005107,0.0,0.382586
2020-01-03,22,0,regulation_up,system,54.0,0.0,0.0,66.0,0.0,0.382586
2020-01-03,22,0,regulation_down,system,58.0,0.0,0.0,69.0,0.0,0.0
2020-01-03,22,0,spinning_reserve,area 2,37.17,0.0,0.0,36.351,0.0,0.382586
2020-01-03,22,0,spinning_reserve,area 1,28.863,0.0,0.0,30.439,0.0,0.382586
2020-01-03,22,0,spinning_reserve,area 3,43.812,0.0,0.0,42.412,0.0,0.382586
2020-01-03,22,0,flexible_ramp_up,system,,,,91.0,0.0,0.382586
2020-01-03,22,0,flexible_ramp_down,system,,,,92.0,0.0,0.0
2020-01-03,23,0,reserve,system,342.94822,0.0,0.0,342.495787,0.0,0.382586
2020-01-03,23,0,regulation_up,system,48.0,0.0,0.0,64.0,0.0,0.382586
2020-01-03,23,0,regulation_down,system,52.0,0.0,0.0,69.0,0.0,0.0
2020-01-03,23,0,spinning_reserve,area 2,35.235,0.0,0.0,34.52,0.0,0.382586
2020-01-03,23,0,spinning_reserve,area 1,27.201,0.0,0.0,29.022,0.0,0.382586
2020-01-03,23,0,spinning_reserve,area 3,40.449,0.0,0.0,39.207,0.0,0.382586
2020-01-03,23,0,flexible_ramp_up,system,,,,93.0,0.0,0.382586
2020-01-03,23,0,flexible_ramp_down,system,,,,91.0,0.0,0.0
2020-01-04,0,0,reserve,system,325.019003,0.0,0.0,327.242737,0.0,0.382586
2020-01-04,0,0,regulation_up,system,40.0,0.0,0.0,53.0,0.0,0.382586
2020-01-04,0,0,regulation_down,system,42.0,0.0,0.0,57.0,0.0,0.0
2020-01-04,0,0,spinning_reserve,area 2,33.675,0.0,0.0,33.296,0.0,0.382586
2020-01-04,0,0,spinning_reserve,area 1,26.325,0.0,0.0,28.429,0.0,0.382586
2020-01-04,0,0,spinning_reserve,area 3,37.506,0.0,0.0,36.448,0.0,0.382586
2020-01-04,0,0,flexible_ramp_up,system,,,,69.0,0.0,0.382586
2020-01-04,0,0,flexible_ramp_down,system,,,,69.0,0.0,0.0
2020-01-04,1,0,reserve,system,314.610263,0.0,0.0,319.554818,0.0,-0.0
2020-01-04,1,0,regulation_up,system,35.0,0.0,0.0,43.0,0.0,-0.0
2020-01-04,1,0,regulation_down,system,36.0,0.0,0.0,46.0,0.0,0.0
2020-01-04,1,0,spinning_reserve,area 2,32.817,0.0,0.0,32.798,0.0,-0.0
2020-01-04,1,0,spinning_reserve,area 1,25.878,0.0,0.0,28.028,0.0,0.0
2020-01-04,1,0,spinning_reserve,area 3,35.691,0.0,0.0,35.041,0.0,-0.0
2020-01-04,1,0,flexible_ramp_up,system,,,,45.0,0.0,-0.0
2020-01-04,1,0,flexible_ramp_down,system,,,,48.0,0.0,0.0
2020-01-04,2,0,reserve,system,310.339548,0.0,0.0,315.880343,0.0,0.0
2020-01-04,2,0,regulation_up,system,33.0,0.0,0.0,37.0,0.0,-0.0
2020-01-04,2,0,regulation_down,system,34.0,0.0,0.0,38.0,0.0,0.0
2020-01-04,2,0,spinning_reserve,area 2,32.79,0.0,0.0,32.609,0.0,-0.0
2020-01-04,2,0,spinning_reserve,area 1,25.887,0.0,0.0,28.25,0.0,-0.0
2020-01-04,2,0,spinning_reserve,area 3,34.425,0.0,0.0,33.905,0.0,-0.0
2020-01-04,2,0,flexible_ramp_up,system,,,,28.0,0.0,-0.0
2020-01-04,2,0,flexible_ramp_down,system,,,,32.0,0.0,0.0
2020-01-04,3,0,reserve,system,306.551602,0.0,0.0,314.366321,0.0,-0.0
2020-01-04,3,0,regulation_up,system,35.0,0.0,0.0,39.0,0.0,0.0
2020-01-04,3,0,regulation_down,system,37.0,0.0,0.0,42.0,0.0,0.0
2020-01-04,3,0,spinning_reserve,area 2,32.454,0.0,0.0,32.488,0.0,-0.0
2020-01-04,3,0,spinning_reserve,area 1,26.082,0.0,0.0,28.62,0.0,0.0
2020-01-04,3,0,spinning_reserve,area 3,33.432,0.0,0.0,33.202,0.0,0.0
2020-01-04,3,0,flexible_ramp_up,system,,,,36.0,0.0,-0.0
2020-01-04,3,0,flexible_ramp_down,system,,,,40.0,0.0,0.0
2020-01-04,4,0,reserve,system,307.69373,0.0,0.0,319.649196,0.0,-0.0
2020-01-04,4,0,regulation_up,system,37.0,0.0,0.0,45.0,0.0,-0.0
2020-01-04,4,0,regulation_down,system,39.0,0.0,0.0,49.0,0.0,0.0
2020-01-04,4,0,spinning_reserve,area 2,32.574,0.0,0.0,32.851,0.0,0.0
2020-01-04,4,0,spinning_reserve,area 1,26.907,0.0,0.0,29.963,0.0,-0.0
2020-01-04,4,0,spinning_reserve,area 3,32.826,0.0,0.0,33.08,0.0,-0.0
2020-01-04,4,0,flexible_ramp_up,system,,,,51.0,0.0,-0.0
2020-01-04,4,0,flexible_ramp_down,system,,,,54.0,0.0,0.0
2020-01-04,5,0,reserve,system,315.408258,0.0,0.0,331.021955,0.0,-0.0
2020-01-04,5,0,regulation_up,system,38.0,0.0,0.0,45.0,0.0,0.0
2020-01-04,5,0,regulation_down,system,39.0,0.0,0.0,48.0,0.0,0.0
2020-01-04,5,0,spinning_reserve,area 2,33.153,0.0,0.0,33.605,0.0,-0.0
2020-01-04,5,0,spinning_reserve,area 1,28.59,0.0,0.0,31.877,0.0,-0.0
2020-01-04,5,0,spinning_reserve,area 3,32.88,0.0,0.0,33.824,0.0,-0.0
2020-01-04,5,0,flexible_ramp_up,system,,,,48.0,0.0,-0.0
2020-01-04,5,0,flexible_ramp_down,system,,,,51.0,0.0,0.0
2020-01-04,6,0,reserve,system,328.963624,0.0,0.0,343.320588,0.0,9.647347
2020-01-04,6,0,regulation_up,system,39.0,0.0,0.0,41.0,0.0,9.647347
2020-01-04,6,0,regulation_down,system,40.0,0.0,0.0,43.0,0.0,0.0
2020-01-04,6,0,spinning_reserve,area 2,34.2,0.0,0.0,34.466,0.0,9.647347
2020-01-04,6,0,spinning_reserve,area 1,30.333,0.0,0.0,33.57,0.0,9.647347
2020-01-04,6,0,spinning_reserve,area 3,34.158,0.0,0.0,34.96,0.0,9.647347
2020-01-04,6,0,flexible_ramp_up,system,,,,34.0,0.0,9.647347
2020-01-04,6,0,flexible_ramp_down,system,,,,38.0,0.0,0.0
2020-01-04,7,0,reserve,system,332.729896,41.298856,50.0,345.728695,0.0,-0.0
2020-01-04,7,0,regulation_up,system,45.0,0.0,50.0,49.0,0.0,0.0
2020-01-04,7,0,regulation_down,system,46.0,0.0,0.0,51.0,0.0,0.0
2020-01-04,7,0,spinning_reserve,area 2,33.945,0.0,50.0,33.807,0.0,-0.0
2020-01-04,7,0,spinning_reserve,area 1,31.248,0.0,50.0,34.289,0.0,0.0
2020-01-04,7,0,spinning_reserve,area 3,34.629,0.0,50.0,35.623,0.0,0.0
2020-01-04,7,0,flexible_ramp_up,system,,,,44.0,0.0,0.0
2020-01-04,7,0,flexible_ramp_down,system,,,,50.0,0.0,0.0
2020-01-04,8,0,reserve,system,337.78762,0.0,0.0,354.680966,0.0,0.0
2020-01-04,8,0,regulation_up,system,69.0,0.0,0.0,49.0,0.0,0.0
2020-01-04,8,0,regulation_down,system,51.0,0.0,0.0,52.0,0.0,0.0
2020-01-04,8,0,spinning_reserve,area 2,33.663,0.0,0.0,34.143,0.0,0.0
2020-01-04,8,0,spinning_reserve,area 1,31.5,0.0,0.0,34.109,0.0,0.0
2020-01-04,8,0,spinning_reserve,area 3,36.174,0.0,0.0,38.152,0.0,0.0
2020-01-04,8,0,flexible_ramp_up,system,,,,38.0,0.0,0.0
2020-01-04,8,0,flexible_ramp_down,system,,,,53.0,0.0,0.0
2020-01-04,9,0,reserve,system,349.68678,0.0,0.0,362.294313,0.0,0.0
2020-01-04,9,0,regulation_up,system,49.0,0.0,0.0,48.0,0.0,0.0
2020-01-04,9,0,regulation_down,system,51.0,0.0,0.0,51.0,0.0,0.0
2020-01-04,9,0,spinning_reserve,area 2,34.335,0.0,0.0,34.292,0.0,0.0
2020-01-04,9,0,spinning_reserve,area 1,31.131,0.0,0.0,33.675,0.0,0.0
2020-01-04,9,0,spinning_reserve,area 3,39.441,0.0,0.0,40.721,0.0,0.0
2020-01-04,9,0,flexible_ramp_up,system,,,,34.0,0.0,-0.0
2020-01-04,9,0,flexible_ramp_down,system,,,,50.0,0.0,0.0
2020-01-04,10,0,reserve,system,354.49433,0.0,0.0,364.835558,0.0,0.0
2020-01-04,10,0,regulation_up,system,64.0,0.0,0.0,48.0,0.0,0.0
2020-01-04,10,0,regulation_down,system,68.0,0.0,0.0,51.0,0.0,0.0
2020-01-04,10,0,spinning_reserve,area 2,34.134,0.0,0.0,33.942,0.0,0.0
2020-01-04,10,0,spinning_reserve,area 1,30.771,0.0,0.0,33.178,0.0,0.0
2020-01-04,10,0,spinning_reserve,area 3,41.445,0.0,0.0,42.331,0.0,0.0
2020-01-04,10,0,flexible_ramp_up,system,,,,33.0,0.0,0.0
2020-01-04,10,0,flexible_ramp_down,system,,,,49.0,0.0,0.0
2020-01-04,11,0,reserve,system,353.97364,0.0,0.0,362.366164,0.0,0.0
2020-01-04,11,0,regulation_up,system,70.0,0.0,0.0,60.0,0.0,0.0
2020-01-04,11,0,regulation_down,system,74.0,0.0,0.501247,58.0,0.0,0.0
2020-01-04,11,0,spinning_reserve,area 2,33.339,0.0,0.0,33.188,0.0,0.0
2020-01-04,11,0,spinning_reserve,area 1,30.195,0.0,0.0,32.501,0.0,0.0
2020-01-04,11,0,spinning_reserve,area 3,42.657,0.0,0.0,43.02,0.0,8.992462
2020-01-04,11,0,flexible_ramp_up,system,,,,60.0,0.0,0.0
2020-01-04,11,0,flexible_ramp_down,system,,,,55.0,0.0,0.0
2020-01-04,12,0,reserve,system,351.972857,0.0,0.0,361.176246,0.0,0.0
2020-01-04,12,0,regulation_up,system,71.0,0.0,0.0,68.0,0.0,0.0
2020-01-04,12,0,regulation_down,system,73.0,0.0,18.573789,67.0,0.0,18.861019
2020-01-04,12,0,spinning_reserve,area 2,33.3,0.0,0.0,33.538,0.0,0.0
2020-01-04,12,0,spinning_reserve,area 1,29.514,0.0,0.0,31.835,0.0,0.0
2020-01-04,12,0,spinning_reserve,area 3,42.777,0.0,0.0,42.98,0.0,0.0
2020-01-04,12,0,flexible_ramp_up,system,,,,82.0,0.0,0.0
2020-01-04,12,0,flexible_ramp_down,system,,,,75.0,0.0,18.072542
2020-01-04,13,0,reserve,system,348.752054,0.0,0.0,355.319423,0.0,-0.0
2020-01-04,13,0,regulation_up,system,71.0,0.0,0.0,72.0,0.0,0.0
2020-01-04,13,0,regulation_down,system,73.0,0.0,18.573789,73.0,0.0,0.0
2020-01-04,13,0,spinning_reserve,area 2,33.312,0.0,0.0,33.174,0.0,0.0
2020-01-04,13,0,spinning_reserve,area 1,28.911,0.0,0.0,31.158,0.0,-0.0
2020-01-04,13,0,spinning_reserve,area 3,42.399,0.0,0.0,42.263,0.0,0.0
2020-01-04,13,0,flexible_ramp_up,system,,,,95.0,0.0,0.0
2020-01-04,13,0,flexible_ramp_down,system,,,,87.0,0.0,0.0
2020-01-04,14,0,reserve,system,343.56102,0.0,0.0,351.914075,0.0,-0.0
2020-01-04,14,0,regulation_up,system,70.0,0.0,0.0,71.0,0.0,-0.0
2020-01-04,14,0,regulation_down,system,71.0,0.0,18.573789,71.0,0.0,-0.0
2020-01-04,14,0,spinning_reserve,area 2,33.018,0.0,0.0,33.0,0.0,0.0
2020-01-04,14,0,spinning_reserve,area 1,28.485,0.0,0.0,31.042,0.0,0.0
2020-01-04,14,0,spinning_reserve,area 3,41.568,0.0,0.0,41.533,0.0,0.0
2020-01-04,14,0,flexible_ramp_up,system,,,,98.0,0.0,-0.0
2020-01-04,14,0,flexible_ramp_down,system,,,,93.0,0.0,0.0
2020-01-04,15,0,reserve,system,340.296459,0.0,0.0,349.058061,0.0,-0.0
2020-01-04,15,0,regulation_up,system,70.0,0.0,0.0,71.0,0.0,0.0
2020-01-04,15,0,regulation_down,system,72.0,0.0,0.110228,71.0,0.0,0.0
2020-01-04,15,0,spinning_reserve,area 2,32.481,0.0,0.0,32.488,0.0,0.0
2020-01-04,15,0,spinning_reserve,area 1,28.62,0.0,0.0,31.359,0.0,-0.0
2020-01-04,15,0,spinning_reserve,area 3,40.989,0.0,0.0,40.87,0.0,0.0
2020-01-04,15,0,flexible_ramp_up,system,,,,101.0,0.0,-0.0
2020-01-04,15,0,flexible_ramp_down,system,,,,92.0,0.0,0.0
2020-01-04,16,0,reserve,system,341.587386,0.0,0.0,364.259551,0.0,1.342406
2020-01-04,16,0,regulation_up,system,71.0,0.0,0.0,63.0,0.0,1.342406
2020-01-04,16,0,regulation_down,system,68.0,0.0,0.0,67.0,0.0,0.0
2020-01-04,16,0,spinning_reserve,area 2,32.856,0.0,0.0,34.493,0.0,1.342406
2020-01-04,16,0,spinning_reserve,area 1,29.505,0.0,0.0,33.4,0.0,1.342406
2020-01-04,16,0,spinning_reserve,area 3,40.113,0.0,0.0,41.384,0.0,1.342406
2020-01-04,16,0,flexible_ramp_up,system,,,,88.0,0.0,1.342406
2020-01-04,16,0,flexible_ramp_down,system,,,,84.0,0.0,0.0
2020-01-04,17,0,reserve,system,380.272028,0.0,0.0,407.19287,0.0,49.596769
2020-01-04,17,0,regulation_up,system,68.0,0.0,0.0,68.0,0.0,49.596769
2020-01-04,17,0,regulation_down,system,68.0,0.0,0.0,73.0,0.0,0.0
2020-01-04,17,0,spinning_reserve,area 2,37.452,0.0,0.0,39.661,0.0,49.596769
2020-01-04,17,0,spinning_reserve,area 1,32.199,0.0,0.0,36.203,0.0,49.596769
2020-01-04,17,0,spinning_reserve,area 3,44.43,0.0,0.0,46.293,0.0,49.596769
2020-01-04,17,0,flexible_ramp_up,system,,,,93.0,0.0,49.596769
2020-01-04,17,0,flexible_ramp_down,system,,,,90.0,0.0,0.0
2020-01-04,18,0,reserve,system,404.299578,0.0,1.12487,409.332206,0.0,1.871356
2020-01-04,18,0,regulation_up,system,69.0,0.0,1.12487,69.0,0.0,1.871356
2020-01-04,18,0,regulation_down,system,71.0,0.0,0.0,71.0,0.0,0.0
2020-01-04,18,0,spinning_reserve,area 2,40.782,0.0,1.12487,39.715,0.0,1.871356
2020-01-04,18,0,spinning_reserve,area 1,33.738,0.0,1.12487,35.452,0.0,1.871356
2020-01-04,18,0,spinning_reserve,area 3,46.77,0.0,1.12487,47.632,0.0,5.357999
2020-01-04,18,0,flexible_ramp_up,system,,,,92.0,0.0,1.871356
2020-01-04,18,0,flexible_ramp_down,system,,,,93.0,0.0,0.0
2020-01-04,19,0,reserve,system,393.27387,0.0,1.562193,400.851161,0.0,1.871356
2020-01-04,19,0,regulation_up,system,68.0,0.0,1.562193,64.0,0.0,1.871356
2020-01-04,19,0,regulation_down,system,69.0,0.0,0.0,64.0,0.0,0.0
2020-01-04,19,0,spinning_reserve,area 2,39.117,0.0,1.562193,39.123,0.0,1.871356
2020-01-04,19,0,spinning_reserve,area 1,31.947,0.0,1.562193,34.596,0.0,1.871356
2020-01-04,19,0,spinning_reserve,area 3,46.92,0.0,1.562193,46.537,0.0,6.470516
2020-01-04,19,0,flexible_ramp_up,system,,,,88.0,0.0,1.871356
2020-01-04,19,0,flexible_ramp_down,system,,,,79.0,0.0,0.0
2020-01-04,20,0,reserve,system,384.798017,0.0,2.03184,389.337809,0.0,1.627667
2020-01-04,20,0,regulation_up,system,55.0,0.0,2.03184,54.0,0.0,1.627667
2020-01-04,20,0,regulation_down,system,54.0,0.0,0.0,53.0,0.0,0.0
2020-01-04,20,0,spinning_reserve,area 2,38.607,0.0,2.03184,38.235,0.0,1.627667
2020-01-04,20,0,spinning_reserve,area 1,31.353,0.0,2.03184,33.369,0.0,1.627667
2020-01-04,20,0,spinning_reserve,area 3,45.48,0.0,2.03184,45.198,0.0,7.315777
2020-01-04,20,0,flexible_ramp_up,system,,,,61.0,0.0,1.627667
2020-01-04,20,0,flexible_ramp_down,system,,,,46.0,0.0,0.0
2020-01-04,21,0,reserve,system,371.681828,0.0,1.930027,373.536889,0.0,1.730105
2020-01-04,21,0,regulation_up,system,52.0,0.0,1.930027,52.0,0.0,1.730105
2020-01-04,21,0,regulation_down,system,51.0,0.0,0.0,50.0,0.0,0.0
2020-01-04,21,0,spinning_reserve,area 2,37.692,0.0,1.930027,37.118,0.0,1.730105
2020-01-04,21,0,spinning_reserve,area 1,29.865,0.0,1.930027,31.666,0.0,1.730105
2020-01-04,21,0,spinning_reserve,area 3,43.947,0.0,1.930027,43.277,0.0,7.418216
2020-01-04,21,0,flexible_ramp_up,system,,,,56.0,0.0,1.730105
2020-01-04,21,0,flexible_ramp_down,system,,,,41.0,0.0,0.0
2020-01-04,22,0,reserve,system,353.895441,0.0,1.930027,354.157616,0.0,1.878065
2020-01-04,22,0,regulation_up,system,56.0,0.0,1.930027,50.0,0.0,1.878065
2020-01-04,22,0,regulation_down,system,55.0,0.0,0.0,49.0,0.0,0.0
2020-01-04,22,0,spinning_reserve,area 2,36.456,0.0,1.930027,35.732,0.0,1.878065
2020-01-04,22,0,spinning_reserve,area 1,27.996,0.0,1.930027,29.889,0.0,1.878065
2020-01-04,22,0,spinning_reserve,area 3,41.715,0.0,1.930027,40.627,0.0,7.166128
2020-01-04,22,0,flexible_ramp_up,system,,,,56.0,0.0,1.878065
2020-01-04,22,0,flexible_ramp_down,system,,,,41.0,0.0,0.0
2020-01-04,23,0,reserve,system,336.498999,0.0,1.930027,338.019868,0.0,1.930027
2020-01-04,23,0,regulation_up,system,57.0,0.0,1.930027,49.0,0.0,1.930027
2020-01-04,23,0,regulation_down,system,56.0,0.0,0.0,47.0,0.0,0.0
2020-01-04,23,0,spinning_reserve,area 2,34.737,0.0,1.930027,34.251,0.0,1.930027
2020-01-04,23,0,spinning_reserve,area 1,26.985,0.0,1.930027,28.895,0.0,1.930027
2020-01-04,23,0,spinning_reserve,area 3,39.228,0.0,1.930027,38.26,0.0,6.506184
2020-01-04,23,0,flexible_ramp_up,system,,,,56.0,0.0,1.930027
2020-01-04,23,0,flexible_ramp_down,system,,,,41.0,0.0,0.0
2020-01-05,0,0,reserve,system,322.678132,0.0,1.930027,325.531211,0.0,-0.0
2020-01-05,0,0,regulation_up,system,56.0,0.0,1.930027,48.0,0.0,-0.0
2020-01-05,0,0,regulation_down,system,55.0,0.0,0.0,47.0,0.0,0.0
2020-01-05,0,0,spinning_reserve,area 2,33.528,0.0,1.930027,33.201,0.0,-0.0
2020-01-05,0,0,spinning_reserve,area 1,26.226,0.0,1.930027,28.429,0.0,0.0
2020-01-05,0,0,spinning_reserve,area 3,37.047,0.0,1.930027,36.028,0.0,-0.0
2020-01-05,0,0,flexible_ramp_up,system,,,,56.0,0.0,0.0
2020-01-05,0,0,flexible_ramp_down,system,,,,41.0,0.0,0.0
2020-01-05,1,0,reserve,system,312.982439,0.0,0.0,318.629604,0.0,-0.0
2020-01-05,1,0,regulation_up,system,55.0,0.0,0.0,48.0,0.0,0.0
2020-01-05,1,0,regulation_down,system,54.0,0.0,0.0,46.0,0.0,0.0
2020-01-05,1,0,spinning_reserve,area 2,32.763,0.0,0.0,32.65,0.0,0.0
2020-01-05,1,0,spinning_reserve,area 1,25.992,0.0,0.0,28.25,0.0,-0.0
2020-01-05,1,0,spinning_reserve,area 3,35.139,0.0,0.0,34.69,0.0,0.0
2020-01-05,1,0,flexible_ramp_up,system,,,,56.0,0.0,-0.0
2020-01-05,1,0,flexible_ramp_down,system,,,,41.0,0.0,0.0
2020-01-05,2,0,reserve,system,308.105873,0.0,0.0,315.344094,0.0,0.0
2020-01-05,2,0,regulation_up,system,55.0,0.0,0.0,48.0,0.0,0.0
2020-01-05,2,0,regulation_down,system,54.0,0.0,0.0,46.0,0.0,0.0
2020-01-05,2,0,spinning_reserve,area 2,32.28,0.0,0.0,32.179,0.0,0.0
2020-01-05,2,0,spinning_reserve,area 1,26.022,0.0,0.0,28.398,0.0,0.0
2020-01-05,2,0,spinning_reserve,area 3,34.131,0.0,0.0,34.027,0.0,0.0
2020-01-05,2,0,flexible_ramp_up,system,,,,56.0,0.0,0.0
2020-01-05,2,0,flexible_ramp_down,system,,,,41.0,0.0,0.0
2020-01-05,3,0,reserve,system,306.681736,0.0,0.0,315.554881,0.0,0.0
2020-01-05,3,0,regulation_up,system,54.0,0.0,0.0,48.0,0.0,0.0
2020-01-05,3,0,regulation_down,system,53.0,0.0,0.0,46.0,0.0,0.0
2020-01-05,3,0,spinning_reserve,area 2,32.079,0.0,0.0,32.152,0.0,0.0
2020-01-05,3,0,spinning_reserve,area 1,26.403,0.0,0.0,28.948,0.0,0.0
2020-01-05,3,0,spinning_reserve,area 3,33.525,0.0,0.0,33.567,0.0,0.0
2020-01-05,3,0,flexible_ramp_up,system,,,,56.0,0.0,-0.0
2020-01-05,3,0,flexible_ramp_down,system,,,,41.0,0.0,0.0
2020-01-05,4,0,reserve,system,308.686794,0.0,0.0,319.402014,0.0,0.0
2020-01-05,4,0,regulation_up,system,49.0,0.0,0.0,48.0,0.0,0.0
2020-01-05,4,0,regulation_down,system,48.0,0.0,0.0,46.0,0.0,0.0
2020-01-05,4,0,spinning_reserve,area 2,32.253,0.0,0.0,32.38,0.0,0.0
2020-01-05,4,0,spinning_reserve,area 1,27.045,0.0,0.0,29.995,0.0,0.0
2020-01-05,4,0,spinning_reserve,area 3,33.309,0.0,0.0,33.445,0.0,0.0
2020-01-05,4,0,flexible_ramp_up,system,,,,56.0,0.0,0.0
2020-01-05,4,0,flexible_ramp_down,system,,,,41.0,0.0,-0.0
2020-01-05,5,0,reserve,system,314.037957,0.0,0.0,327.667507,0.0,-0.0
2020-01-05,5,0,regulation_up,system,48.0,0.0,0.0,49.0,0.0,0.0
2020-01-05,5,0,regulation_down,system,47.0,0.0,0.0,47.0,0.0,0.0
2020-01-05,5,0,spinning_reserve,area 2,32.574,0.0,0.0,32.932,0.0,-0.0
2020-01-05,5,0,spinning_reserve,area 1,28.542,0.0,0.0,31.909,0.0,-0.0
2020-01-05,5,0,spinning_reserve,area 3,33.096,0.0,0.0,33.459,0.0,0.0
2020-01-05,5,0,flexible_ramp_up,system,,,,56.0,0.0,0.0
2020-01-05,5,0,flexible_ramp_down,system,,,,41.0,0.0,0.0
2020-01-05,6,0,reserve,system,324.566505,0.0,0.0,337.669325,0.0,2.03184
2020-01-05,6,0,regulation_up,system,49.0,0.0,0.0,49.0,0.0,2.03184
2020-01-05,6,0,regulation_down,system,47.0,0.0,0.0,47.0,0.0,0.0
2020-01-05,6,0,spinning_reserve,area 2,33.273,0.0,0.0,33.511,0.0,2.03184
2020-01-05,6,0,spinning_reserve,area 1,30.303,0.0,0.0,33.749,0.0,2.03184
2020-01-05,6,0,spinning_reserve,area 3,33.795,0.0,0.0,34.04,0.0,2.03184
2020-01-05,6,0,flexible_ramp_up,system,,,,56.0,0.0,2.03184
2020-01-05,6,0,flexible_ramp_down,system,,,,41.0,0.0,0.0
2020-01-05,7,0,reserve,system,325.275193,0.0,0.0,337.110205,0.0,-0.0
2020-01-05,7,0,regulation_up,system,74.0,0.0,0.0,55.0,0.0,-0.0
2020-01-05,7,0,regulation_down,system,54.0,0.0,0.0,53.0,0.0,0.0
2020-01-05,7,0,spinning_reserve,area 2,32.736,0.0,0.0,32.851,0.0,0.0
2020-01-05,7,0,spinning_reserve,area 1,31.578,0.0,0.0,34.363,0.0,0.0
2020-01-05,7,0,spinning_reserve,area 3,33.27,0.0,0.0,33.919,0.0,0.0
2020-01-05,7,0,flexible_ramp_up,system,,,,60.0,0.0,0.0
2020-01-05,7,0,flexible_ramp_down,system,,,,50.0,0.0,0.0
2020-01-05,8,0,reserve,system,326.957724,0.0,0.0,341.732054,0.0,0.0
2020-01-05,8,0,regulation_up,system,74.0,0.0,0.0,59.0,0.0,0.0
2020-01-05,8,0,regulation_down,system,55.0,0.0,18.573789,59.0,0.0,18.861019
2020-01-05,8,0,spinning_reserve,area 2,32.697,0.0,0.0,33.282,0.0,0.0
2020-01-05,8,0,spinning_reserve,area 1,31.383,0.0,0.0,33.845,0.0,-0.0
2020-01-05,8,0,spinning_reserve,area 3,34.008,0.0,0.0,35.393,0.0,0.0
2020-01-05,8,0,flexible_ramp_up,system,,,,68.0,0.0,0.0
2020-01-05,8,0,flexible_ramp_down,system,,,,65.0,0.0,18.072542
2020-01-05,9,0,reserve,system,334.14405,0.0,0.0,345.982802,0.0,0.0
2020-01-05,9,0,regulation_up,system,55.0,0.0,0.0,56.0,0.0,0.0
2020-01-05,9,0,regulation_down,system,53.0,0.0,18.573789,56.0,0.0,18.861019
2020-01-05,9,0,spinning_reserve,area 2,33.489,0.0,0.0,33.646,0.0,0.0
2020-01-05,9,0,spinning_reserve,area 1,30.876,0.0,0.0,33.242,0.0,-0.0
2020-01-05,9,0,spinning_reserve,area 3,35.877,0.0,0.0,36.908,0.0,0.0
2020-01-05,9,0,flexible_ramp_up,system,,,,59.0,0.0,0.0
2020-01-05,9,0,flexible_ramp_down,system,,,,56.0,0.0,18.072542
2020-01-05,10,0,reserve,system,336.465237,0.0,0.0,346.681029,0.0,0.0
2020-01-05,10,0,regulation_up,system,58.0,0.0,0.0,62.0,0.0,0.0
2020-01-05,10,0,regulation_down,system,57.0,0.0,18.861019,62.0,0.0,18.861019
2020-01-05,10,0,spinning_reserve,area 2,33.543,0.0,0.0,33.646,0.0,-0.0
2020-01-05,10,0,spinning_reserve,area 1,30.039,0.0,0.0,32.248,0.0,0.0
2020-01-05,10,0,spinning_reserve,area 3,37.359,0.0,0.0,38.111,0.0,0.0
2020-01-05,10,0,flexible_ramp_up,system,,,,76.0,0.0,-0.0
2020-01-05,10,0,flexible_ramp_down,system,,,,73.0,0.0,18.463561
2020-01-05,11,0,reserve,system,336.613312,0.0,0.0,346.102002,0.0,0.0
2020-01-05,11,0,regulation_up,system,59.0,0.0,0.0,74.0,0.0,0.0
2020-01-05,11,0,regulation_down,system,58.0,0.0,18.861019,72.0,0.0,18.861019
2020-01-05,11,0,spinning_reserve,area 2,33.474,0.0,0.0,33.43,0.0,-0.0
2020-01-05,11,0,spinning_reserve,area 1,29.292,0.0,0.0,31.613,0.0,0.0
2020-01-05,11,0,spinning_reserve,area 3,38.217,0.0,0.0,38.787,0.0,17.298715
2020-01-05,11,0,flexible_ramp_up,system,,,,100.0,0.0,0.0
2020-01-05,11,0,flexible_ramp_down,system,,,,94.0,0.0,18.573789
2020-01-05,12,0,reserve,system,337.074112,0.0,0.0,344.289313,0.0,0.0
2020-01-05,12,0,regulation_up,system,59.0,0.0,0.0,74.0,0.0,0.0
2020-01-05,12,0,regulation_down,system,58.0,0.0,18.861019,72.0,0.0,18.861019
2020-01-05,12,0,spinning_reserve,area 2,33.435,0.0,0.0,33.269,0.0,0.0
2020-01-05,12,0,spinning_reserve,area 1,28.824,0.0,0.0,30.947,0.0,-0.0
2020-01-05,12,0,spinning_reserve,area 3,38.865,0.0,0.0,39.071,0.0,73.684338
2020-01-05,12,0,flexible_ramp_up,system,,,,99.0,0.0,0.0
2020-01-05,12,0,flexible_ramp_down,system,,,,94.0,0.0,18.573789
2020-01-05,13,0,reserve,system,334.043183,0.0,0.0,342.58095,0.0,0.0
2020-01-05,13,0,regulation_up,system,58.0,0.0,0.0,74.0,0.0,0.0
2020-01-05,13,0,regulation_down,system,58.0,0.0,18.861019,73.0,0.0,0.0
2020-01-05,13,0,spinning_reserve,area 2,33.165,0.0,0.0,33.053,0.0,0.0
2020-01-05,13,0,spinning_reserve,area 1,28.143,0.0,0.0,30.46,0.0,0.0
2020-01-05,13,0,spinning_reserve,area 3,38.904,0.0,0.0,39.261,0.0,24.575911
2020-01-05,13,0,flexible_ramp_up,system,,,,97.0,0.0,0.0
2020-01-05,13,0,flexible_ramp_down,system,,,,94.0,0.0,0.0
2020-01-05,14,0,reserve,system,332.014955,0.0,0.0,341.808932,0.0,0.0
2020-01-05,14,0,regulation_up,system,58.0,0.0,0.0,70.0,0.0,0.0
2020-01-05,14,0,regulation_down,system,58.0,0.0,18.861019,70.0,0.0,0.0
2020-01-05,14,0,spinning_reserve,area 2,32.547,0.0,0.0,32.798,0.0,0.0
2020-01-05,14,0,spinning_reserve,area 1,27.978,0.0,0.0,30.471,0.0,-0.0
2020-01-05,14,0,spinning_reserve,area 3,39.078,0.0,0.0,39.274,0.0,15.81476
2020-01-05,14,0,flexible_ramp_up,system,,,,98.0,0.0,0.0
2020-01-05,14,0,flexible_ramp_down,system,,,,93.0,0.0,0.0
2020-01-05,15,0,reserve,system,332.07606,0.0,0.0,341.302848,0.0,0.015545
2020-01-05,15,0,regulation_up,system,62.0,0.0,0.0,70.0,0.0,0.015545
2020-01-05,15,0,regulation_down,system,55.0,0.0,18.573789,71.0,0.0,0.0
2020-01-05,15,0,spinning_reserve,area 2,32.79,0.0,0.0,32.784,0.0,0.015545
2020-01-05,15,0,spinning_reserve,area 1,27.93,0.0,0.0,30.725,0.0,0.015545
2020-01-05,15,0,spinning_reserve,area 3,38.904,0.0,0.0,38.882,0.0,0.015545
2020-01-05,15,0,flexible_ramp_up,system,,,,101.0,0.0,-0.0
2020-01-05,15,0,flexible_ramp_down,system,,,,92.0,0.0,0.0
2020-01-05,16,0,reserve,system,334.680407,0.0,0.0,358.397015,0.0,-0.0
2020-01-05,16,0,regulation_up,system,61.0,0.0,0.0,65.0,0.0,-0.0
2020-01-05,16,0,regulation_down,system,55.0,0.0,18.573789,70.0,0.0,0.0
2020-01-05,16,0,spinning_reserve,area 2,32.871,0.0,0.0,34.655,0.0,-0.0
2020-01-05,16,0,spinning_reserve,area 1,29.262,0.0,0.0,33.157,0.0,0.0
2020-01-05,16,0,spinning_reserve,area 3,38.271,0.0,0.0,39.707,0.0,-0.0
2020-01-05,16,0,flexible_ramp_up,system,,,,93.0,0.0,0.0
2020-01-05,16,0,flexible_ramp_down,system,,,,89.0,0.0,0.0
2020-01-05,17,0,reserve,system,373.589159,0.0,0.0,403.542604,0.0,41.882684
2020-01-05,17,0,regulation_up,system,52.0,0.0,0.0,53.0,0.0,41.882684
2020-01-05,17,0,regulation_down,system,51.0,0.0,0.0,57.0,0.0,0.0
2020-01-05,17,0,spinning_reserve,area 2,37.209,0.0,0.0,39.406,0.0,41.882684
2020-01-05,17,0,spinning_reserve,area 1,32.238,0.0,0.0,36.595,0.0,41.882684
2020-01-05,17,0,spinning_reserve,area 3,42.63,0.0,0.0,45.063,0.0,41.882684
2020-01-05,17,0,flexible_ramp_up,system,,,,56.0,0.0,41.804988
2020-01-05,17,0,flexible_ramp_down,system,,,,58.0,0.0,0.0
2020-01-05,18,0,reserve,system,404.143592,0.0,0.0,411.240431,0.0,48.430462
2020-01-05,18,0,regulation_up,system,57.0,0.0,0.0,54.0,0.0,48.430462
2020-01-05,18,0,regulation_down,system,55.0,0.0,0.0,58.0,0.0,0.0
2020-01-05,18,0,spinning_reserve,area 2,40.407,0.0,0.0,39.971,0.0,48.430462
2020-01-05,18,0,spinning_reserve,area 1,34.563,0.0,0.0,36.499,0.0,48.430462
2020-01-05,18,0,spinning_reserve,area 3,46.272,0.0,0.0,46.902,0.0,48.430462
2020-01-05,18,0,flexible_ramp_up,system,,,,58.0,0.0,48.430462
2020-01-05,18,0,flexible_ramp_down,system,,,,59.0,0.0,0.0
2020-01-05,19,0,reserve,system,397.842939,0.0,0.0,405.714147,0.0,-0.0
2020-01-05,19,0,regulation_up,system,57.0,0.0,0.0,59.0,0.0,0.0
2020-01-05,19,0,regulation_down,system,56.0,0.0,0.0,63.0,0.0,0.0
2020-01-05,19,0,spinning_reserve,area 2,39.708,0.0,0.0,39.54,0.0,0.0
2020-01-05,19,0,spinning_reserve,area 1,33.144,0.0,0.0,35.759,0.0,-0.0
2020-01-05,19,0,spinning_reserve,area 3,46.503,0.0,0.0,46.415,0.0,0.0
2020-01-05,19,0,flexible_ramp_up,system,,,,72.0,0.0,0.0
2020-01-05,19,0,flexible_ramp_down,system,,,,70.0,0.0,0.0
2020-01-05,20,0,reserve,system,388.330658,0.0,0.0,391.356788,0.0,0.0
2020-01-05,20,0,regulation_up,system,60.0,0.0,0.0,65.0,0.0,0.0
2020-01-05,20,0,regulation_down,system,59.0,0.0,0.0,69.0,0.0,0.0
2020-01-05,20,0,spinning_reserve,area 2,38.862,0.0,0.0,38.221,0.0,-0.0
2020-01-05,20,0,spinning_reserve,area 1,32.238,0.0,0.0,34.204,0.0,-0.0
2020-01-05,20,0,spinning_reserve,area 3,45.399,0.0,0.0,44.981,0.0,0.0
2020-01-05,20,0,flexible_ramp_up,system,,,,89.0,0.0,-0.0
2020-01-05,20,0,flexible_ramp_down,system,,,,85.0,0.0,0.0
2020-01-05,21,0,reserve,system,370.629235,0.0,0.0,370.791468,0.0,0.0
2020-01-05,21,0,regulation_up,system,60.0,0.0,0.0,65.0,0.0,0.0
2020-01-05,21,0,regulation_down,system,59.0,0.0,0.0,70.0,0.0,0.0
2020-01-05,21,0,spinning_reserve,area 2,37.344,0.0,0.0,36.701,0.0,0.0
2020-01-05,21,0,spinning_reserve,area 1,30.234,0.0,0.0,31.814,0.0,0.0
2020-01-05,21,0,spinning_reserve,area 3,43.611,0.0,0.0,42.723,0.0,0.0
2020-01-05,21,0,flexible_ramp_up,system,,,,91.0,0.0,0.0
2020-01-05,21,0,flexible_ramp_down,system,,,,87.0,0.0,0.0
2020-01-05,22,0,reserve,system,349.142893,0.0,0.0,346.980129,0.0,0.0
2020-01-05,22,0,regulation_up,system,56.0,0.0,0.0,65.0,0.0,0.0
2020-01-05,22,0,regulation_down,system,55.0,0.0,0.0,69.0,0.0,0.0
2020-01-05,22,0,spinning_reserve,area 2,35.703,0.0,0.0,34.803,0.0,0.0
2020-01-05,22,0,spinning_reserve,area 1,28.212,0.0,0.0,29.625,0.0,0.0
2020-01-05,22,0,spinning_reserve,area 3,40.827,0.0,0.0,39.666,0.0,0.0
2020-01-05,22,0,flexible_ramp_up,system,,,,93.0,0.0,0.0
2020-01-05,22,0,flexible_ramp_down,system,,,,91.0,0.0,0.0
2020-01-05,23,0,reserve,system,328.197743,0.0,0.0,330.21493,0.0,-0.0
2020-01-05,23,0,regulation_up,system,58.0,0.0,0.0,64.0,0.0,0.0
2020-01-05,23,0,regulation_down,system,57.0,0.0,0.0,66.0,0.0,0.0
2020-01-05,23,0,spinning_reserve,area 2,33.69,0.0,0.0,33.309,0.0,0.0
2020-01-05,23,0,spinning_reserve,area 1,26.538,0.0,0.0,28.821,0.0,0.0
2020-01-05,23,0,spinning_reserve,area 3,38.232,0.0,0.0,36.935,0.0,0.0
2020-01-05,23,0,flexible_ramp_up,system,,,,93.0,0.0,0.0
2020-01-05,23,0,flexible_ramp_down,system,,,,93.0,0.0,-0.0
2020-01-06,0,0,reserve,system,315.942922,0.0,1.342406,319.348675,0.0,1.82931
2020-01-06,0,0,regulation_up,system,64.0,0.0,1.342406,60.0,0.0,1.82931
2020-01-06,0,0,regulation_down,system,65.0,0.0,0.0,60.0,0.0,0.0
2020-01-06,0,0,spinning_reserve,area 2,32.736,0.0,1.342406,32.502,0.0,1.82931
2020-01-06,0,0,spinning_reserve,area 1,26.343,0.0,1.342406,28.546,0.0,1.82931
2020-01-06,0,0,spinning_reserve,area 3,35.703,0.0,1.342406,34.757,0.0,1.82931
2020-01-06,0,0,flexible_ramp_up,system,,,,88.0,0.0,1.82931
2020-01-06,0,0,flexible_ramp_down,system,,,,80.0,0.0,0.0
2020-01-06,1,0,reserve,system,308.49072,0.0,0.0,315.572515,0.0,1.930027
2020-01-06,1,0,regulation_up,system,64.0,0.0,0.0,59.0,0.0,1.930027
2020-01-06,1,0,regulation_down,system,65.0,0.0,0.0,58.0,0.0,-0.0
2020-01-06,1,0,spinning_reserve,area 2,32.145,0.0,0.0,32.205,0.0,1.930027
2020-01-06,1,0,spinning_reserve,area 1,26.178,0.0,0.0,28.588,0.0,1.930027
2020-01-06,1,0,spinning_reserve,area 3,34.224,0.0,0.0,33.878,0.0,1.930027
2020-01-06,1,0,flexible_ramp_up,system,,,,85.0,0.0,1.930027
2020-01-06,1,0,flexible_ramp_down,system,,,,77.0,0.0,0.0
2020-01-06,2,0,reserve,system,306.435821,0.0,0.0,313.87849,0.0,0.255136
2020-01-06,2,0,regulation_up,system,61.0,0.0,0.0,58.0,0.0,0.255136
2020-01-06,2,0,regulation_down,system,60.0,0.0,0.0,57.0,0.0,0.0
2020-01-06,2,0,spinning_reserve,area 2,32.037,0.0,0.0,31.923,0.0,0.255136
2020-01-06,2,0,spinning_reserve,area 1,26.49,0.0,0.0,29.106,0.0,0.255136
2020-01-06,2,0,spinning_reserve,area 3,33.405,0.0,0.0,33.134,0.0,0.255136
2020-01-06,2,0,flexible_ramp_up,system,,,,83.0,0.0,0.255136
2020-01-06,2,0,flexible_ramp_down,system,,,,73.0,0.0,-0.0
2020-01-06,3,0,reserve,system,306.1879,0.0,0.0,318.306184,0.0,-0.0
2020-01-06,3,0,regulation_up,system,62.0,0.0,0.0,51.0,0.0,0.0
2020-01-06,3,0,regulation_down,system,62.0,0.0,0.0,49.0,0.0,0.0
2020-01-06,3,0,spinning_reserve,area 2,32.025,0.0,0.0,32.098,0.0,0.0
2020-01-06,3,0,spinning_reserve,area 1,27.141,0.0,0.0,30.354,0.0,-0.0
2020-01-06,3,0,spinning_reserve,area 3,32.691,0.0,0.0,33.04,0.0,-0.0
2020-01-06,3,0,flexible_ramp_up,system,,,,64.0,0.0,0.0
2020-01-06,3,0,flexible_ramp_down,system,,,,50.0,0.0,0.0
2020-01-06,4,0,reserve,system,314.636028,0.0,0.0,334.038275,0.0,-0.0
2020-01-06,4,0,regulation_up,system,64.0,0.0,0.0,52.0,0.0,-0.0
2020-01-06,4,0,regulation_down,system,65.0,0.0,0.0,51.0,0.0,0.0
2020-01-06,4,0,spinning_reserve,area 2,32.292,0.0,0.0,32.717,0.0,-0.0
2020-01-06,4,0,spinning_reserve,area 1,29.34,0.0,0.0,33.887,0.0,-0.0
2020-01-06,4,0,spinning_reserve,area 3,32.757,0.0,0.0,33.608,0.0,-0.0
2020-01-06,4,0,flexible_ramp_up,system,,,,65.0,0.0,-0.0
2020-01-06,4,0,flexible_ramp_down,system,,,,51.0,0.0,0.0
2020-01-06,5,0,reserve,system,335.931689,0.0,1.562193,364.179243,0.0,2.03184
2020-01-06,5,0,regulation_up,system,65.0,0.0,1.562193,53.0,0.0,2.03184
2020-01-06,5,0,regulation_down,system,67.0,0.0,0.0,51.0,0.0,-0.0
2020-01-06,5,0,spinning_reserve,area 2,33.393,0.0,1.562193,34.615,0.0,2.03184
2020-01-06,5,0,spinning_reserve,area 1,33.942,0.0,1.562193,39.017,0.0,2.03184
2020-01-06,5,0,spinning_reserve,area 3,33.444,0.0,1.562193,35.623,0.0,2.03184
2020-01-06,5,0,flexible_ramp_up,system,,,,62.0,0.0,2.03184
2020-01-06,5,0,flexible_ramp_down,system,,,,48.0,0.0,0.0
2020-01-06,6,0,reserve,system,371.912546,0.0,1.562193,395.078089,0.0,2.483934
2020-01-06,6,0,regulation_up,system,67.0,0.0,1.562193,56.0,0.0,2.483934
2020-01-06,6,0,regulation_down,system,68.0,0.0,0.0,55.0,0.0,0.0
2020-01-06,6,0,spinning_reserve,area 2,36.417,0.0,1.562193,37.36,0.0,2.483934
2020-01-06,6,0,spinning_reserve,area 1,37.53,0.0,1.562193,41.132,0.0,2.483934
2020-01-06,6,0,spinning_reserve,area 3,37.626,0.0,1.562193,40.032,0.0,2.483934
2020-01-06,6,0,flexible_ramp_up,system,,,,66.0,0.0,2.483934
2020-01-06,6,0,flexible_ramp_down,system,,,,53.0,0.0,0.0
2020-01-06,7,0,reserve,system,384.085491,0.0,1.930027,395.302139,0.0,-0.0
2020-01-06,7,0,regulation_up,system,85.0,0.0,1.930027,60.0,0.0,0.0
2020-01-06,7,0,regulation_down,system,69.0,0.0,0.0,59.0,0.0,-0.0
2020-01-06,7,0,spinning_reserve,area 2,36.552,0.0,1.930027,36.566,0.0,-0.0
2020-01-06,7,0,spinning_reserve,area 1,37.23,0.0,1.930027,38.964,0.0,-0.0
2020-01-06,7,0,spinning_reserve,area 3,41.445,0.0,1.930027,43.061,0.0,0.0
2020-01-06,7,0,flexible_ramp_up,system,,,,66.0,0.0,0.0
2020-01-06,7,0,flexible_ramp_down,system,,,,56.0,0.0,0.0
2020-01-06,8,0,reserve,system,385.212539,0.0,0.0,396.347734,0.0,0.0
2020-01-06,8,0,regulation_up,system,79.0,0.0,0.0,59.0,0.0,0.0
2020-01-06,8,0,regulation_down,system,61.0,0.0,0.0,59.0,0.0,0.397458
2020-01-06,8,0,spinning_reserve,area 2,36.363,0.0,0.0,36.499,0.0,0.0
2020-01-06,8,0,spinning_reserve,area 1,34.623,0.0,0.0,36.626,0.0,0.0
2020-01-06,8,0,spinning_reserve,area 3,44.58,0.0,0.0,45.779,0.0,-0.0
2020-01-06,8,0,flexible_ramp_up,system,,,,58.0,0.0,0.0
2020-01-06,8,0,flexible_ramp_down,system,,,,54.0,0.0,0.0
2020-01-06,9,0,reserve,system,389.149711,0.0,0.0,399.632983,0.0,0.0
2020-01-06,9,0,regulation_up,system,59.0,0.0,0.0,59.0,0.0,0.0
2020-01-06,9,0,regulation_down,system,57.0,0.0,18.861019,59.0,0.0,18.861019
2020-01-06,9,0,spinning_reserve,area 2,36.579,0.0,0.0,36.176,0.0,0.0
2020-01-06,9,0,spinning_reserve,area 1,32.94,0.0,0.0,35.473,0.0,0.0
2020-01-06,9,0,spinning_reserve,area 3,47.229,0.0,0.0,48.241,0.0,0.0
2020-01-06,9,0,flexible_ramp_up,system,,,,58.0,0.0,0.0
2020-01-06,9,0,flexible_ramp_down,system,,,,54.0,0.0,18.072542
2020-01-06,10,0,reserve,system,391.857569,0.0,0.0,403.108068,0.0,0.0
2020-01-06,10,0,regulation_up,system,60.0,0.0,0.0,59.0,0.0,0.0
2020-01-06,10,0,regulation_down,system,58.0,0.0,18.861019,59.0,0.0,18.861019
2020-01-06,10,0,spinning_reserve,area 2,36.0,0.0,0.0,36.189,0.0,0.0
2020-01-06,10,0,spinning_reserve,area 1,32.259,0.0,0.0,34.596,0.0,0.0
2020-01-06,10,0,spinning_reserve,area 3,49.299,0.0,0.0,50.148,0.0,26.800615
2020-01-06,10,0,flexible_ramp_up,system,,,,58.0,0.0,0.0
2020-01-06,10,0,flexible_ramp_down,system,,,,54.0,0.0,18.072542
2020-01-06,11,0,reserve,system,394.113706,0.0,0.0,403.841089,0.0,0.0
2020-01-06,11,0,regulation_up,system,63.0,0.0,0.0,65.0,0.0,0.0
2020-01-06,11,0,regulation_down,system,62.0,0.0,18.861019,59.0,0.0,18.861019
2020-01-06,11,0,spinning_reserve,area 2,36.108,0.0,0.0,35.933,0.0,-0.0
2020-01-06,11,0,spinning_reserve,area 1,31.401,0.0,0.0,33.908,0.0,0.0
2020-01-06,11,0,spinning_reserve,area 3,50.724,0.0,0.0,51.311,0.0,26.800615
2020-01-06,11,0,flexible_ramp_up,system,,,,67.0,0.0,-0.0
2020-01-06,11,0,flexible_ramp_down,system,,,,47.0,0.0,18.072542
2020-01-06,12,0,reserve,system,391.72005,0.0,0.0,398.894678,0.0,0.0
2020-01-06,12,0,regulation_up,system,68.0,0.0,0.0,67.0,0.0,0.0
2020-01-06,12,0,regulation_down,system,69.0,0.0,18.861019,62.0,0.0,18.861019
2020-01-06,12,0,spinning_reserve,area 2,35.529,0.0,0.0,35.032,0.0,0.0
2020-01-06,12,0,spinning_reserve,area 1,30.927,0.0,0.0,33.231,0.0,0.0
2020-01-06,12,0,spinning_reserve,area 3,51.06,0.0,0.0,51.405,0.0,26.800615
2020-01-06,12,0,flexible_ramp_up,system,,,,74.0,0.0,0.0
2020-01-06,12,0,flexible_ramp_down,system,,,,57.0,0.0,18.072542
2020-01-06,13,0,reserve,system,386.326214,0.0,0.0,395.163566,0.0,0.0
2020-01-06,13,0,regulation_up,system,72.0,0.0,0.0,70.0,0.0,0.0
2020-01-06,13,0,regulation_down,system,73.0,0.0,18.861019,65.0,0.0,18.861019
2020-01-06,13,0,spinning_reserve,area 2,34.362,0.0,0.0,34.103,0.0,0.0
2020-01-06,13,0,spinning_reserve,area 1,30.168,0.0,0.0,32.702,0.0,-0.0
2020-01-06,13,0,spinning_reserve,area 3,51.369,0.0,0.0,51.744,0.0,98.876545
2020-01-06,13,0,flexible_ramp_up,system,,,,84.0,0.0,0.0
2020-01-06,13,0,flexible_ramp_down,system,,,,69.0,0.0,18.072542
2020-01-06,14,0,reserve,system,383.140549,0.0,0.0,395.066836,0.0,0.0
2020-01-06,14,0,regulation_up,system,72.0,0.0,0.0,68.0,0.0,0.0
2020-01-06,14,0,regulation_down,system,74.0,0.0,0.0,64.0,0.0,0.0
2020-01-06,14,0,spinning_reserve,area 2,33.636,0.0,0.0,34.399,0.0,0.0
2020-01-06,14,0,spinning_reserve,area 1,30.03,0.0,0.0,32.607,0.0,0.0
2020-01-06,14,0,spinning_reserve,area 3,51.276,0.0,0.0,51.514,0.0,-0.0
2020-01-06,14,0,flexible_ramp_up,system,,,,89.0,0.0,0.0
2020-01-06,14,0,flexible_ramp_down,system,,,,72.0,0.0,0.0
2020-01-06,15,0,reserve,system,384.020402,0.0,0.0,392.232851,0.0,1.017006
2020-01-06,15,0,regulation_up,system,77.0,0.0,0.0,67.0,0.0,1.017006
2020-01-06,15,0,regulation_down,system,73.0,0.0,0.0,63.0,0.0,0.0
2020-01-06,15,0,spinning_reserve,area 2,34.536,0.0,0.0,34.238,0.0,1.017006
2020-01-06,15,0,spinning_reserve,area 1,29.865,0.0,0.0,32.798,0.0,1.017006
2020-01-06,15,0,spinning_reserve,area 3,50.805,0.0,0.0,50.635,0.0,1.017006
2020-01-06,15,0,flexible_ramp_up,system,,,,89.0,0.0,1.017006
2020-01-06,15,0,flexible_ramp_down,system,,,,69.0,0.0,0.0
2020-01-06,16,0,reserve,system,382.956579,0.0,1.930027,404.902267,0.0,2.267638
2020-01-06,16,0,regulation_up,system,77.0,0.0,1.930027,60.0,0.0,2.267638
2020-01-06,16,0,regulation_down,system,73.0,0.0,0.0,59.0,0.0,0.0
2020-01-06,16,0,spinning_reserve,area 2,34.389,0.0,1.930027,36.068,0.0,2.267638
2020-01-06,16,0,spinning_reserve,area 1,31.053,0.0,1.930027,35.093,0.0,2.267638
2020-01-06,16,0,spinning_reserve,area 3,49.446,0.0,1.930027,50.31,0.0,2.267638
2020-01-06,16,0,flexible_ramp_up,system,,,,75.0,0.0,2.267638
2020-01-06,16,0,flexible_ramp_down,system,,,,65.0,0.0,0.0
2020-01-06,17,0,reserve,system,423.915446,0.0,50.0,453.826547,0.0,30.489699
2020-01-06,17,0,regulation_up,system,70.0,0.0,50.0,65.0,0.0,30.489699
2020-01-06,17,0,regulation_down,system,71.0,0.0,0.0,64.0,0.0,0.0
2020-01-06,17,0,spinning_reserve,area 2,39.357,0.0,50.0,42.232,0.0,30.489699
2020-01-06,17,0,spinning_reserve,area 1,34.107,0.0,50.0,38.805,0.0,30.489699
2020-01-06,17,0,spinning_reserve,area 3,53.709,0.0,50.0,55.111,0.0,30.489699
2020-01-06,17,0,flexible_ramp_up,system,,,,80.0,0.0,30.489699
2020-01-06,17,0,flexible_ramp_down,system,,,,70.0,0.0,0.0
2020-01-06,18,0,reserve,system,449.754022,116.173394,50.0,456.771148,0.0,47.671551
2020-01-06,18,0,regulation_up,system,72.0,0.0,50.0,66.0,0.0,47.671551
2020-01-06,18,0,regulation_down,system,73.0,0.0,0.0,65.0,0.0,0.0
2020-01-06,18,0,spinning_reserve,area 2,44.019,0.0,50.0,43.51,0.0,47.671551
2020-01-06,18,0,spinning_reserve,area 1,36.645,0.0,50.0,38.816,0.0,47.671551
2020-01-06,18,0,spinning_reserve,area 3,54.261,0.0,50.0,54.705,0.0,47.671551
2020-01-06,18,0,flexible_ramp_up,system,,,,82.0,0.0,47.671551
2020-01-06,18,0,flexible_ramp_down,system,,,,72.0,0.0,0.0
2020-01-06,19,0,reserve,system,437.518835,0.0,2.03184,445.333078,0.0,3.156346
2020-01-06,19,0,regulation_up,system,71.0,0.0,2.03184,66.0,0.0,3.156346
2020-01-06,19,0,regulation_down,system,72.0,0.0,0.0,65.0,0.0,0.0
2020-01-06,19,0,spinning_reserve,area 2,43.173,0.0,2.03184,43.107,0.0,3.156346
2020-01-06,19,0,spinning_reserve,area 1,35.1,0.0,2.03184,38.033,0.0,3.156346
2020-01-06,19,0,spinning_reserve,area 3,52.983,0.0,2.03184,52.46,0.0,3.156346
2020-01-06,19,0,flexible_ramp_up,system,,,,84.0,0.0,3.156346
2020-01-06,19,0,flexible_ramp_down,system,,,,75.0,0.0,0.0
2020-01-06,20,0,reserve,system,425.846713,0.0,1.930027,429.700273,0.0,2.84216
2020-01-06,20,0,regulation_up,system,65.0,0.0,1.930027,64.0,0.0,2.84216
2020-01-06,20,0,regulation_down,system,64.0,0.0,0.0,63.0,0.0,0.0
2020-01-06,20,0,spinning_reserve,area 2,42.489,0.0,1.930027,42.205,0.0,2.84216
2020-01-06,20,0,spinning_reserve,area 1,34.623,0.0,1.930027,36.679,0.0,2.84216
2020-01-06,20,0,spinning_reserve,area 3,50.643,0.0,1.930027,50.026,0.0,2.84216
2020-01-06,20,0,flexible_ramp_up,system,,,,81.0,0.0,2.84216
2020-01-06,20,0,flexible_ramp_down,system,,,,72.0,0.0,0.0
2020-01-06,21,0,reserve,system,404.295896,0.0,1.930027,402.986994,0.0,2.483934
2020-01-06,21,0,regulation_up,system,55.0,0.0,1.930027,59.0,0.0,2.483934
2020-01-06,21,0,regulation_down,system,53.0,0.0,0.0,58.0,0.0,0.0
2020-01-06,21,0,spinning_reserve,area 2,41.265,0.0,1.930027,40.24,0.0,2.483934
2020-01-06,21,0,spinning_reserve,area 1,32.016,0.0,1.930027,33.781,0.0,2.483934
2020-01-06,21,0,spinning_reserve,area 3,48.009,0.0,1.930027,46.875,0.0,2.483934
2020-01-06,21,0,flexible_ramp_up,system,,,,71.0,0.0,2.483934
2020-01-06,21,0,flexible_ramp_down,system,,,,60.0,0.0,0.0
2020-01-06,22,0,reserve,system,373.089686,0.0,0.0,369.459059,0.0,2.03184
2020-01-06,22,0,regulation_up,system,52.0,0.0,0.0,57.0,0.0,2.03184
2020-01-06,22,0,regulation_down,system,51.0,0.0,0.0,56.0,0.0,0.0
2020-01-06,22,0,spinning_reserve,area 2,38.43,0.0,0.0,37.104,0.0,2.03184
2020-01-06,22,0,spinning_reserve,area 1,29.604,0.0,0.0,31.349,0.0,2.03184
2020-01-06,22,0,spinning_reserve,area 3,43.893,0.0,0.0,42.385,0.0,2.03184
2020-01-06,22,0,flexible_ramp_up,system,,,,74.0,0.0,2.03184
2020-01-06,22,0,flexible_ramp_down,system,,,,62.0,0.0,-0.0
2020-01-06,23,0,reserve,system,347.148902,0.0,0.0,347.304616,0.0,1.930027
2020-01-06,23,0,regulation_up,system,51.0,0.0,0.0,56.0,0.0,1.930027
2020-01-06,23,0,regulation_down,system,49.0,0.0,0.0,55.0,0.0,0.0
2020-01-06,23,0,spinning_reserve,area 2,35.892,0.0,0.0,35.139,0.0,1.930027
2020-01-06,23,0,spinning_reserve,area 1,28.017,0.0,0.0,30.143,0.0,1.930027
2020-01-06,23,0,spinning_reserve,area 3,40.236,0.0,0.0,38.909,0.0,1.930027
2020-01-06,23,0,flexible_ramp_up,system,,,,73.0,0.0,1.930027
2020-01-06,23,0,flexible_ramp_down,system,,,,62.0,0.0,0.0
2020-01-07,0,0,reserve,system,328.398668,0.0,0.0,329.915883,0.0,1.990091
2020-01-07,0,0,regulation_up,system,49.0,0.0,0.0,50.0,0.0,1.990091
2020-01-07,0,0,regulation_down,system,47.0,0.0,0.0,49.0,0.0,0.0
2020-01-07,0,0,spinning_reserve,area 2,33.516,0.0,0.0,32.825,0.0,1.990091
2020-01-07,0,0,spinning_reserve,area 1,27.648,0.0,0.0,30.122,0.0,1.990091
2020-01-07,0,0,spinning_reserve,area 3,37.359,0.0,0.0,36.028,0.0,5.797647
2020-01-07,0,0,flexible_ramp_up,system,,,,61.0,0.0,1.990091
2020-01-07,0,0,flexible_ramp_down,system,,,,46.0,0.0,0.0
2020-01-07,1,0,reserve,system,317.388451,0.0,0.0,324.193529,0.0,-0.0
2020-01-07,1,0,regulation_up,system,49.0,0.0,0.0,48.0,0.0,0.0
2020-01-07,1,0,regulation_down,system,47.0,0.0,0.0,46.0,0.0,0.0
2020-01-07,1,0,spinning_reserve,area 2,32.307,0.0,0.0,32.542,0.0,-0.0
2020-01-07,1,0,spinning_reserve,area 1,27.636,0.0,0.0,30.027,0.0,-0.0
2020-01-07,1,0,spinning_reserve,area 3,35.274,0.0,0.0,34.69,0.0,25.001277
2020-01-07,1,0,flexible_ramp_up,system,,,,56.0,0.0,-0.0
2020-01-07,1,0,flexible_ramp_down,system,,,,41.0,0.0,0.0
2020-01-07,2,0,reserve,system,314.890939,0.0,0.0,322.831201,0.0,-0.0
2020-01-07,2,0,regulation_up,system,48.0,0.0,0.0,48.0,0.0,0.0
2020-01-07,2,0,regulation_down,system,47.0,0.0,0.0,46.0,0.0,0.0
2020-01-07,2,0,spinning_reserve,area 2,32.481,0.0,0.0,32.475,0.0,0.0
2020-01-07,2,0,spinning_reserve,area 1,27.804,0.0,0.0,30.524,0.0,-0.0
2020-01-07,2,0,spinning_reserve,area 3,34.185,0.0,0.0,33.851,0.0,-0.0
2020-01-07,2,0,flexible_ramp_up,system,,,,56.0,0.0,0.0
2020-01-07,2,0,flexible_ramp_down,system,,,,41.0,0.0,0.0
2020-01-07,3,0,reserve,system,314.984306,0.0,0.0,327.419125,0.0,-0.0
2020-01-07,3,0,regulation_up,system,48.0,0.0,0.0,49.0,0.0,0.0
2020-01-07,3,0,regulation_down,system,47.0,0.0,0.0,47.0,0.0,0.0
2020-01-07,3,0,spinning_reserve,area 2,32.508,0.0,0.0,32.677,0.0,-0.0
2020-01-07,3,0,spinning_reserve,area 1,28.503,0.0,0.0,31.793,0.0,0.0
2020-01-07,3,0,spinning_reserve,area 3,33.486,0.0,0.0,33.756,0.0,-0.0
2020-01-07,3,0,flexible_ramp_up,system,,,,56.0,0.0,0.0
2020-01-07,3,0,flexible_ramp_down,system,,,,41.0,0.0,0.0
2020-01-07,4,0,reserve,system,323.960111,0.0,0.0,343.538889,0.0,2.483934
2020-01-07,4,0,regulation_up,system,49.0,0.0,0.0,50.0,0.0,2.483934
2020-01-07,4,0,regulation_down,system,47.0,0.0,0.0,48.0,0.0,0.0
2020-01-07,4,0,spinning_reserve,area 2,32.964,0.0,0.0,33.551,0.0,2.483934
2020-01-07,4,0,spinning_reserve,area 1,30.78,0.0,0.0,35.389,0.0,2.483934
2020-01-07,4,0,spinning_reserve,area 3,33.444,0.0,0.0,34.122,0.0,2.483934
2020-01-07,4,0,flexible_ramp_up,system,,,,56.0,0.0,2.483934
2020-01-07,4,0,flexible_ramp_down,system,,,,41.0,0.0,0.0
2020-01-07,5,0,reserve,system,345.378426,0.0,0.0,374.299269,0.0,2.507146
2020-01-07,5,0,regulation_up,system,50.0,0.0,0.0,52.0,0.0,2.507146
2020-01-07,5,0,regulation_down,system,49.0,0.0,0.0,50.0,0.0,0.0
2020-01-07,5,0,spinning_reserve,area 2,34.428,0.0,0.0,35.812,0.0,2.507146
2020-01-07,5,0,spinning_reserve,area 1,35.283,0.0,0.0,40.476,0.0,2.507146
2020-01-07,5,0,spinning_reserve,area 3,33.9,0.0,0.0,36.001,0.0,10.133948
2020-01-07,5,0,flexible_ramp_up,system,,,,56.0,0.0,2.507146
2020-01-07,5,0,flexible_ramp_down,system,,,,41.0,0.0,0.0
2020-01-07,6,0,reserve,system,382.224993,0.0,2.03184,405.968775,0.0,3.156346
2020-01-07,6,0,regulation_up,system,53.0,0.0,2.03184,54.0,0.0,3.156346
2020-01-07,6,0,regulation_down,system,51.0,0.0,0.0,52.0,0.0,0.0
2020-01-07,6,0,spinning_reserve,area 2,37.788,0.0,2.03184,38.827,0.0,3.156346
2020-01-07,6,0,spinning_reserve,area 1,38.475,0.0,2.03184,42.242,0.0,3.156346
2020-01-07,6,0,spinning_reserve,area 3,38.406,0.0,2.03184,40.721,0.0,10.133948
2020-01-07,6,0,flexible_ramp_up,system,,,,56.0,0.0,3.156346
2020-01-07,6,0,flexible_ramp_down,system,,,,41.0,0.0,0.0
2020-01-07,7,0,reserve,system,394.589575,0.0,2.483934,405.048577,0.0,-0.0
2020-01-07,7,0,regulation_up,system,78.0,0.0,2.483934,59.0,0.0,0.0
2020-01-07,7,0,regulation_down,system,59.0,0.0,0.0,57.0,0.0,0.0
2020-01-07,7,0,spinning_reserve,area 2,38.457,0.0,2.483934,37.885,0.0,-0.0
2020-01-07,7,0,spinning_reserve,area 1,38.055,0.0,2.483934,40.095,0.0,0.0
2020-01-07,7,0,spinning_reserve,area 3,41.862,0.0,2.483934,43.534,0.0,12.608512
2020-01-07,7,0,flexible_ramp_up,system,,,,59.0,0.0,-0.0
2020-01-07,7,0,flexible_ramp_down,system,,,,49.0,0.0,0.0
2020-01-07,8,0,reserve,system,391.021148,0.0,0.0,400.742795,0.0,0.0
2020-01-07,8,0,regulation_up,system,81.0,0.0,0.0,59.0,0.0,0.0
2020-01-07,8,0,regulation_down,system,63.0,0.0,0.0,59.0,0.0,3.959149
2020-01-07,8,0,spinning_reserve,area 2,36.78,0.0,0.0,36.727,0.0,0.0
2020-01-07,8,0,spinning_reserve,area 1,35.586,0.0,0.0,37.229,0.0,0.0
2020-01-07,8,0,spinning_reserve,area 3,44.943,0.0,0.0,46.266,0.0,16.866035
2020-01-07,8,0,flexible_ramp_up,system,,,,58.0,0.0,0.0
2020-01-07,8,0,flexible_ramp_down,system,,,,54.0,0.0,3.170672
2020-01-07,9,0,reserve,system,391.291712,0.0,0.0,399.008422,0.0,0.0
2020-01-07,9,0,regulation_up,system,60.0,0.0,0.0,59.0,0.0,0.0
2020-01-07,9,0,regulation_down,system,58.0,0.0,0.788477,59.0,0.0,18.861019
2020-01-07,9,0,spinning_reserve,area 2,36.861,0.0,0.0,35.88,0.0,0.0
2020-01-07,9,0,spinning_reserve,area 1,33.192,0.0,0.0,35.569,0.0,-0.0
2020-01-07,9,0,spinning_reserve,area 3,47.337,0.0,0.0,48.254,0.0,26.800615
2020-01-07,9,0,flexible_ramp_up,system,,,,58.0,0.0,-0.0
2020-01-07,9,0,flexible_ramp_down,system,,,,54.0,0.0,18.072542
2020-01-07,10,0,reserve,system,381.45527,0.0,0.0,389.97351,0.0,0.0
2020-01-07,10,0,regulation_up,system,59.0,0.0,0.0,59.0,0.0,0.0
2020-01-07,10,0,regulation_down,system,58.0,0.0,18.861019,58.0,0.0,18.861019
2020-01-07,10,0,spinning_reserve,area 2,33.126,0.0,0.0,32.542,0.0,-0.0
2020-01-07,10,0,spinning_reserve,area 1,32.094,0.0,0.0,34.289,0.0,0.0
2020-01-07,10,0,spinning_reserve,area 3,49.218,0.0,0.0,50.161,0.0,26.800615
2020-01-07,10,0,flexible_ramp_up,system,,,,58.0,0.0,0.0
2020-01-07,10,0,flexible_ramp_down,system,,,,54.0,0.0,18.072542
2020-01-07,11,0,reserve,system,386.303916,0.0,0.0,400.690024,0.0,0.0
2020-01-07,11,0,regulation_up,system,59.0,0.0,0.0,64.0,0.0,0.0
2020-01-07,11,0,regulation_down,system,58.0,0.0,18.861019,58.0,0.0,18.861019
2020-01-07,11,0,spinning_reserve,area 2,34.2,0.0,0.0,35.584,0.0,0.0
2020-01-07,11,0,spinning_reserve,area 1,30.993,0.0,0.0,33.57,0.0,-0.0
2020-01-07,11,0,spinning_reserve,area 3,50.697,0.0,0.0,51.054,0.0,26.800615
2020-01-07,11,0,flexible_ramp_up,system,,,,65.0,0.0,0.0
2020-01-07,11,0,flexible_ramp_down,system,,,,44.0,0.0,18.072542
2020-01-07,12,0,reserve,system,391.179234,0.0,0.0,399.442493,0.0,0.0
2020-01-07,12,0,regulation_up,system,60.0,0.0,0.0,64.0,0.0,0.0
2020-01-07,12,0,regulation_down,system,58.0,0.0,18.861019,58.0,0.0,18.861019
2020-01-07,12,0,spinning_reserve,area 2,35.544,0.0,0.0,35.072,0.0,0.0
2020-01-07,12,0,spinning_reserve,area 1,30.858,0.0,0.0,33.369,0.0,0.0
2020-01-07,12,0,spinning_reserve,area 3,50.952,0.0,0.0,51.392,0.0,26.800615
2020-01-07,12,0,flexible_ramp_up,system,,,,65.0,0.0,0.0
2020-01-07,12,0,flexible_ramp_down,system,,,,44.0,0.0,18.072542
2020-01-07,13,0,reserve,system,387.331465,0.0,0.0,395.85,0.0,0.0
2020-01-07,13,0,regulation_up,system,59.0,0.0,0.0,64.0,0.0,0.0
2020-01-07,13,0,regulation_down,system,59.0,0.0,18.861019,58.0,0.0,18.861019
2020-01-07,13,0,spinning_reserve,area 2,34.617,0.0,0.0,34.574,0.0,0.0
2020-01-07,13,0,spinning_reserve,area 1,30.186,0.0,0.0,32.586,0.0,0.0
2020-01-07,13,0,spinning_reserve,area 3,51.396,0.0,0.0,51.595,0.0,29.935189
2020-01-07,13,0,flexible_ramp_up,system,,,,65.0,0.0,0.0
2020-01-07,13,0,flexible_ramp_down,system,,,,44.0,0.0,18.072542
2020-01-07,14,0,reserve,system,385.468299,0.0,0.0,394.260375,0.0,0.0
2020-01-07,14,0,regulation_up,system,59.0,0.0,0.0,60.0,0.0,0.0
2020-01-07,14,0,regulation_down,system,59.0,0.0,18.861019,55.0,0.0,18.573789
2020-01-07,14,0,spinning_reserve,area 2,34.239,0.0,0.0,34.13,0.0,0.0
2020-01-07,14,0,spinning_reserve,area 1,29.856,0.0,0.0,32.364,0.0,0.0
2020-01-07,14,0,spinning_reserve,area 3,51.546,0.0,0.0,51.784,0.189,100.0
2020-01-07,14,0,flexible_ramp_up,system,,,,66.0,0.0,0.0
2020-01-07,14,0,flexible_ramp_down,system,,,,41.0,0.0,16.970947
2020-01-07,15,0,reserve,system,381.212859,0.0,0.0,392.461674,0.0,-0.0
2020-01-07,15,0,regulation_up,system,66.0,0.0,0.0,60.0,0.0,0.0
2020-01-07,15,0,regulation_down,system,60.0,0.0,1.890072,54.0,0.0,0.0
2020-01-07,15,0,spinning_reserve,area 2,33.69,0.0,0.0,34.17,0.0,0.0
2020-01-07,15,0,spinning_reserve,area 1,29.574,0.0,0.0,32.649,0.0,0.0
2020-01-07,15,0,spinning_reserve,area 3,51.102,0.0,0.0,50.919,0.0,0.0
2020-01-07,15,0,flexible_ramp_up,system,,,,69.0,0.0,-0.0
2020-01-07,15,0,flexible_ramp_down,system,,,,41.0,0.0,0.0
2020-01-07,16,0,reserve,system,384.663925,0.0,0.0,406.101102,0.0,2.688037
2020-01-07,16,0,regulation_up,system,68.0,0.0,0.0,54.0,0.0,2.688037
2020-01-07,16,0,regulation_down,system,63.0,0.0,0.0,52.0,0.0,0.0
2020-01-07,16,0,spinning_reserve,area 2,34.602,0.0,0.0,36.378,0.0,2.688037
2020-01-07,16,0,spinning_reserve,area 1,31.014,0.0,0.0,34.913,0.0,2.688037
2020-01-07,16,0,spinning_reserve,area 3,49.782,0.0,0.0,50.54,0.0,2.688037
2020-01-07,16,0,flexible_ramp_up,system,,,,56.0,0.0,2.688037
2020-01-07,16,0,flexible_ramp_down,system,,,,41.0,0.0,0.0
2020-01-07,17,0,reserve,system,423.987208,0.0,2.507146,452.345682,0.0,3.352742
2020-01-07,17,0,regulation_up,system,63.0,0.0,2.507146,57.0,0.0,3.352742
2020-01-07,17,0,regulation_down,system,62.0,0.0,0.0,56.0,0.0,0.0
2020-01-07,17,0,spinning_reserve,area 2,39.816,0.0,2.507146,42.595,0.0,3.352742
2020-01-07,17,0,spinning_reserve,area 1,33.873,0.0,2.507146,38.403,0.0,3.352742
2020-01-07,17,0,spinning_reserve,area 3,53.508,0.0,2.507146,54.705,0.0,3.352742
2020-01-07,17,0,flexible_ramp_up,system,,,,56.0,0.0,3.352742
2020-01-07,17,0,flexible_ramp_down,system,,,,41.0,0.0,0.0
2020-01-07,18,0,reserve,system,447.269714,88.044227,50.0,455.309086,0.0,47.964095
2020-01-07,18,0,regulation_up,system,62.0,0.0,50.0,58.0,0.0,47.964095
2020-01-07,18,0,regulation_down,system,61.0,0.0,0.0,56.0,0.0,0.0
2020-01-07,18,0,spinning_reserve,area 2,44.235,0.0,50.0,43.82,0.0,47.964095
2020-01-07,18,0,spinning_reserve,area 1,36.063,0.0,50.0,38.297,0.0,47.964095
2020-01-07,18,0,spinning_reserve,area 3,53.886,0.0,50.0,54.475,0.0,48.615807
2020-01-07,18,0,flexible_ramp_up,system,,,,56.0,0.0,47.964095
2020-01-07,18,0,flexible_ramp_down,system,,,,41.0,0.0,0.0
2020-01-07,19,0,reserve,system,436.779858,36.243399,50.0,445.642295,0.0,28.058644
2020-01-07,19,0,regulation_up,system,62.0,0.0,50.0,57.0,0.0,28.058644
2020-01-07,19,0,regulation_down,system,61.0,0.0,0.0,55.0,0.0,0.0
2020-01-07,19,0,spinning_reserve,area 2,43.389,0.0,50.0,43.389,0.0,28.058644
2020-01-07,19,0,spinning_reserve,area 1,34.905,0.0,50.0,37.938,0.0,28.058644
2020-01-07,19,0,spinning_reserve,area 3,52.743,0.0,50.0,52.366,0.0,28.058644
2020-01-07,19,0,flexible_ramp_up,system,,,,56.0,0.0,28.058644
2020-01-07,19,0,flexible_ramp_down,system,,,,41.0,0.0,0.0
2020-01-07,20,0,reserve,system,427.772941,399.735372,50.0,430.94475,0.0,3.156346
2020-01-07,20,0,regulation_up,system,70.0,0.0,50.795154,56.0,0.0,3.156346
2020-01-07,20,0,regulation_down,system,70.0,0.0,0.0,54.0,0.0,0.0
2020-01-07,20,0,spinning_reserve,area 2,43.092,0.0,50.795154,42.622,0.0,3.156346
2020-01-07,20,0,spinning_reserve,area 1,34.341,0.0,50.795154,36.351,0.0,3.156346
2020-01-07,20,0,spinning_reserve,area 3,50.898,0.0,50.795154,50.31,0.0,3.156346
2020-01-07,20,0,flexible_ramp_up,system,,,,56.0,0.0,3.156346
2020-01-07,20,0,flexible_ramp_down,system,,,,41.0,0.0,0.0
2020-01-07,21,0,reserve,system,405.637666,0.0,2.483934,403.750694,0.0,2.84216
2020-01-07,21,0,regulation_up,system,55.0,0.0,2.483934,54.0,0.0,2.84216
2020-01-07,21,0,regulation_down,system,53.0,0.0,0.0,52.0,0.0,0.0
2020-01-07,21,0,spinning_reserve,area 2,41.562,0.0,2.483934,40.509,0.0,2.84216
2020-01-07,21,0,spinning_reserve,area 1,32.121,0.0,2.483934,33.876,0.0,2.84216
2020-01-07,21,0,spinning_reserve,area 3,48.009,0.0,2.483934,46.74,0.0,2.84216
2020-01-07,21,0,flexible_ramp_up,system,,,,56.0,0.0,2.84216
2020-01-07,21,0,flexible_ramp_down,system,,,,41.0,0.0,0.0
2020-01-07,22,0,reserve,system,375.095814,0.0,2.03184,370.540864,0.0,2.483934
2020-01-07,22,0,regulation_up,system,53.0,0.0,2.03184,51.0,0.0,2.483934
2020-01-07,22,0,regulation_down,system,51.0,0.0,0.0,50.0,0.0,0.0
2020-01-07,22,0,spinning_reserve,area 2,38.835,0.0,2.03184,37.36,0.0,2.483934
2020-01-07,22,0,spinning_reserve,area 1,29.679,0.0,2.03184,31.296,0.0,2.483934
2020-01-07,22,0,spinning_reserve,area 3,44.013,0.0,2.03184,42.507,0.0,2.483934
2020-01-07,22,0,flexible_ramp_up,system,,,,56.0,0.0,2.483934
2020-01-07,22,0,flexible_ramp_down,system,,,,41.0,0.0,0.0
2020-01-07,23,0,reserve,system,348.098672,0.0,1.930027,348.184635,0.0,2.03184
2020-01-07,23,0,regulation_up,system,55.0,0.0,1.930027,50.0,0.0,2.03184
2020-01-07,23,0,regulation_down,system,54.0,0.0,0.0,48.0,0.0,0.0
2020-01-07,23,0,spinning_reserve,area 2,35.934,0.0,1.930027,35.328,0.0,2.03184
2020-01-07,23,0,spinning_reserve,area 1,28.221,0.0,1.930027,30.502,0.0,2.03184
2020-01-07,23,0,spinning_reserve,area 3,40.275,0.0,1.930027,38.625,0.0,2.03184
2020-01-07,23,0,flexible_ramp_up,system,,,,56.0,0.0,2.03184
2020-01-07,23,0,flexible_ramp_down,system,,,,41.0,0.0,0.0
