scenario,objective,pair,window_lo,window_hi,median_absdiff_over_floor2,max_absdiff_over_floor2,median_signed_diff
B,load_shed_mwh,nuclear|pv,20.0,200.0,0.21727497290480213,0.48582758333839937,1819.7074516563807
B,load_shed_mwh,nuclear|tail,20.0,200.0,0.4696802794764277,0.7265732275827187,3933.636226174014
B,load_shed_mwh,nuclear|wind_122,35.675000000000004,200.0,0.7515938597870266,1.0859448689316955,6294.700806948786
B,load_shed_mwh,nuclear|wind_303,42.35,200.0,0.6728109937350024,0.9636013276554739,5634.8835877768
B,load_shed_mwh,nuclear|wind_317,39.955000000000005,200.0,0.71353208936644,1.09512073750188,5975.9283025429395
B,load_shed_mwh,pv|tail,6.8100000000000005,251.5,0.22579728980098385,0.6752172535590228,1737.3157007895934
B,load_shed_mwh,pv|wind_122,35.675000000000004,272.40000000000003,0.8265873726706446,1.321445447601437,6922.781677910396
B,load_shed_mwh,pv|wind_303,42.35,272.40000000000003,0.5803690301192198,1.044924735384399,4860.669568608144
B,load_shed_mwh,pv|wind_317,39.955000000000005,272.40000000000003,0.8566278117925656,1.4055726604260503,7174.374441634456
B,load_shed_mwh,tail|wind_122,35.675000000000004,251.5,0.45570737114362764,1.313740439184828,3816.6112183023142
B,load_shed_mwh,tail|wind_303,42.35,251.5,0.3484903745288757,0.8863712304289669,2867.8839567803443
B,load_shed_mwh,tail|wind_317,39.955000000000005,251.5,0.43734263122133993,1.4276286652334955,3662.8040234950204
B,load_shed_mwh,wind_122|wind_303,42.35,713.5,0.5027318453052073,1.3866075749898843,-4210.447585639209
B,load_shed_mwh,wind_122|wind_317,39.955000000000005,713.5,0.06437997455309798,0.415939570966656,483.4720500396106
B,load_shed_mwh,wind_303|wind_317,42.35,799.1,1.0730422455293018,1.444996126303082,8986.874760708393
B,true_curtailment_mwh,nuclear|pv,20.0,200.0,5.365273837123361,10.098674157961224,-74891.49694404448
B,true_curtailment_mwh,nuclear|tail,20.0,200.0,6.338959292885982,12.844732710276674,-88482.743830672
B,true_curtailment_mwh,nuclear|wind_122,35.675000000000004,200.0,4.359067065007939,6.142867107895341,-60846.29931078409
B,true_curtailment_mwh,nuclear|wind_303,42.35,200.0,3.991247654561552,4.585506319776637,55712.06998910324
B,true_curtailment_mwh,nuclear|wind_317,39.955000000000005,200.0,2.600199101992236,5.0386415738548,-36295.0352605239
B,true_curtailment_mwh,pv|tail,6.8100000000000005,251.5,0.8737088261692065,4.932402831603824,-11185.437259507831
B,true_curtailment_mwh,pv|wind_122,35.675000000000004,272.40000000000003,1.994764567346522,5.524988333027953,27844.040963176172
B,true_curtailment_mwh,pv|wind_303,42.35,272.40000000000003,11.886224510603634,18.019093065998117,165914.57838606334
B,true_curtailment_mwh,pv|wind_317,39.955000000000005,272.40000000000003,3.7577203184239023,8.222085485126911,52452.364648493705
B,true_curtailment_mwh,tail|wind_122,35.675000000000004,251.5,2.5231293516657356,9.435518368060013,35219.25252393389
B,true_curtailment_mwh,tail|wind_303,42.35,251.5,12.369138492369832,21.583986141520857,172655.36219087848
B,true_curtailment_mwh,tail|wind_317,39.955000000000005,251.5,4.450865094084231,11.63960785042707,62127.6676104723
B,true_curtailment_mwh,wind_122|wind_303,42.35,713.5,12.936651674800059,14.648860718165986,180577.02901682863
B,true_curtailment_mwh,wind_122|wind_317,39.955000000000005,713.5,3.374291237430529,7.004832280869821,47100.24680340174
B,true_curtailment_mwh,wind_303|wind_317,42.35,799.1,8.620922395065396,10.188344094006277,-120335.66278343904
B,total_cost_raw_usd,nuclear|pv,20.0,200.0,12.78929639978271,19.195984370833205,-17852016.156445503
B,total_cost_raw_usd,nuclear|tail,20.0,200.0,11.438914336847793,19.471561093154165,-15967077.247273147
B,total_cost_raw_usd,nuclear|wind_122,35.675000000000004,200.0,13.054242962316929,18.849406140069057,-18221843.406288266
B,total_cost_raw_usd,nuclear|wind_303,42.35,200.0,12.206470164187841,18.50350124910777,-17038474.65666318
B,total_cost_raw_usd,nuclear|wind_317,39.955000000000005,200.0,12.688031663882501,18.693331104563814,-17710665.166925907
B,total_cost_raw_usd,pv|tail,6.8100000000000005,251.5,1.5294026136550691,3.6202708446651366,2134825.8195927143
B,total_cost_raw_usd,pv|wind_122,35.675000000000004,272.40000000000003,1.0651657463760338,1.5908205806307192,-1486818.0014907122
B,total_cost_raw_usd,pv|wind_303,42.35,272.40000000000003,0.3263195561010526,0.8104975925151533,-365783.54888275266
B,total_cost_raw_usd,pv|wind_317,39.955000000000005,272.40000000000003,0.8902948851246201,1.5751167846497702,-1242723.460026741
B,total_cost_raw_usd,tail|wind_122,35.675000000000004,251.5,2.775761745627393,5.092433692324427,-3874563.6961096227
B,total_cost_raw_usd,tail|wind_303,42.35,251.5,2.1556412096122877,3.401480807848422,-3008964.7232002616
B,total_cost_raw_usd,tail|wind_317,39.955000000000005,251.5,2.6310428373667594,5.079891333231704,-3672556.9392362833
B,total_cost_raw_usd,wind_122|wind_303,42.35,713.5,3.1405003177409716,4.416886187101308,4383686.221595943
B,total_cost_raw_usd,wind_122|wind_317,39.955000000000005,713.5,0.17047862953316967,0.8719424205500805,-4689.609190702438
B,total_cost_raw_usd,wind_303|wind_317,42.35,799.1,3.4290513964555287,5.379021927241537,-4786461.977051854
B,total_cost_less_synthetic_usd,nuclear|pv,20.0,200.0,13.49852984909424,19.3252864128333,-18842003.92434305
B,total_cost_less_synthetic_usd,nuclear|tail,20.0,200.0,11.368267784953844,19.394418247012418,-15868464.833706021
B,total_cost_less_synthetic_usd,nuclear|wind_122,35.675000000000004,200.0,12.817441009100083,18.670087692661284,-17891301.97831911
B,total_cost_less_synthetic_usd,nuclear|wind_303,42.35,200.0,12.347512058759545,18.450524194990468,-17235348.831904948
B,total_cost_less_synthetic_usd,nuclear|wind_317,39.955000000000005,200.0,12.531549146927395,18.49857734606407,-17492238.106236994
B,total_cost_less_synthetic_usd,pv|tail,6.8100000000000005,251.5,2.411455741923494,4.795884633983884,3366044.973834753
B,total_cost_less_synthetic_usd,pv|wind_122,35.675000000000004,272.40000000000003,0.2472738384438728,0.3596430829838659,242517.26928281784
B,total_cost_less_synthetic_usd,pv|wind_303,42.35,272.40000000000003,0.5728383503170854,1.639101360399665,799599.8501579762
B,total_cost_less_synthetic_usd,pv|wind_317,39.955000000000005,272.40000000000003,0.22121121357062512,0.3961661043781318,292623.6730585098
B,total_cost_less_synthetic_usd,tail|wind_122,35.675000000000004,251.5,2.528823540335905,4.50964424724763,-3529873.519832045
B,total_cost_less_synthetic_usd,tail|wind_303,42.35,251.5,2.300568184339382,3.369557268822749,-3211261.9108998775
B,total_cost_less_synthetic_usd,tail|wind_317,39.955000000000005,251.5,2.4528696351429606,4.638212799464293,-3423852.8053013682
B,total_cost_less_synthetic_usd,wind_122|wind_303,42.35,713.5,2.309943600867753,3.4188328758925484,3224348.6423435807
B,total_cost_less_synthetic_usd,wind_122|wind_317,39.955000000000005,713.5,0.24706832719531746,1.4026762243631823,-344871.80771818757
B,total_cost_less_synthetic_usd,wind_303|wind_317,42.35,799.1,2.8510830467783963,5.303481373536954,-3979701.3864907026
C,load_shed_mwh,nuclear|pv,20.0,340.5,0.29995635762859524,0.8557613847420797,1184.9833203687158
C,load_shed_mwh,nuclear|tail,20.0,251.5,0.4650481733333276,0.6265376209082303,3894.8417071699514
C,load_shed_mwh,nuclear|wind_122,35.675000000000004,400.0,1.0316063220055345,1.7192318990909619,8639.843265113639
C,load_shed_mwh,nuclear|wind_303,42.35,400.0,0.5425782349777651,1.0459857540796087,4544.166519022883
C,load_shed_mwh,nuclear|wind_317,39.955000000000005,400.0,0.9829607198669735,1.6808226072656571,8232.429730464915
C,load_shed_mwh,pv|tail,6.8100000000000005,251.5,0.1929575802479143,0.4920638109004035,1616.045980521456
C,load_shed_mwh,pv|wind_122,35.675000000000004,340.5,0.8021862692408452,2.014225304397232,6718.419117666061
C,load_shed_mwh,pv|wind_303,42.35,340.5,0.6174905231988602,1.0530127491279984,5171.567122387747
C,load_shed_mwh,pv|wind_317,39.955000000000005,340.5,0.7620862547555404,2.0657340524501824,6382.576041977773
C,load_shed_mwh,tail|wind_122,35.675000000000004,251.5,0.42089436344786163,1.0978216440782196,3525.0475436111083
C,load_shed_mwh,tail|wind_303,42.35,251.5,0.3867630447151885,0.45697383719769036,3239.193106708626
C,load_shed_mwh,tail|wind_317,39.955000000000005,251.5,0.37613217915273706,1.0983495481088912,3150.158161620744
C,load_shed_mwh,wind_122|wind_303,42.35,713.5,1.3010538628425627,1.826698419170178,-10896.503069675928
C,load_shed_mwh,wind_122|wind_317,39.955000000000005,713.5,0.052926459949002316,0.2762815129018225,162.34170263518536
C,load_shed_mwh,wind_303|wind_317,42.35,799.1,1.2381567855601356,2.0418067950250114,10369.731492222378
C,true_curtailment_mwh,nuclear|pv,20.0,340.5,8.34573811615612,19.62365126541243,-116494.48650639877
C,true_curtailment_mwh,nuclear|tail,20.0,251.5,9.143189695448102,19.632889501063758,-127625.76224862435
C,true_curtailment_mwh,nuclear|wind_122,35.675000000000004,400.0,7.873163853646238,11.538103010724058,-109898.03029353777
C,true_curtailment_mwh,nuclear|wind_303,42.35,400.0,3.0974338691208825,4.204909514122117,43235.71660752734
C,true_curtailment_mwh,nuclear|wind_317,39.955000000000005,400.0,6.12894136159798,7.9899169642726795,-85551.19592897478
C,true_curtailment_mwh,pv|tail,6.8100000000000005,251.5,2.878103714750266,7.283504760637908,-40174.183480899315
C,true_curtailment_mwh,pv|wind_122,35.675000000000004,340.5,2.41113329924228,8.999779600991268,33655.94890282489
C,true_curtailment_mwh,pv|wind_303,42.35,340.5,12.574947115621034,22.652826505384734,175528.1542136505
C,true_curtailment_mwh,pv|wind_317,39.955000000000005,340.5,3.964097072678938,11.913961860493309,55333.086961988825
C,true_curtailment_mwh,tail|wind_122,35.675000000000004,251.5,5.598140793395182,10.382073104699716,78141.98433265288
C,true_curtailment_mwh,tail|wind_303,42.35,251.5,13.441594177553046,23.575205921448028,187625.29925425583
C,true_curtailment_mwh,tail|wind_317,39.955000000000005,251.5,6.851811146708336,12.586749290418352,95641.41721981578
C,true_curtailment_mwh,wind_122|wind_303,42.35,713.5,13.625249852602593,15.309732570850766,190188.86801966745
C,true_curtailment_mwh,wind_122|wind_317,39.955000000000005,713.5,3.0105377903232364,7.271738703398223,42022.77247507789
C,true_curtailment_mwh,wind_303|wind_317,42.35,799.1,9.319700247201133,11.01703518823497,-130089.59538156493
C,total_cost_raw_usd,nuclear|pv,20.0,340.5,8.78105460658603,19.308238523093387,-8717372.422151744
C,total_cost_raw_usd,nuclear|tail,20.0,251.5,9.198784203032721,19.55269273890076,-12840178.152019829
C,total_cost_raw_usd,nuclear|wind_122,35.675000000000004,400.0,8.666365374631177,19.291447222842834,-5586183.743610799
C,total_cost_raw_usd,nuclear|wind_303,42.35,400.0,9.331518726487294,18.625612214339164,-2585791.4187819064
C,total_cost_raw_usd,nuclear|wind_317,39.955000000000005,400.0,8.578552370897901,18.680706789766564,-5032519.9565707445
C,total_cost_raw_usd,pv|tail,6.8100000000000005,251.5,1.1654455542755184,2.4953169743185093,1626794.1733477712
C,total_cost_raw_usd,pv|wind_122,35.675000000000004,340.5,1.3067874035361349,4.031606358412273,-1824087.0421427488
C,total_cost_raw_usd,pv|wind_303,42.35,340.5,0.3071705132600275,1.0572095023177555,-109016.83767217398
C,total_cost_raw_usd,pv|wind_317,39.955000000000005,340.5,0.9866903479774484,3.68351672104365,-1377277.6455318928
C,total_cost_raw_usd,tail|wind_122,35.675000000000004,251.5,2.5048391351709296,4.473342619359191,-3496394.743899137
C,total_cost_raw_usd,tail|wind_303,42.35,251.5,1.353507772462765,2.22926833555947,-1889301.9495810866
C,total_cost_raw_usd,tail|wind_317,39.955000000000005,251.5,2.1332773962059206,4.12535989005391,-2977748.060002357
C,total_cost_raw_usd,wind_122|wind_303,42.35,713.5,3.225643568417462,5.306753075679301,4502533.939185381
C,total_cost_raw_usd,wind_122|wind_317,39.955000000000005,713.5,0.33700519484831404,0.9333404493397499,420688.9574345648
C,total_cost_raw_usd,wind_303|wind_317,42.35,799.1,3.2732353667598724,5.951825748154003,-4568965.236605108
C,total_cost_less_synthetic_usd,nuclear|pv,20.0,340.5,7.994066591849221,19.45347059970252,-10516093.5624758
C,total_cost_less_synthetic_usd,nuclear|tail,20.0,251.5,9.797525291472303,19.59435180686285,-13675934.49468562
C,total_cost_less_synthetic_usd,nuclear|wind_122,35.675000000000004,400.0,8.007565067404347,18.993311354988897,-5150960.91683501
C,total_cost_less_synthetic_usd,nuclear|wind_303,42.35,400.0,8.655762453607307,18.465777310971102,-3212139.856712848
C,total_cost_less_synthetic_usd,nuclear|wind_317,39.955000000000005,400.0,7.908785455880874,18.354628756870166,-4928516.930107474
C,total_cost_less_synthetic_usd,pv|tail,6.8100000000000005,251.5,1.4015416257264248,2.7412407983752773,1956350.292016387
C,total_cost_less_synthetic_usd,pv|wind_122,35.675000000000004,340.5,0.4550191308618108,1.4356869355608373,-161214.03876626492
C,total_cost_less_synthetic_usd,pv|wind_303,42.35,340.5,1.1958613499530912,1.799170314957343,1669250.2443366647
C,total_cost_less_synthetic_usd,pv|wind_317,39.955000000000005,340.5,0.4904103964413273,1.234953934696682,377607.674094677
C,total_cost_less_synthetic_usd,tail|wind_122,35.675000000000004,251.5,1.3068514345518347,2.5442562443004744,-1824176.4202204049
C,total_cost_less_synthetic_usd,tail|wind_303,42.35,251.5,0.6029434379844063,1.0164860555392021,-841622.2175055146
C,total_cost_less_synthetic_usd,tail|wind_317,39.955000000000005,251.5,1.0236718622943406,2.379066220193088,-1428898.5142988563
C,total_cost_less_synthetic_usd,wind_122|wind_303,42.35,713.5,2.410273815400236,5.019062392344827,3364395.1746019125
C,total_cost_less_synthetic_usd,wind_122|wind_317,39.955000000000005,713.5,0.3076694590461163,1.5959273158803378,143004.13227573037
C,total_cost_less_synthetic_usd,wind_303|wind_317,42.35,799.1,2.7233362814357522,6.15730889107491,-3801385.297196746
