gen,unit_type,bus,pmax_mw,avail_gwh,cf
275,WIND,120,1038.999987796685,4280.224480000001,0.4702695921034351
205,WIND,77,1057.999956964386,3647.01565,0.39350283967633143
20,WIND,32,780.1999893773013,3270.5857,0.47853696109564764
274,WIND,120,746.3999877635443,3067.4041,0.46913222284116224
204,WIND,28,856.9999804088067,2944.2845700000003,0.39218850898948526
91,WIND,94,785.4999846514534,2750.7403,0.3997599693283565
19,WIND,32,643.299989366006,2685.75934,0.47659495885524367
206,WIND,22,1799.800026503209,2681.47501,0.1700769244853666
270,WIND,120,578.9999877407346,2375.5110700000005,0.4683541770761076
30,PV,26,926.6666666666669,2115.8005,0.2606436015571104
55,WIND,59,622.9999845890748,1941.38904,0.35572995009114805
110,WIND,2,338.599998942999,1688.77794,0.5693528365765511
142,PV,14,703.3333333333334,1599.4456500000001,0.2595996964876972
251,WIND,118,1088.000014729177,1579.2879599999999,0.16570221622975445
279,WIND,34,882.0000399863538,1433.0147600000003,0.18547182811905835
146,WIND,75,267.9999991911224,1420.9373600000001,0.6052517226745865
272,WIND,30,501.3000961526271,1332.9573599999999,0.3035389048588025
140,WIND,2,250.5999989428539,1249.87502,0.5693527430388747
252,WIND,25,890.2000140444867,1228.92923,0.15759236426931125
192,WIND,58,332.5999964111627,1225.23121,0.42052488873485766
67,PV,14,533.3333333333334,1212.84972,0.2595996832191781
158,PV,16,536.6666666666667,1193.52718,0.25387713349783025
282,PV,26,508.3333333333334,1160.64572,0.26064354816977314
58,PV,26,500.0,1141.6187000000002,0.26064353881278546
59,PV,26,491.6666666666667,1122.5920899999999,0.26064362433248195
249,WIND,113,500.0000227461816,1109.82586,0.2533848880163016
141,WIND,14,229.9999967377302,1084.75683,0.538394304837182
157,WIND,16,249.9999989733363,1008.68923,0.4605886913891956
92,WIND,94,282.4999844536548,991.4362600000001,0.40062889019276665
128,WIND,50,249.4999759911978,985.38588,0.45084963297434627
237,WIND,19,522.0000272874335,976.1589799999999,0.21347445917780006
22,PV,50,406.3333333333334,927.79404,0.260654376481958
106,PV,50,400.0,913.3326699999999,0.26065430079908675
83,WIND,119,290.9999775719367,909.8173699999999,0.35690872292119663
127,PV,50,385.0,879.08258,0.2606542667378284
97,WIND,22,612.5000265020816,874.04144,0.16290027065163745
90,WIND,94,220.199984363153,771.36721,0.39988929987700483
247,WIND,46,572.4000116113384,765.14854,0.15259560093021152
24,WIND,50,192.4999756230771,762.63219,0.45225184520826267
163,WIND,120,185.3999876467921,758.0838200000001,0.4667705211680732
64,WIND,93,199.9999881797006,700.6291299999999,0.39990249509602327
119,WIND,93,199.9999881797006,700.6291299999999,0.39990249509602327
194,WIND,7,176.4999950015191,691.7618100000001,0.44741215516751304
125,WIND,50,174.1999763095554,690.86532,0.4527320024971955
109,WIND,77,199.9999318490493,685.2971000000001,0.3911514460721028
126,PV,50,300.0,684.99927,0.2606542123287671
236,WIND,31,530.1000171191179,648.31842,0.13961318555883784
77,WIND,119,199.9999772775151,625.53025,0.35703785449087694
56,PV,26,273.3333333333334,624.0851899999999,0.2606436643835615
135,WIND,18,187.3297783473275,601.96769,0.3668278126269964
88,WIND,94,170.5999841325928,596.21269,0.3989496816590131
63,WIND,93,169.9999881214527,595.5558000000001,0.39991662746021645
57,PV,26,260.0,593.64171,0.2606435326659642
81,WIND,119,184.9999773299124,578.6466899999999,0.3570571152091576
245,WIND,113,260.0000216450519,578.0154200000001,0.25378265361788943
89,WIND,94,163.9999841055736,572.92318,0.3987938770507124
143,WIND,53,238.4999880303343,552.5089199999999,0.264451981911739
139,WIND,70,149.799988246077,513.6242,0.3914079048328263
53,WIND,26,210.4999834245312,481.90478,0.26133950365339387
162,WIND,6,162.499984420327,476.29693999999995,0.33459570471719774
78,WIND,119,151.1999769835146,472.97934999999995,0.3570971210525062
133,WIND,18,139.8039647700775,450.09428,0.36751908756863344
80,WIND,119,141.4999814852966,442.64941000000005,0.3571078528477458
116,PV,120,199.3333333333333,439.20491000000004,0.2515261545333762
23,WIND,50,108.7999815821133,433.21254000000005,0.4545357966264583
95,WIND,82,119.9999867619931,419.03942000000006,0.39862962921143574
120,WIND,93,117.5999879336357,412.02544,0.39995639800959415
74,WIND,19,217.6000261932161,409.42611,0.2147892223572536
82,WIND,119,130.4999825838063,408.25179,0.35711947767126717
267,WIND,70,119.1999881287208,407.56166,0.39031298898055794
199,WIND,63,129.9999691273388,396.55456000000004,0.34822150875886554
41,WIND,70,115.999988072925,396.48530999999997,0.39018004129907685
115,WIND,30,150.0001006265589,387.10917,0.29460343250412196
113,WIND,30,150.0001006265589,387.10917,0.29460343250412196
266,WIND,70,96.99998812823829,330.80699,0.38931298602744385
52,WIND,26,132.4999846941916,302.38465,0.26051924263817416
238,PV,49,136.6666666666667,299.78274,0.25040322418977606
265,PV,70,136.6666666666667,288.98282,0.24138224189776136
31,WIND,26,124.9999837054529,285.14453,0.2604059974159019
154,PV,70,132.0,279.11508000000003,0.24138221253632214
79,WIND,119,87.49998256511147,273.75478000000004,0.3571491644452152
87,PV,91,129.3333333333333,265.95672,0.23474502188956375
21,PV,50,114.3333333333333,261.0612,0.2606545788569832
136,WIND,85,153.0000242562797,231.05070999999995,0.17238985388854577
42,PV,49,105.0,230.32055,0.2504028593172429
161,PV,74,100.0,226.51988,0.2585843378995434
132,WIND,48,147.0000420015917,220.20832000000001,0.1710063189831413
145,WIND,66,100.0000360514749,191.6342,0.21876042341674587
65,WIND,25,138.0000138498937,190.51057,0.1575926071074599
102,WIND,74,80.50009646431697,187.79792,0.266311714681783
17,PV,32,80.0,173.81141999999997,0.24801857876712327
103,WIND,74,70.0000947194203,163.07308,0.26593747446261523
131,WIND,48,100.0000409955779,148.95798000000002,0.1700432864541556
96,WIND,22,99.60002575431464,139.01706,0.15933256319035452
281,WIND,26,56.099983494724,127.21503999999999,0.2588639770553304
43,PV,17,60.0,125.28186,0.23835970319634703
46,PV,61,50.0,107.38539999999999,0.24517214611872146
273,PV,120,47.66666666666667,105.02753,0.2515267985439218
248,WIND,19,52.4000230998023,100.39331,0.2187102760270534
191,PV,58,41.33333333333334,89.51399,0.2472215808661069
99,WIND,19,42.00002267048929,80.66572000000001,0.2192478703489919
68,WIND,74,34.00008830590619,78.77985000000001,0.2645032413072183
164,PV,3,33.33333333333334,78.39376000000001,0.2684717808219178
200,PV,63,34.66666666666667,73.27364,0.2412856954689146
111,PV,70,32.0,67.66425,0.24138217037671234
254,PV,23,32.0,66.51149,0.23726987014840178
258,PV,8,28.0,58.25001000000001,0.23748373287671237
86,PV,91,25.33333333333333,52.094770000000004,0.23474571917808223
214,PV,90,25.0,51.770360000000004,0.2363943378995434
218,PV,68,23.0,47.410619999999994,0.23531179273377006
278,PV,34,21.33333333333334,47.26413,0.25291165453767117
240,PV,15,22.66666666666667,47.09251,0.23717017526188552
173,PV,13,21.33333333333334,44.865199999999994,0.24007491438356154
101,PV,26,18.66666666666667,42.62056,0.2606443248532289
198,PV,43,20.0,42.184760000000004,0.24078059360730594
36,PV,15,20.0,41.552369999999996,0.23717106164383558
188,PV,27,19.0,39.86503,0.23951592165344868
153,PV,83,18.33333333333334,38.25161,0.2381793897882938
190,PV,58,16.0,34.650580000000005,0.24722160388127856
217,PV,68,16.66666666666667,34.35555,0.23531198630136985
219,PV,68,15.66666666666667,32.29396,0.23531011366948407
152,PV,52,14.66666666666667,30.584919999999997,0.23805199252801987
255,PV,23,14.66666666666667,30.48461,0.23727124844333744
104,WIND,74,13.00007328143217,30.032,0.26371470591475166
277,PV,34,13.33333333333333,29.53966,0.25290804794520555
233,PV,91,14.33333333333333,29.474589999999996,0.23474506212169483
172,PV,13,14.0,29.44274,0.24007452707110244
29,PV,100,13.33333333333333,28.485260000000004,0.2438806506849316
221,PV,90,13.33333333333333,27.61091,0.23639477739726034
225,PV,86,12.33333333333333,25.797220000000003,0.2387747130692337
38,PV,33,12.0,25.04465,0.23824819254185695
170,PV,76,11.66666666666667,24.45081,0.2392447162426614
117,WIND,30,10.0000765408814,23.773559999999996,0.2713855940236201
260,PV,108,11.33333333333333,23.74071,0.2391288275584207
276,PV,35,10.66666666666667,23.658489999999997,0.2531944563356163
196,PV,87,10.66666666666667,23.485629999999997,0.2513444991438355
167,PV,76,10.66666666666667,22.35488,0.23924315068493143
32,PV,101,9.333333333333334,19.59062,0.23961130136986306
37,PV,33,9.333333333333334,19.479110000000002,0.23824743150684932
39,PV,33,8.0,16.69629,0.238246147260274
40,PV,33,8.0,16.69629,0.238246147260274
35,PV,91,8.0,16.45092,0.2347448630136986
34,PV,91,8.0,16.45092,0.2347448630136986
123,PV,50,6.666666666666667,15.222050000000001,0.26065154109589045
9,PV,50,5.0,11.416720000000002,0.2606557077625571
168,PV,76,5.333333333333334,11.17741,0.2392425085616438
33,PV,91,5.0,10.28204,0.23474977168949773
69,PV,91,5.0,10.28204,0.23474977168949773
160,PV,108,4.666666666666667,9.77547,0.23912597847358125
210,PV,106,4.333333333333334,8.931970000000002,0.2352995258166491
84,WIND,42,1.808070581387118e-05,0.0,0.0
169,WIND,76,1.547366779123746e-05,0.0,0.0
159,WIND,38,1.455330936732537e-05,0.0,0.0
134,WIND,18,6.178165706542476e-05,0.0,0.0
