Line,cont_rating,max_abs_flow,p99_abs_flow,mean_abs_flow,sum_violation,hours_ge_99pct
L1,1207.06625,1207.06625,805.2329326999999,324.36126273447485,0.0,8
L10,1207.06625,652.02,558.0846999999998,241.03583447488586,0.0,0
L100,1493.89381,511.977147,272.23470795,63.43735416723744,0.0,0
L101,1326.57776,1294.235361,1010.2605131299999,647.851410609589,0.0,0
L102,1326.57776,917.788808,779.0166795299999,327.5256170166667,0.0,0
L103,1326.57776,816.343466,594.18349364,408.20199963470316,0.0,0
L104,1207.06625,825.761245,644.0792017799998,213.65358312054792,0.0,0
L105,1326.57776,1326.57776,777.2403921299998,263.78950003767125,0.0,12
L106,1326.57776,1326.57776,777.2403921299998,263.78950003767125,0.0,12
L107,1326.57776,690.059682,460.12052439999997,158.93931027968037,0.0,0
L108,1326.57776,690.059682,460.12052439999997,158.93931027968037,0.0,0
L109,1326.57776,1326.57776,876.6529412699999,305.0502210833333,0.0,1
L11,1207.06625,577.039345,512.0563190699999,244.97056218949774,0.0,0
L110,1207.06625,633.835644,401.79701129,121.67338419417807,0.0,0
L111,1326.57776,668.42633,542.1464951599999,215.42459803150686,0.0,0
L112,1493.89381,1124.791134,765.492102,548.7986599815068,0.0,0
L113,1207.06625,1017.374503,876.91903227,226.42201532785387,0.0,0
L114,1207.06625,1207.06625,945.7214876599996,322.5906676808219,0.0,4
L115,1207.06625,1113.750737,632.1713691799999,230.33152790696346,0.0,0
L116,1326.57776,842.934494,720.2124462399998,170.0472830946347,0.0,0
L117,1326.57776,842.934494,720.2124462399998,170.0472830946347,0.0,0
L118,1326.57776,1308.05887,971.7636817099999,444.83975014337904,0.0,0
L119,1493.89381,1295.969364,855.6942531299998,280.9935679858447,0.0,0
L12,1207.06625,653.160446,387.20418932999996,108.85898008059361,0.0,0
L120,1326.57776,813.45888,720.4436467899998,186.56543940525114,0.0,0
L121,1326.57776,813.45888,720.4436467899998,186.56543940525114,0.0,0
L122,1326.57776,1326.57776,1179.8513905099999,318.1400243644977,0.0,30
L123,1326.57776,820.567657,651.57423087,428.77323443847035,0.0,0
L124,1326.57776,820.567657,651.57423087,428.77323443847035,0.0,0
L125,1326.57776,674.82554,503.68302331999996,337.76924661872147,0.0,0
L126,1326.57776,695.477572,428.0333871899993,233.3583188038813,0.0,0
L127,1326.57776,695.477572,428.0333871899993,233.3583188038813,0.0,0
L128,1326.57776,682.245956,525.39979978,350.7552425402968,0.0,0
L129,1326.57776,942.33806,725.6975639399999,484.4733956380137,0.0,0
L13,1326.57776,847.179,825.50258826,272.81429161643837,0.0,0
L130,1326.57776,942.33806,725.6975639399999,484.4733956380137,0.0,0
L131,1493.89381,1087.013575,916.7677946599998,374.61251332077626,0.0,0
L132,1326.57776,1115.197058,735.1124880799999,365.4548863981735,0.0,0
L133,1207.06625,2555.310121,1207.06625,788.6060195034247,19666.750391999998,2566
L134,1326.57776,720.742578,686.48262646,338.93703090216894,0.0,0
L135,1207.06625,773.262719,675.5969096599999,346.0978755535388,0.0,0
L136,1326.57776,1200.811247,1052.02640946,483.0492524457763,0.0,0
L137,1326.57776,910.742564,820.4641641499999,402.34914399292234,0.0,0
L138,1326.57776,910.742564,820.4641641499999,402.34914399292234,0.0,0
L139,1326.57776,483.171248,435.27634515999995,213.45608068413242,0.0,0
L14,1493.89381,1056.744332,1029.70585949,340.29993217385845,0.0,0
L140,1326.57776,1005.811489,795.2430333299999,306.15471232511413,0.0,0
L141,1326.57776,845.111489,641.1043019599999,284.6140489910959,0.0,0
L142,1207.06625,136.68,117.2041,55.78553881278539,0.0,0
L143,1207.06625,1153.969676,962.47147648,625.0819282844749,0.0,0
L144,1326.57776,935.258057,793.450882,196.46686413025114,0.0,0
L145,1326.57776,1204.923001,1093.4922438899996,280.19666919406393,0.0,0
L146,1326.57776,604.950446,371.6679510699998,112.89570278835616,0.0,0
L147,1326.57776,1373.72,1314.3182,980.2564376607305,74.35672,98
L148,1207.06625,120.362164,114.61229274,71.89992034474885,0.0,0
L149,1207.06625,213.347836,203.15590726,127.44613330821917,0.0,0
L15,1326.57776,1264.93149,1211.1531541499999,364.3567180408676,0.0,0
L150,1326.57776,863.052369,784.0152311499999,221.31609381598173,0.0,0
L151,1207.06625,1207.06625,1096.5247987099997,309.53299834280824,0.0,18
L152,1326.57776,1326.57776,1326.57776,656.464801176484,0.0,1177
L153,1326.57776,889.999302,684.5544182599999,336.2890618155251,0.0,0
L154,1326.57776,889.999302,684.5544182599999,336.2890618155251,0.0,0
L155,1326.57776,889.999302,684.5544182599999,336.2890618155251,0.0,0
L156,1326.57776,685.32012,567.2374878599999,313.1679304436073,0.0,0
L157,1326.57776,685.32012,567.2374878599999,313.1679304436073,0.0,0
L158,1326.57776,1253.9,1219.0205999999998,936.5934909261415,0.0,0
L159,1326.57776,1326.57776,1326.57776,471.9789680770548,0.0,495
L16,1207.06625,415.157002,397.50667608,119.58374336152967,0.0,0
L160,1326.57776,490.759412,340.52202468999997,100.09417581917809,0.0,0
L161,1326.57776,490.759412,340.52202468999997,100.09417581917809,0.0,0
L162,1207.06625,1551.446465,1038.23241891,504.3094101515981,1248.136875,9
L163,1326.57776,755.038639,653.2551539399999,234.03302868230594,0.0,0
L164,1326.57776,755.038639,653.2551539399999,234.03302868230594,0.0,0
L165,1207.06625,941.760013,717.34543127,379.88390851894974,0.0,0
L166,1326.57776,1326.57776,1326.57776,505.66281980011416,0.0,180
L167,1326.57776,987.909516,842.83403531,343.946471768379,0.0,0
L168,1207.06625,296.567696,213.16063843,119.27555742237442,0.0,0
L169,1493.89381,1032.102625,918.0275479899998,420.49833410114155,0.0,0
L17,1326.57776,754.132251,597.20697431,373.96393473458903,0.0,0
L170,1326.57776,661.41497,569.99577515,159.35493485479452,0.0,0
L171,1326.57776,595.273473,512.99619744,143.41944137054793,0.0,0
L172,1207.06625,1025.449869,802.7133080499999,271.9566042783105,0.0,0
L173,855.10483,707.092124,610.2541404399999,389.44061172294516,0.0,0
L174,1326.57776,34.1675,31.379099999999998,19.8579200913242,0.0,0
L175,1326.57776,34.1675,31.379099999999998,19.8579200913242,0.0,0
L176,1326.57776,34.1675,31.379099999999998,19.8579200913242,0.0,0
L177,1326.57776,34.1675,31.379099999999998,19.8579200913242,0.0,0
L178,919.64102,752.682562,619.7851230099998,175.05214601004567,0.0,0
L179,1326.57776,693.966224,614.2794084399999,263.5146366627854,0.0,0
L18,1326.57776,730.916261,554.6232417199999,355.3326675505708,0.0,0
L180,1326.57776,693.966224,614.2794084399999,263.5146366627854,0.0,0
L181,681.21557,467.648509,400.27585704999996,140.189429878653,0.0,0
L182,681.21557,467.648509,400.27585704999996,140.189429878653,0.0,0
L183,598.15507,598.15507,511.98074741,179.3120614714612,0.0,13
L184,681.21557,681.21557,596.5252299599998,140.24004303652967,0.0,42
L185,681.21557,681.21557,596.5252299599998,140.24004303652967,0.0,42
L186,1326.57776,455.360487,440.32596284,142.39354499828767,0.0,0
L187,681.21557,681.249335,681.21557,396.8035634208904,0.041616,1409
L188,1207.06625,2114.847542,1207.06625,580.6818277434932,7738.3428380000005,295
L189,1207.06625,1207.06625,1207.06625,459.2988390490868,0.0,275
L19,1326.57776,730.916261,554.6232417199999,355.3326675505708,0.0,0
L190,1207.06625,910.841537,713.95505569,264.93571656232876,0.0,0
L191,1326.57776,1326.57776,1144.3468956399997,481.66097574360725,0.0,15
L192,681.21557,681.21557,681.21557,632.2231271770548,0.0,6259
L193,1326.57776,1273.193291,1102.7316749699999,743.9694143221461,0.0,0
L194,1326.57776,1312.191466,1112.2543845199998,568.6684369622146,0.0,0
L195,1326.57776,642.391383,544.5109584999999,278.39512253413244,0.0,0
L196,1326.57776,1249.388879,1154.7214727199998,812.2540960760274,0.0,0
L197,1326.57776,517.390827,307.52966993999996,164.89091877694062,0.0,0
L198,1493.89381,1104.113247,656.2690422799999,351.8776096247717,0.0,0
L199,1326.57776,818.611923,531.1254496,340.577914856621,0.0,0
L2,1207.06625,1207.06625,1085.0106716499997,438.8843568455479,0.0,50
L20,1326.57776,961.674435,693.4821656699997,421.53634634726023,0.0,0
L200,1326.57776,961.666747,623.94117321,400.0948999787671,0.0,0
L201,1326.57776,961.666747,623.94117321,400.0948999787671,0.0,0
L202,1493.89381,1175.536465,809.1977350299996,238.36005005936073,0.0,0
L203,1493.89381,1493.89381,1419.64944085,1002.4759797831051,0.0,55
L204,919.64102,273.234817,267.43883144,197.51056919646118,0.0,0
L205,681.21557,681.21557,666.7653056999999,492.4236108651827,0.0,52
L206,681.21557,681.21557,666.7653056999999,492.4236108651827,0.0,52
L207,681.21557,681.21557,666.7653056999999,492.4236108651827,0.0,52
L208,1326.57776,812.411937,487.5284996099998,258.970864105137,0.0,0
L209,1326.57776,812.411937,487.5284996099998,258.970864105137,0.0,0
L21,1326.57776,749.395144,537.48629937,347.09186799703195,0.0,0
L210,1326.57776,798.386739,708.2833225999997,316.49600095262554,0.0,0
L211,1326.57776,1087.772201,965.0096509099996,431.2140152068493,0.0,0
L212,1326.57776,1087.772201,965.0096509099996,431.2140152068493,0.0,0
L213,1326.57776,1326.57776,796.0794706799998,422.87043448961185,0.0,3
L214,1326.57776,1326.57776,796.0794706799998,422.87043448961185,0.0,3
L215,1326.57776,675.883023,549.30100752,187.21093250787672,0.0,0
L216,1207.06625,596.007334,498.30564328999986,179.40755822568494,0.0,0
L217,1326.57776,862.930902,650.22935264,323.0070390479452,0.0,0
L218,1326.57776,886.654088,668.10507335,331.88695764920095,0.0,0
L219,1326.57776,886.654088,668.10507335,331.88695764920095,0.0,0
L22,1326.57776,565.891832,405.87280140999997,262.09998098732876,0.0,0
L220,1326.57776,886.654088,668.10507335,331.88695764920095,0.0,0
L221,1326.57776,581.351082,580.40675544,194.5849591655251,0.0,0
L222,1326.57776,1097.533751,982.9240623999999,483.25347365045667,0.0,0
L223,1326.57776,835.366499,537.3596300199997,165.06841011929222,0.0,0
L224,1326.57776,943.162807,606.7009121099996,186.36895923150686,0.0,0
L225,1326.57776,1169.474566,1060.28097898,625.5258115623287,0.0,0
L226,1326.57776,601.750209,464.15999110999996,314.0304896124429,0.0,0
L227,1326.57776,601.750209,464.15999110999996,314.0304896124429,0.0,0
L228,1326.57776,613.443762,473.17981228,320.13290876141554,0.0,0
L229,1326.57776,613.443762,473.17981228,320.13290876141554,0.0,0
L23,1326.57776,565.891832,405.87280140999997,262.09998098732876,0.0,0
L230,1326.57776,613.443762,473.17981228,320.13290876141554,0.0,0
L231,752.32491,682.548893,602.128117,415.00684180981733,0.0,0
L232,752.32491,682.548893,602.128117,415.00684180981733,0.0,0
L233,752.32491,682.548893,602.128117,415.00684180981733,0.0,0
L234,752.32491,682.548893,602.128117,415.00684180981733,0.0,0
L235,1326.57776,353.426127,328.26853438,191.57761822009132,0.0,0
L236,1326.57776,353.426127,328.26853438,191.57761822009132,0.0,0
L237,1326.57776,1070.233136,998.62555243,378.0277609171233,0.0,0
L238,1326.57776,448.934839,371.2250220699999,185.9502266780822,0.0,0
L239,1326.57776,625.473699,471.46838058,191.04227194977167,0.0,0
L24,1326.57776,768.075081,550.88405156,355.7437180856165,0.0,0
L240,1326.57776,542.213754,352.5132140699999,149.24603050068492,0.0,0
L241,1326.57776,555.683754,363.42126730999996,157.36031661872144,0.0,0
L242,1326.57776,460.226332,448.46594829,140.4786056045662,0.0,0
L243,1326.57776,312.542124,304.40918152,112.1461618012557,0.0,0
L244,1326.57776,210.692481,205.20986119,75.60053936815068,0.0,0
L245,1207.06625,6.25,5.79,3.6372705479452057,0.0,0
L246,700.0,359.802735,344.50578608999996,103.63924424634703,0.0,0
L247,700.0,1577.146074,1137.3107515999998,691.3196083615297,107683.058662,7014
L248,700.0,700.0,700.0,378.09323781084476,0.0,2325
L249,700.0,700.0,700.0,422.59016723972604,0.0,284
L25,1326.57776,768.075081,550.88405156,355.7437180856165,0.0,0
L250,700.0,1028.559004,700.0,501.8458857425799,7310.533885,566
L251,700.0,825.105442,700.0,173.32743346015982,1140.646785,189
L252,700.0,2078.186489,1235.2441752999998,662.311856879452,99348.157984,5984
L253,700.0,583.288918,582.34144456,195.2335756971461,0.0,0
L254,700.0,805.418873,748.08751562,436.58410552420094,10043.111031,306
L255,700.0,805.418873,748.08751562,436.58410552420094,10043.111031,306
L26,1326.57776,633.406536,454.29615842,293.3702729473744,0.0,0
L27,1493.89381,1063.676494,911.3789560299998,303.19464883664386,0.0,0
L28,1207.06625,1106.059904,1038.72325204,691.3105695981735,0.0,0
L29,1326.57776,587.454893,362.7830798299998,130.99292175479454,0.0,0
L3,1207.06625,767.34,492.8151,257.6086698097032,0.0,0
L30,1326.57776,616.5,564.8056,312.1974944625571,0.0,0
L31,1207.06625,210.74,202.74229999999997,162.98947260273974,0.0,0
L32,1326.57776,1159.573227,971.2390871199997,354.5423693439498,0.0,0
L33,1326.57776,939.873869,783.1214998599999,470.446978425,0.0,0
L34,1326.57776,692.702029,586.7629125,163.03829315627854,0.0,0
L35,1326.57776,1005.385448,841.8216818499997,464.9421654436073,0.0,0
L36,1207.06625,122.956343,102.95286794999997,56.86136427865297,0.0,0
L37,1493.89381,531.325259,522.7591868200001,178.33666902534245,0.0,0
L38,1326.57776,590.701242,494.6014627499998,273.1707678232877,0.0,0
L39,1326.57776,887.061477,674.7555320099999,220.46889027773972,0.0,0
L4,1326.57776,879.148427,574.57865051,244.54820110536534,0.0,0
L40,1326.57776,202.831258,171.38171803999998,91.74787642248859,0.0,0
L41,1326.57776,416.874294,352.23679738,188.56724349828767,0.0,0
L42,1326.57776,710.215552,576.61841447,327.9626191650685,0.0,0
L43,1326.57776,760.278589,583.16846106,170.25954865570776,0.0,0
L44,1207.06625,856.164314,761.410653,325.0969429303653,0.0,0
L45,1207.06625,556.95903,411.80033801999997,152.79406065148402,0.0,0
L46,1326.57776,1033.807044,948.7235454,468.0321775432648,0.0,0
L47,1207.06625,782.072827,606.37561538,173.96569172545662,0.0,0
L48,1326.57776,1152.235668,1003.19585623,284.0293050842466,0.0,0
L49,1207.06625,855.84,749.0607,236.5771708425799,0.0,0
L5,1326.57776,398.387819,260.37143267,110.8174929283105,0.0,0
L50,1326.57776,1326.57776,1284.0401528799998,768.3527760377855,0.0,57
L51,1326.57776,790.145602,475.98717902999994,134.030686073516,0.0,0
L52,1207.06625,535.03,511.2505,385.7779337727169,0.0,0
L53,1207.06625,1207.06625,1207.06625,601.3831558165525,0.0,409
L54,1207.06625,995.566446,839.9271843799999,281.3493239073059,0.0,0
L55,1207.06625,1207.06625,1207.06625,755.3958983389269,0.0,1864
L56,1326.57776,1286.681993,864.2495168899999,312.2504882972603,0.0,0
L57,1326.57776,493.18,469.6182,294.60771803652966,0.0,0
L58,1326.57776,1091.806666,737.73628214,259.6898664492009,0.0,0
L59,1326.57776,1326.57776,1083.5711632699997,665.1852675028539,0.0,1
L6,1207.06625,438.53,435.4941,221.35957433915524,0.0,0
L60,1326.57776,557.735667,413.58917785,201.27186667545664,0.0,0
L61,1326.57776,1094.998453,894.4132661699998,549.0645634747717,0.0,0
L62,1493.89381,1409.279608,1148.13045351,461.93117409783105,0.0,0
L63,1326.57776,803.049266,654.68069524,262.18108131974884,0.0,0
L64,1326.57776,803.049266,654.68069524,262.18108131974884,0.0,0
L65,1326.57776,465.403004,382.20154984,166.9918477165525,0.0,0
L66,1326.57776,662.895031,567.79652296,228.54176901187213,0.0,0
L67,1326.57776,662.895031,567.79652296,228.54176901187213,0.0,0
L68,1326.57776,459.753876,355.6798949599999,130.52364995764842,0.0,0
L69,1326.57776,459.753876,355.6798949599999,130.52364995764842,0.0,0
L7,1207.06625,196.39,186.9346,153.1233565537671,0.0,0
L70,1326.57776,747.422027,635.48034817,260.34605954737447,0.0,0
L71,1493.89381,466.045488,403.05949914999997,191.43460920719178,0.0,0
L72,1326.57776,137.614679,137.614679,74.33025647568493,0.0,0
L73,1326.57776,809.50075,700.0968248099999,332.5135929563927,0.0,0
L74,1326.57776,1783.706436,1326.57776,570.8710186494292,2669.975243,332
L75,1326.57776,855.66,838.1591999999999,636.2261076992008,0.0,0
L76,1326.57776,1189.375247,1030.62070748,658.0011173619863,0.0,0
L77,1326.57776,1326.57776,1116.5983807199998,584.3599236371005,0.0,7
L78,1326.57776,1035.180797,808.5765342099997,498.69773833595895,0.0,0
L79,1207.06625,749.829813,663.5555773599999,377.64664820673516,0.0,0
L8,1493.89381,1173.0,1106.3620999999998,480.0003771531963,0.0,0
L80,1207.06625,364.67,347.2541,217.8413892694064,0.0,0
L81,1493.89381,444.063477,392.97023379,223.64952797180365,0.0,0
L82,1207.06625,219.16,208.6841,130.91649885844748,0.0,0
L83,1326.57776,175.389755,175.389755,105.88283700159818,0.0,0
L84,1207.06625,600.881002,511.15219195,137.39598901015984,0.0,0
L85,1207.06625,275.098998,234.01880805,62.90346799908675,0.0,0
L86,1326.57776,702.430577,537.80460554,280.07158742762556,0.0,0
L87,1326.57776,785.989088,601.77982701,313.38785454326484,0.0,0
L88,1493.89381,1493.89381,1269.83913353,620.9329397469179,0.0,4
L89,1326.57776,591.307033,452.7246622999999,235.76465039269405,0.0,0
L9,1326.57776,922.08,815.292,292.62612886666665,0.0,0
L90,1326.57776,723.974215,644.59976088,247.30163018652965,0.0,0
L91,1493.89381,682.459037,562.23314933,282.64176465707766,0.0,0
L92,1207.06625,576.073438,431.64778244999974,153.82198410068494,0.0,0
L93,1326.57776,797.029466,651.54004644,268.1992645787671,0.0,0
L94,1326.57776,1120.193575,951.7756123799999,382.379644547032,0.0,0
L95,1207.06625,680.105513,533.4479590599999,247.0142190747717,0.0,0
L96,1326.57776,643.433336,575.01369665,247.6428831497717,0.0,0
L97,1326.57776,1326.57776,1156.3950820799998,594.4876056281963,0.0,8
L98,1326.57776,747.361408,635.13181055,301.5551086886986,0.0,0
L99,1326.57776,671.711226,524.32760573,336.2364209431507,0.0,0
