scenario,metric,floor,BO_median,BO_IQR,BO_max,random_median,random_IQR,random_max,Sobol_median,Sobol_IQR,Sobol_max
A,starts,30.0,9.0,6–15,20.0,12.0,4–22,50.0,11.0,11–11,11.0
A,starts,60.0,7.5,5–11,20.0,6.5,2–12,37.0,11.0,11–11,11.0
A,starts,120.0,1.5,1–3,7.0,2.0,1–3,9.0,2.0,2–2,2.0
B,starts,30.0,7.0,6–7,14.0,46.0,20–60,80.0,76.0,76–76,76.0
B,starts,60.0,6.0,6–7,14.0,17.0,10–26,57.0,48.0,48–48,48.0
B,starts,120.0,6.0,4–6,10.0,11.0,4–18,48.0,16.0,16–16,16.0
C,starts,30.0,6.0,6–8,10.0,22.5,12–40,75.0,48.0,48–48,48.0
C,starts,60.0,6.0,4–6,9.0,14.5,7–20,57.0,16.0,16–16,16.0
C,starts,120.0,6.0,4–6,9.0,8.0,4–15,42.0,2.0,2–2,2.0
