Date,Hour,unit_type,is_pem,Output,Curtailment
2019-01-01,0,HYDRO,False,497.8,0.0
2019-01-01,0,PV,False,0.0,0.0
2019-01-01,0,WIND,False,7648.164923,2165.4850770000003
2019-01-01,1,HYDRO,False,497.8,0.0
2019-01-01,1,PV,False,0.0,0.0
2019-01-01,1,WIND,False,8380.94227,2254.62773
2019-01-01,2,HYDRO,False,497.8,0.0
2019-01-01,2,PV,False,0.0,0.0
2019-01-01,2,WIND,False,8825.575861,2232.824139
2019-01-01,3,HYDRO,False,497.8,0.0
2019-01-01,3,PV,False,0.0,0.0
2019-01-01,3,WIND,False,9088.077797,2237.172203
2019-01-01,4,HYDRO,False,497.8,0.0
2019-01-01,4,PV,False,0.0,0.0
2019-01-01,4,WIND,False,9368.34067,2209.6093299999998
2019-01-01,5,HYDRO,False,497.8,0.0
2019-01-01,5,PV,False,0.0,0.0
2019-01-01,5,WIND,False,9987.146377000001,2204.753623
2019-01-01,6,HYDRO,False,497.8,0.0
2019-01-01,6,PV,False,0.0,0.0
2019-01-01,6,WIND,False,10402.250827,2187.019173
2019-01-01,7,HYDRO,False,497.8,0.0
2019-01-01,7,PV,False,0.0,0.0
2019-01-01,7,WIND,False,10767.008074,2112.221926
2019-01-01,8,HYDRO,False,497.8,0.0
2019-01-01,8,PV,False,0.0,0.0
2019-01-01,8,WIND,False,10175.419579,2054.1904210000002
2019-01-01,9,HYDRO,False,497.8,0.0
2019-01-01,9,PV,False,238.78,7.13
2019-01-01,9,WIND,False,9874.066038,2009.033962
2019-01-01,10,HYDRO,False,497.8,0.0
2019-01-01,10,PV,False,1802.99,40.53
2019-01-01,10,WIND,False,9737.927999,1360.6620010000001
2019-01-01,11,HYDRO,False,497.8,0.0
2019-01-01,11,PV,False,3054.16,67.94
2019-01-01,11,WIND,False,8869.199,1927.211
2019-01-01,12,HYDRO,False,497.8,0.0
2019-01-01,12,PV,False,4143.03,276.58
2019-01-01,12,WIND,False,8117.546447000001,2271.613553
2019-01-01,13,HYDRO,False,497.8,0.0
2019-01-01,13,PV,False,4186.83,992.6700000000001
2019-01-01,13,WIND,False,8899.744251,1221.205749
2019-01-01,14,HYDRO,False,497.8,0.0
2019-01-01,14,PV,False,4357.57,1033.95
2019-01-01,14,WIND,False,8660.877716,1484.592284
2019-01-01,15,HYDRO,False,497.8,0.0
2019-01-01,15,PV,False,4318.94287,711.40713
2019-01-01,15,WIND,False,8323.187184,1644.462816
2019-01-01,16,HYDRO,False,497.8,0.0
2019-01-01,16,PV,False,3959.094102,160.805898
2019-01-01,16,WIND,False,8509.661563,1281.948437
2019-01-01,17,HYDRO,False,497.8,0.0
2019-01-01,17,PV,False,2693.9,67.85
2019-01-01,17,WIND,False,8480.31,1608.4199999999998
2019-01-01,18,HYDRO,False,497.8,0.0
2019-01-01,18,PV,False,1281.29,23.61
2019-01-01,18,WIND,False,9237.937075,684.882925
2019-01-01,19,HYDRO,False,497.8,0.0
2019-01-01,19,PV,False,0.0,0.0
2019-01-01,19,WIND,False,9226.755,193.025
2019-01-01,20,HYDRO,False,497.8,0.0
2019-01-01,20,PV,False,0.0,0.0
2019-01-01,20,WIND,False,9108.638111,63.351889
2019-01-01,21,HYDRO,False,497.8,0.0
2019-01-01,21,PV,False,0.0,0.0
2019-01-01,21,WIND,False,8236.86,0.0
2019-01-01,22,HYDRO,False,497.8,0.0
2019-01-01,22,PV,False,0.0,0.0
2019-01-01,22,WIND,False,7295.99,0.0
2019-01-01,23,HYDRO,False,497.8,0.0
2019-01-01,23,PV,False,0.0,0.0
2019-01-01,23,WIND,False,7017.59,0.0
2019-01-02,0,HYDRO,False,497.8,0.0
2019-01-02,0,PV,False,0.0,0.0
2019-01-02,0,WIND,False,6488.59,0.0
2019-01-02,1,HYDRO,False,497.8,0.0
2019-01-02,1,PV,False,0.0,0.0
2019-01-02,1,WIND,False,6536.03,0.0
2019-01-02,2,HYDRO,False,497.8,0.0
2019-01-02,2,PV,False,0.0,0.0
2019-01-02,2,WIND,False,6049.0,0.0
2019-01-02,3,HYDRO,False,497.8,0.0
2019-01-02,3,PV,False,0.0,0.0
2019-01-02,3,WIND,False,6033.34,0.0
2019-01-02,4,HYDRO,False,497.8,0.0
2019-01-02,4,PV,False,0.0,0.0
2019-01-02,4,WIND,False,6170.9614599999995,5.94854
2019-01-02,5,HYDRO,False,497.8,0.0
2019-01-02,5,PV,False,0.0,0.0
2019-01-02,5,WIND,False,6195.215888,80.394112
2019-01-02,6,HYDRO,False,497.8,0.0
2019-01-02,6,PV,False,0.0,0.0
2019-01-02,6,WIND,False,6538.96,0.0
2019-01-02,7,HYDRO,False,497.8,0.0
2019-01-02,7,PV,False,0.0,0.0
2019-01-02,7,WIND,False,6788.35,0.0
2019-01-02,8,HYDRO,False,497.8,0.0
2019-01-02,8,PV,False,0.0,0.0
2019-01-02,8,WIND,False,5446.17,0.0
2019-01-02,9,HYDRO,False,497.8,0.0
2019-01-02,9,PV,False,117.63,0.0
2019-01-02,9,WIND,False,4620.76,0.0
2019-01-02,10,HYDRO,False,497.8,0.0
2019-01-02,10,PV,False,986.42,0.0
2019-01-02,10,WIND,False,4281.7,0.0
2019-01-02,11,HYDRO,False,497.8,0.0
2019-01-02,11,PV,False,1699.65,0.0
2019-01-02,11,WIND,False,2106.29,0.0
2019-01-02,12,HYDRO,False,497.8,0.0
2019-01-02,12,PV,False,2418.06,0.0
2019-01-02,12,WIND,False,1353.5,0.0
2019-01-02,13,HYDRO,False,497.8,0.0
2019-01-02,13,PV,False,3917.36,0.0
2019-01-02,13,WIND,False,1185.97,0.0
2019-01-02,14,HYDRO,False,497.8,0.0
2019-01-02,14,PV,False,4074.57,0.0
2019-01-02,14,WIND,False,1158.19,0.0
2019-01-02,15,HYDRO,False,497.8,0.0
2019-01-02,15,PV,False,3791.96,0.0
2019-01-02,15,WIND,False,1371.21,0.0
2019-01-02,16,HYDRO,False,497.8,0.0
2019-01-02,16,PV,False,3492.3199999999997,0.0
2019-01-02,16,WIND,False,2046.35,0.0
2019-01-02,17,HYDRO,False,497.8,0.0
2019-01-02,17,PV,False,2340.69,0.0
2019-01-02,17,WIND,False,1840.27,0.0
2019-01-02,18,HYDRO,False,497.8,0.0
2019-01-02,18,PV,False,1127.06,0.0
2019-01-02,18,WIND,False,2081.49,0.0
2019-01-02,19,HYDRO,False,497.8,0.0
2019-01-02,19,PV,False,0.0,0.0
2019-01-02,19,WIND,False,3015.33,0.0
2019-01-02,20,HYDRO,False,497.8,0.0
2019-01-02,20,PV,False,0.0,0.0
2019-01-02,20,WIND,False,3263.56,0.0
2019-01-02,21,HYDRO,False,497.8,0.0
2019-01-02,21,PV,False,0.0,0.0
2019-01-02,21,WIND,False,3698.91,0.0
2019-01-02,22,HYDRO,False,497.8,0.0
2019-01-02,22,PV,False,0.0,0.0
2019-01-02,22,WIND,False,4251.16,0.0
2019-01-02,23,HYDRO,False,497.8,0.0
2019-01-02,23,PV,False,0.0,0.0
2019-01-02,23,WIND,False,2419.33,0.0
2019-01-03,0,HYDRO,False,497.8,0.0
2019-01-03,0,PV,False,0.0,0.0
2019-01-03,0,WIND,False,1696.92,0.0
2019-01-03,1,HYDRO,False,497.8,0.0
2019-01-03,1,PV,False,0.0,0.0
2019-01-03,1,WIND,False,1771.83,0.0
2019-01-03,2,HYDRO,False,497.8,0.0
2019-01-03,2,PV,False,0.0,0.0
2019-01-03,2,WIND,False,1589.3,0.0
2019-01-03,3,HYDRO,False,497.8,0.0
2019-01-03,3,PV,False,0.0,0.0
2019-01-03,3,WIND,False,1862.04,0.0
2019-01-03,4,HYDRO,False,497.8,0.0
2019-01-03,4,PV,False,0.0,0.0
2019-01-03,4,WIND,False,2492.48,0.0
2019-01-03,5,HYDRO,False,497.8,0.0
2019-01-03,5,PV,False,0.0,0.0
2019-01-03,5,WIND,False,1732.1499999999999,0.0
2019-01-03,6,HYDRO,False,497.8,0.0
2019-01-03,6,PV,False,0.0,0.0
2019-01-03,6,WIND,False,1934.17,0.0
2019-01-03,7,HYDRO,False,497.8,0.0
2019-01-03,7,PV,False,0.0,0.0
2019-01-03,7,WIND,False,3213.65,0.0
2019-01-03,8,HYDRO,False,497.8,0.0
2019-01-03,8,PV,False,0.0,0.0
2019-01-03,8,WIND,False,3609.63,0.0
2019-01-03,9,HYDRO,False,497.8,0.0
2019-01-03,9,PV,False,185.3,0.0
2019-01-03,9,WIND,False,4363.98,0.0
2019-01-03,10,HYDRO,False,497.8,0.0
2019-01-03,10,PV,False,1712.23,0.0
2019-01-03,10,WIND,False,5567.62,0.0
2019-01-03,11,HYDRO,False,497.8,0.0
2019-01-03,11,PV,False,2923.93,0.0
2019-01-03,11,WIND,False,7022.61,14.64
2019-01-03,12,HYDRO,False,497.8,0.0
2019-01-03,12,PV,False,3772.01993,379.91006999999996
2019-01-03,12,WIND,False,7493.76,311.13
2019-01-03,13,HYDRO,False,497.8,0.0
2019-01-03,13,PV,False,4300.89,945.3
2019-01-03,13,WIND,False,6681.0547,2086.6953
2019-01-03,14,HYDRO,False,497.8,0.0
2019-01-03,14,PV,False,4680.068331,786.0616689999999
2019-01-03,14,WIND,False,7313.536357,1269.663643
2019-01-03,15,HYDRO,False,497.8,0.0
2019-01-03,15,PV,False,4725.198554,379.621446
2019-01-03,15,WIND,False,7459.227819,1187.972181
2019-01-03,16,HYDRO,False,497.8,0.0
2019-01-03,16,PV,False,3831.59051,402.48949
2019-01-03,16,WIND,False,7616.098663,1153.471337
2019-01-03,17,HYDRO,False,497.8,0.0
2019-01-03,17,PV,False,2834.7400000000002,20.88
2019-01-03,17,WIND,False,6707.345,99.705
2019-01-03,18,HYDRO,False,497.8,0.0
2019-01-03,18,PV,False,1375.17,0.0
2019-01-03,18,WIND,False,4316.83,0.0
2019-01-03,19,HYDRO,False,497.8,0.0
2019-01-03,19,PV,False,0.0,0.0
2019-01-03,19,WIND,False,2357.38,0.0
2019-01-03,20,HYDRO,False,497.8,0.0
2019-01-03,20,PV,False,0.0,0.0
2019-01-03,20,WIND,False,2516.11,0.0
2019-01-03,21,HYDRO,False,497.8,0.0
2019-01-03,21,PV,False,0.0,0.0
2019-01-03,21,WIND,False,3041.2400000000002,0.0
2019-01-03,22,HYDRO,False,497.8,0.0
2019-01-03,22,PV,False,0.0,0.0
2019-01-03,22,WIND,False,3767.95,0.0
2019-01-03,23,HYDRO,False,497.8,0.0
2019-01-03,23,PV,False,0.0,0.0
2019-01-03,23,WIND,False,3576.5,0.0
