Date,Hour,Minute,Type,Solve Time
2020-01-01,0,0,SCED,0.002933
2020-01-01,1,0,SCED,0.002883
2020-01-01,2,0,SCED,0.002882
2020-01-01,3,0,SCED,0.002879
2020-01-01,4,0,SCED,0.00286
2020-01-01,5,0,SCED,0.002964
2020-01-01,6,0,SCED,0.003055
2020-01-01,7,0,SCED,0.002956
2020-01-01,8,0,SCED,0.003026
2020-01-01,9,0,SCED,0.00317
2020-01-01,10,0,SCED,0.002946
2020-01-01,11,0,SCED,0.00311
2020-01-01,12,0,SCED,0.00314
2020-01-01,13,0,SCED,0.002976
2020-01-01,14,0,SCED,0.003093
2020-01-01,15,0,SCED,0.003978
2020-01-01,16,0,SCED,0.004074
2020-01-01,17,0,SCED,0.003785
2020-01-01,18,0,SCED,0.003577
2020-01-01,19,0,SCED,0.00362
2020-01-01,20,0,SCED,0.003392
2020-01-01,21,0,SCED,0.003157
2020-01-01,22,0,SCED,0.002978
2020-01-01,23,0,SCED,0.003079
2020-01-02,0,0,SCED,0.003034
2020-01-02,1,0,SCED,0.002897
2020-01-02,2,0,SCED,0.002762
2020-01-02,3,0,SCED,0.002803
2020-01-02,4,0,SCED,0.003179
2020-01-02,5,0,SCED,0.00281
2020-01-02,6,0,SCED,0.002869
2020-01-02,7,0,SCED,0.002769
2020-01-02,8,0,SCED,0.002787
2020-01-02,9,0,SCED,0.002728
2020-01-02,10,0,SCED,0.002733
2020-01-02,11,0,SCED,0.002889
2020-01-02,12,0,SCED,0.002904
2020-01-02,13,0,SCED,0.002903
2020-01-02,14,0,SCED,0.002875
2020-01-02,15,0,SCED,0.002959
2020-01-02,16,0,SCED,0.00331
2020-01-02,17,0,SCED,0.003507
2020-01-02,18,0,SCED,0.003106
2020-01-02,19,0,SCED,0.00307
2020-01-02,20,0,SCED,0.003029
2020-01-02,21,0,SCED,0.003024
2020-01-02,22,0,SCED,0.00305
2020-01-02,23,0,SCED,0.003006
2020-01-03,0,0,SCED,0.002814
2020-01-03,1,0,SCED,0.002806
2020-01-03,2,0,SCED,0.003185
2020-01-03,3,0,SCED,0.002918
2020-01-03,4,0,SCED,0.002817
2020-01-03,5,0,SCED,0.002885
2020-01-03,6,0,SCED,0.002939
2020-01-03,7,0,SCED,0.002921
2020-01-03,8,0,SCED,0.00291
2020-01-03,9,0,SCED,0.002907
2020-01-03,10,0,SCED,0.002891
2020-01-03,11,0,SCED,0.002937
2020-01-03,12,0,SCED,0.0029
2020-01-03,13,0,SCED,0.002908
2020-01-03,14,0,SCED,0.003122
2020-01-03,15,0,SCED,0.002665
2020-01-03,16,0,SCED,0.003567
2020-01-03,17,0,SCED,0.003211
2020-01-03,18,0,SCED,0.003574
2020-01-03,19,0,SCED,0.003285
2020-01-03,20,0,SCED,0.003113
2020-01-03,21,0,SCED,0.00311
2020-01-03,22,0,SCED,0.003335
2020-01-03,23,0,SCED,0.003125
2020-01-04,0,0,SCED,0.003088
2020-01-04,1,0,SCED,0.002899
2020-01-04,2,0,SCED,0.002998
2020-01-04,3,0,SCED,0.002884
2020-01-04,4,0,SCED,0.002884
2020-01-04,5,0,SCED,0.00277
2020-01-04,6,0,SCED,0.002882
2020-01-04,7,0,SCED,0.002755
2020-01-04,8,0,SCED,0.002908
2020-01-04,9,0,SCED,0.002866
2020-01-04,10,0,SCED,0.002908
2020-01-04,11,0,SCED,0.002946
2020-01-04,12,0,SCED,0.002986
2020-01-04,13,0,SCED,0.00301
2020-01-04,14,0,SCED,0.002945
2020-01-04,15,0,SCED,0.003083
2020-01-04,16,0,SCED,0.005293
2020-01-04,17,0,SCED,0.004364
2020-01-04,18,0,SCED,0.004073
2020-01-04,19,0,SCED,0.004129
2020-01-04,20,0,SCED,0.003314
2020-01-04,21,0,SCED,0.003115
2020-01-04,22,0,SCED,0.002817
2020-01-04,23,0,SCED,0.002823
2020-01-05,0,0,SCED,0.002949
2020-01-05,1,0,SCED,0.003029
2020-01-05,2,0,SCED,0.002884
2020-01-05,3,0,SCED,0.002957
2020-01-05,4,0,SCED,0.002963
2020-01-05,5,0,SCED,0.002908
2020-01-05,6,0,SCED,0.002819
2020-01-05,7,0,SCED,0.00283
2020-01-05,8,0,SCED,0.002995
2020-01-05,9,0,SCED,0.002869
2020-01-05,10,0,SCED,0.002817
2020-01-05,11,0,SCED,0.002756
2020-01-05,12,0,SCED,0.002763
2020-01-05,13,0,SCED,0.002925
2020-01-05,14,0,SCED,0.002859
2020-01-05,15,0,SCED,0.003126
2020-01-05,16,0,SCED,0.003466
2020-01-05,17,0,SCED,0.003506
2020-01-05,18,0,SCED,0.003549
2020-01-05,19,0,SCED,0.003214
2020-01-05,20,0,SCED,0.00313
2020-01-05,21,0,SCED,0.004711
2020-01-05,22,0,SCED,0.002956
2020-01-05,23,0,SCED,0.002899
2020-01-06,0,0,SCED,0.002978
2020-01-06,1,0,SCED,0.00293
2020-01-06,2,0,SCED,0.002952
2020-01-06,3,0,SCED,0.002927
2020-01-06,4,0,SCED,0.002903
2020-01-06,5,0,SCED,0.004266
2020-01-06,6,0,SCED,0.004165
2020-01-06,7,0,SCED,0.004205
2020-01-06,8,0,SCED,0.002981
2020-01-06,9,0,SCED,0.002832
2020-01-06,10,0,SCED,0.002942
2020-01-06,11,0,SCED,0.002837
2020-01-06,12,0,SCED,0.002787
2020-01-06,13,0,SCED,0.002892
2020-01-06,14,0,SCED,0.002911
2020-01-06,15,0,SCED,0.002911
2020-01-06,16,0,SCED,0.003236
2020-01-06,17,0,SCED,0.003124
2020-01-06,18,0,SCED,0.003439
2020-01-06,19,0,SCED,0.003316
2020-01-06,20,0,SCED,0.003083
2020-01-06,21,0,SCED,0.003439
2020-01-06,22,0,SCED,0.002958
2020-01-06,23,0,SCED,0.002894
2020-01-07,0,0,SCED,0.003183
2020-01-07,1,0,SCED,0.00297
2020-01-07,2,0,SCED,0.002737
2020-01-07,3,0,SCED,0.002866
2020-01-07,4,0,SCED,0.002821
2020-01-07,5,0,SCED,0.002837
2020-01-07,6,0,SCED,0.004378
2020-01-07,7,0,SCED,0.004295
2020-01-07,8,0,SCED,0.002956
2020-01-07,9,0,SCED,0.002897
2020-01-07,10,0,SCED,0.002827
2020-01-07,11,0,SCED,0.002863
2020-01-07,12,0,SCED,0.002856
2020-01-07,13,0,SCED,0.002922
2020-01-07,14,0,SCED,0.002737
2020-01-07,15,0,SCED,0.002906
2020-01-07,16,0,SCED,0.00288
2020-01-07,17,0,SCED,0.004326
2020-01-07,18,0,SCED,0.004539
2020-01-07,19,0,SCED,0.004683
2020-01-07,20,0,SCED,0.003074
2020-01-07,21,0,SCED,0.00299
2020-01-07,22,0,SCED,0.003121
2020-01-07,23,0,SCED,0.003079
