Simulation,Category,Object,Parameter,Data File
DAY_AHEAD,Area,1,MW Load,DAY_AHEAD_load.csv
DAY_AHEAD,Area,2,MW Load,DAY_AHEAD_load.csv
DAY_AHEAD,Area,3,MW Load,DAY_AHEAD_load.csv
DAY_AHEAD,Area,4,MW Load,DAY_AHEAD_load.csv
DAY_AHEAD,Area,5,MW Load,DAY_AHEAD_load.csv
DAY_AHEAD,Area,6,MW Load,DAY_AHEAD_load.csv
DAY_AHEAD,Area,7,MW Load,DAY_AHEAD_load.csv
DAY_AHEAD,Area,8,MW Load,DAY_AHEAD_load.csv
DAY_AHEAD,Area,9,MW Load,DAY_AHEAD_load.csv
DAY_AHEAD,Area,10,MW Load,DAY_AHEAD_load.csv
DAY_AHEAD,Area,11,MW Load,DAY_AHEAD_load.csv
DAY_AHEAD,Area,12,MW Load,DAY_AHEAD_load.csv
DAY_AHEAD,Area,13,MW Load,DAY_AHEAD_load.csv
DAY_AHEAD,Area,14,MW Load,DAY_AHEAD_load.csv
DAY_AHEAD,Area,15,MW Load,DAY_AHEAD_load.csv
DAY_AHEAD,Area,16,MW Load,DAY_AHEAD_load.csv
DAY_AHEAD,Area,17,MW Load,DAY_AHEAD_load.csv
DAY_AHEAD,Area,18,MW Load,DAY_AHEAD_load.csv
DAY_AHEAD,Area,19,MW Load,DAY_AHEAD_load.csv
DAY_AHEAD,Area,20,MW Load,DAY_AHEAD_load.csv
DAY_AHEAD,Area,21,MW Load,DAY_AHEAD_load.csv
DAY_AHEAD,Area,22,MW Load,DAY_AHEAD_load.csv
DAY_AHEAD,Area,23,MW Load,DAY_AHEAD_load.csv
DAY_AHEAD,Area,24,MW Load,DAY_AHEAD_load.csv
DAY_AHEAD,Area,25,MW Load,DAY_AHEAD_load.csv
DAY_AHEAD,Area,26,MW Load,DAY_AHEAD_load.csv
DAY_AHEAD,Area,27,MW Load,DAY_AHEAD_load.csv
DAY_AHEAD,Area,28,MW Load,DAY_AHEAD_load.csv
DAY_AHEAD,Area,29,MW Load,DAY_AHEAD_load.csv
DAY_AHEAD,Area,30,MW Load,DAY_AHEAD_load.csv
DAY_AHEAD,Area,31,MW Load,DAY_AHEAD_load.csv
DAY_AHEAD,Area,32,MW Load,DAY_AHEAD_load.csv
DAY_AHEAD,Area,33,MW Load,DAY_AHEAD_load.csv
DAY_AHEAD,Area,34,MW Load,DAY_AHEAD_load.csv
DAY_AHEAD,Area,35,MW Load,DAY_AHEAD_load.csv
DAY_AHEAD,Area,36,MW Load,DAY_AHEAD_load.csv
DAY_AHEAD,Area,37,MW Load,DAY_AHEAD_load.csv
DAY_AHEAD,Area,38,MW Load,DAY_AHEAD_load.csv
DAY_AHEAD,Area,39,MW Load,DAY_AHEAD_load.csv
DAY_AHEAD,Area,40,MW Load,DAY_AHEAD_load.csv
DAY_AHEAD,Area,41,MW Load,DAY_AHEAD_load.csv
DAY_AHEAD,Area,42,MW Load,DAY_AHEAD_load.csv
DAY_AHEAD,Area,43,MW Load,DAY_AHEAD_load.csv
DAY_AHEAD,Area,44,MW Load,DAY_AHEAD_load.csv
DAY_AHEAD,Area,45,MW Load,DAY_AHEAD_load.csv
DAY_AHEAD,Area,46,MW Load,DAY_AHEAD_load.csv
DAY_AHEAD,Area,47,MW Load,DAY_AHEAD_load.csv
DAY_AHEAD,Area,48,MW Load,DAY_AHEAD_load.csv
DAY_AHEAD,Area,49,MW Load,DAY_AHEAD_load.csv
DAY_AHEAD,Area,50,MW Load,DAY_AHEAD_load.csv
DAY_AHEAD,Area,51,MW Load,DAY_AHEAD_load.csv
DAY_AHEAD,Area,52,MW Load,DAY_AHEAD_load.csv
DAY_AHEAD,Area,53,MW Load,DAY_AHEAD_load.csv
DAY_AHEAD,Area,54,MW Load,DAY_AHEAD_load.csv
DAY_AHEAD,Area,55,MW Load,DAY_AHEAD_load.csv
DAY_AHEAD,Area,56,MW Load,DAY_AHEAD_load.csv
DAY_AHEAD,Area,57,MW Load,DAY_AHEAD_load.csv
DAY_AHEAD,Area,58,MW Load,DAY_AHEAD_load.csv
DAY_AHEAD,Area,59,MW Load,DAY_AHEAD_load.csv
DAY_AHEAD,Area,60,MW Load,DAY_AHEAD_load.csv
DAY_AHEAD,Area,61,MW Load,DAY_AHEAD_load.csv
DAY_AHEAD,Area,62,MW Load,DAY_AHEAD_load.csv
DAY_AHEAD,Area,63,MW Load,DAY_AHEAD_load.csv
DAY_AHEAD,Area,64,MW Load,DAY_AHEAD_load.csv
DAY_AHEAD,Area,65,MW Load,DAY_AHEAD_load.csv
DAY_AHEAD,Area,66,MW Load,DAY_AHEAD_load.csv
DAY_AHEAD,Area,67,MW Load,DAY_AHEAD_load.csv
DAY_AHEAD,Area,68,MW Load,DAY_AHEAD_load.csv
DAY_AHEAD,Area,69,MW Load,DAY_AHEAD_load.csv
DAY_AHEAD,Area,70,MW Load,DAY_AHEAD_load.csv
DAY_AHEAD,Area,71,MW Load,DAY_AHEAD_load.csv
DAY_AHEAD,Area,72,MW Load,DAY_AHEAD_load.csv
DAY_AHEAD,Area,73,MW Load,DAY_AHEAD_load.csv
DAY_AHEAD,Area,74,MW Load,DAY_AHEAD_load.csv
DAY_AHEAD,Area,75,MW Load,DAY_AHEAD_load.csv
DAY_AHEAD,Area,76,MW Load,DAY_AHEAD_load.csv
DAY_AHEAD,Area,77,MW Load,DAY_AHEAD_load.csv
DAY_AHEAD,Area,78,MW Load,DAY_AHEAD_load.csv
DAY_AHEAD,Area,79,MW Load,DAY_AHEAD_load.csv
DAY_AHEAD,Area,80,MW Load,DAY_AHEAD_load.csv
DAY_AHEAD,Area,81,MW Load,DAY_AHEAD_load.csv
DAY_AHEAD,Area,82,MW Load,DAY_AHEAD_load.csv
DAY_AHEAD,Area,83,MW Load,DAY_AHEAD_load.csv
DAY_AHEAD,Area,84,MW Load,DAY_AHEAD_load.csv
DAY_AHEAD,Area,85,MW Load,DAY_AHEAD_load.csv
DAY_AHEAD,Area,86,MW Load,DAY_AHEAD_load.csv
DAY_AHEAD,Area,87,MW Load,DAY_AHEAD_load.csv
DAY_AHEAD,Area,88,MW Load,DAY_AHEAD_load.csv
DAY_AHEAD,Area,89,MW Load,DAY_AHEAD_load.csv
DAY_AHEAD,Area,90,MW Load,DAY_AHEAD_load.csv
DAY_AHEAD,Area,91,MW Load,DAY_AHEAD_load.csv
DAY_AHEAD,Area,92,MW Load,DAY_AHEAD_load.csv
DAY_AHEAD,Area,93,MW Load,DAY_AHEAD_load.csv
DAY_AHEAD,Area,94,MW Load,DAY_AHEAD_load.csv
DAY_AHEAD,Area,95,MW Load,DAY_AHEAD_load.csv
DAY_AHEAD,Area,96,MW Load,DAY_AHEAD_load.csv
DAY_AHEAD,Area,97,MW Load,DAY_AHEAD_load.csv
DAY_AHEAD,Area,98,MW Load,DAY_AHEAD_load.csv
DAY_AHEAD,Area,99,MW Load,DAY_AHEAD_load.csv
DAY_AHEAD,Area,100,MW Load,DAY_AHEAD_load.csv
DAY_AHEAD,Area,101,MW Load,DAY_AHEAD_load.csv
DAY_AHEAD,Area,102,MW Load,DAY_AHEAD_load.csv
DAY_AHEAD,Area,103,MW Load,DAY_AHEAD_load.csv
DAY_AHEAD,Area,104,MW Load,DAY_AHEAD_load.csv
DAY_AHEAD,Area,105,MW Load,DAY_AHEAD_load.csv
DAY_AHEAD,Area,106,MW Load,DAY_AHEAD_load.csv
DAY_AHEAD,Area,107,MW Load,DAY_AHEAD_load.csv
DAY_AHEAD,Area,108,MW Load,DAY_AHEAD_load.csv
DAY_AHEAD,Area,109,MW Load,DAY_AHEAD_load.csv
DAY_AHEAD,Area,110,MW Load,DAY_AHEAD_load.csv
DAY_AHEAD,Area,111,MW Load,DAY_AHEAD_load.csv
DAY_AHEAD,Area,112,MW Load,DAY_AHEAD_load.csv
DAY_AHEAD,Area,113,MW Load,DAY_AHEAD_load.csv
DAY_AHEAD,Area,114,MW Load,DAY_AHEAD_load.csv
DAY_AHEAD,Area,115,MW Load,DAY_AHEAD_load.csv
DAY_AHEAD,Area,116,MW Load,DAY_AHEAD_load.csv
DAY_AHEAD,Area,117,MW Load,DAY_AHEAD_load.csv
DAY_AHEAD,Area,118,MW Load,DAY_AHEAD_load.csv
DAY_AHEAD,Area,119,MW Load,DAY_AHEAD_load.csv
DAY_AHEAD,Area,120,MW Load,DAY_AHEAD_load.csv
DAY_AHEAD,Area,121,MW Load,DAY_AHEAD_load.csv
DAY_AHEAD,Area,122,MW Load,DAY_AHEAD_load.csv
DAY_AHEAD,Area,123,MW Load,DAY_AHEAD_load.csv
DAY_AHEAD,Generator,19,PMax MW,DAY_AHEAD_wind.csv
DAY_AHEAD,Generator,20,PMax MW,DAY_AHEAD_wind.csv
DAY_AHEAD,Generator,23,PMax MW,DAY_AHEAD_wind.csv
DAY_AHEAD,Generator,24,PMax MW,DAY_AHEAD_wind.csv
DAY_AHEAD,Generator,31,PMax MW,DAY_AHEAD_wind.csv
DAY_AHEAD,Generator,41,PMax MW,DAY_AHEAD_wind.csv
DAY_AHEAD,Generator,52,PMax MW,DAY_AHEAD_wind.csv
DAY_AHEAD,Generator,53,PMax MW,DAY_AHEAD_wind.csv
DAY_AHEAD,Generator,55,PMax MW,DAY_AHEAD_wind.csv
DAY_AHEAD,Generator,63,PMax MW,DAY_AHEAD_wind.csv
DAY_AHEAD,Generator,64,PMax MW,DAY_AHEAD_wind.csv
DAY_AHEAD,Generator,65,PMax MW,DAY_AHEAD_wind.csv
DAY_AHEAD,Generator,68,PMax MW,DAY_AHEAD_wind.csv
DAY_AHEAD,Generator,74,PMax MW,DAY_AHEAD_wind.csv
DAY_AHEAD,Generator,77,PMax MW,DAY_AHEAD_wind.csv
DAY_AHEAD,Generator,78,PMax MW,DAY_AHEAD_wind.csv
DAY_AHEAD,Generator,79,PMax MW,DAY_AHEAD_wind.csv
DAY_AHEAD,Generator,80,PMax MW,DAY_AHEAD_wind.csv
DAY_AHEAD,Generator,81,PMax MW,DAY_AHEAD_wind.csv
DAY_AHEAD,Generator,82,PMax MW,DAY_AHEAD_wind.csv
DAY_AHEAD,Generator,83,PMax MW,DAY_AHEAD_wind.csv
DAY_AHEAD,Generator,84,PMax MW,DAY_AHEAD_wind.csv
DAY_AHEAD,Generator,88,PMax MW,DAY_AHEAD_wind.csv
DAY_AHEAD,Generator,89,PMax MW,DAY_AHEAD_wind.csv
DAY_AHEAD,Generator,90,PMax MW,DAY_AHEAD_wind.csv
DAY_AHEAD,Generator,91,PMax MW,DAY_AHEAD_wind.csv
DAY_AHEAD,Generator,92,PMax MW,DAY_AHEAD_wind.csv
DAY_AHEAD,Generator,95,PMax MW,DAY_AHEAD_wind.csv
DAY_AHEAD,Generator,96,PMax MW,DAY_AHEAD_wind.csv
DAY_AHEAD,Generator,97,PMax MW,DAY_AHEAD_wind.csv
DAY_AHEAD,Generator,99,PMax MW,DAY_AHEAD_wind.csv
DAY_AHEAD,Generator,102,PMax MW,DAY_AHEAD_wind.csv
DAY_AHEAD,Generator,103,PMax MW,DAY_AHEAD_wind.csv
DAY_AHEAD,Generator,104,PMax MW,DAY_AHEAD_wind.csv
DAY_AHEAD,Generator,109,PMax MW,DAY_AHEAD_wind.csv
DAY_AHEAD,Generator,110,PMax MW,DAY_AHEAD_wind.csv
DAY_AHEAD,Generator,113,PMax MW,DAY_AHEAD_wind.csv
DAY_AHEAD,Generator,115,PMax MW,DAY_AHEAD_wind.csv
DAY_AHEAD,Generator,117,PMax MW,DAY_AHEAD_wind.csv
DAY_AHEAD,Generator,119,PMax MW,DAY_AHEAD_wind.csv
DAY_AHEAD,Generator,120,PMax MW,DAY_AHEAD_wind.csv
DAY_AHEAD,Generator,125,PMax MW,DAY_AHEAD_wind.csv
DAY_AHEAD,Generator,128,PMax MW,DAY_AHEAD_wind.csv
DAY_AHEAD,Generator,131,PMax MW,DAY_AHEAD_wind.csv
DAY_AHEAD,Generator,132,PMax MW,DAY_AHEAD_wind.csv
DAY_AHEAD,Generator,133,PMax MW,DAY_AHEAD_wind.csv
DAY_AHEAD,Generator,134,PMax MW,DAY_AHEAD_wind.csv
DAY_AHEAD,Generator,135,PMax MW,DAY_AHEAD_wind.csv
DAY_AHEAD,Generator,136,PMax MW,DAY_AHEAD_wind.csv
DAY_AHEAD,Generator,139,PMax MW,DAY_AHEAD_wind.csv
DAY_AHEAD,Generator,140,PMax MW,DAY_AHEAD_wind.csv
DAY_AHEAD,Generator,141,PMax MW,DAY_AHEAD_wind.csv
DAY_AHEAD,Generator,143,PMax MW,DAY_AHEAD_wind.csv
DAY_AHEAD,Generator,145,PMax MW,DAY_AHEAD_wind.csv
DAY_AHEAD,Generator,146,PMax MW,DAY_AHEAD_wind.csv
DAY_AHEAD,Generator,157,PMax MW,DAY_AHEAD_wind.csv
DAY_AHEAD,Generator,159,PMax MW,DAY_AHEAD_wind.csv
DAY_AHEAD,Generator,162,PMax MW,DAY_AHEAD_wind.csv
DAY_AHEAD,Generator,163,PMax MW,DAY_AHEAD_wind.csv
DAY_AHEAD,Generator,169,PMax MW,DAY_AHEAD_wind.csv
DAY_AHEAD,Generator,192,PMax MW,DAY_AHEAD_wind.csv
DAY_AHEAD,Generator,194,PMax MW,DAY_AHEAD_wind.csv
DAY_AHEAD,Generator,199,PMax MW,DAY_AHEAD_wind.csv
DAY_AHEAD,Generator,204,PMax MW,DAY_AHEAD_wind.csv
DAY_AHEAD,Generator,205,PMax MW,DAY_AHEAD_wind.csv
DAY_AHEAD,Generator,206,PMax MW,DAY_AHEAD_wind.csv
DAY_AHEAD,Generator,236,PMax MW,DAY_AHEAD_wind.csv
DAY_AHEAD,Generator,237,PMax MW,DAY_AHEAD_wind.csv
DAY_AHEAD,Generator,245,PMax MW,DAY_AHEAD_wind.csv
DAY_AHEAD,Generator,247,PMax MW,DAY_AHEAD_wind.csv
DAY_AHEAD,Generator,248,PMax MW,DAY_AHEAD_wind.csv
DAY_AHEAD,Generator,249,PMax MW,DAY_AHEAD_wind.csv
DAY_AHEAD,Generator,251,PMax MW,DAY_AHEAD_wind.csv
DAY_AHEAD,Generator,252,PMax MW,DAY_AHEAD_wind.csv
DAY_AHEAD,Generator,266,PMax MW,DAY_AHEAD_wind.csv
DAY_AHEAD,Generator,267,PMax MW,DAY_AHEAD_wind.csv
DAY_AHEAD,Generator,270,PMax MW,DAY_AHEAD_wind.csv
DAY_AHEAD,Generator,272,PMax MW,DAY_AHEAD_wind.csv
DAY_AHEAD,Generator,274,PMax MW,DAY_AHEAD_wind.csv
DAY_AHEAD,Generator,275,PMax MW,DAY_AHEAD_wind.csv
DAY_AHEAD,Generator,279,PMax MW,DAY_AHEAD_wind.csv
DAY_AHEAD,Generator,281,PMax MW,DAY_AHEAD_wind.csv
DAY_AHEAD,Generator,9,PMax MW,DAY_AHEAD_solar.csv
DAY_AHEAD,Generator,17,PMax MW,DAY_AHEAD_solar.csv
DAY_AHEAD,Generator,21,PMax MW,DAY_AHEAD_solar.csv
DAY_AHEAD,Generator,22,PMax MW,DAY_AHEAD_solar.csv
DAY_AHEAD,Generator,29,PMax MW,DAY_AHEAD_solar.csv
DAY_AHEAD,Generator,30,PMax MW,DAY_AHEAD_solar.csv
DAY_AHEAD,Generator,32,PMax MW,DAY_AHEAD_solar.csv
DAY_AHEAD,Generator,33,PMax MW,DAY_AHEAD_solar.csv
DAY_AHEAD,Generator,34,PMax MW,DAY_AHEAD_solar.csv
DAY_AHEAD,Generator,35,PMax MW,DAY_AHEAD_solar.csv
DAY_AHEAD,Generator,36,PMax MW,DAY_AHEAD_solar.csv
DAY_AHEAD,Generator,37,PMax MW,DAY_AHEAD_solar.csv
DAY_AHEAD,Generator,38,PMax MW,DAY_AHEAD_solar.csv
DAY_AHEAD,Generator,39,PMax MW,DAY_AHEAD_solar.csv
DAY_AHEAD,Generator,40,PMax MW,DAY_AHEAD_solar.csv
DAY_AHEAD,Generator,42,PMax MW,DAY_AHEAD_solar.csv
DAY_AHEAD,Generator,43,PMax MW,DAY_AHEAD_solar.csv
DAY_AHEAD,Generator,46,PMax MW,DAY_AHEAD_solar.csv
DAY_AHEAD,Generator,56,PMax MW,DAY_AHEAD_solar.csv
DAY_AHEAD,Generator,57,PMax MW,DAY_AHEAD_solar.csv
DAY_AHEAD,Generator,58,PMax MW,DAY_AHEAD_solar.csv
DAY_AHEAD,Generator,59,PMax MW,DAY_AHEAD_solar.csv
DAY_AHEAD,Generator,67,PMax MW,DAY_AHEAD_solar.csv
DAY_AHEAD,Generator,69,PMax MW,DAY_AHEAD_solar.csv
DAY_AHEAD,Generator,86,PMax MW,DAY_AHEAD_solar.csv
DAY_AHEAD,Generator,87,PMax MW,DAY_AHEAD_solar.csv
DAY_AHEAD,Generator,101,PMax MW,DAY_AHEAD_solar.csv
DAY_AHEAD,Generator,106,PMax MW,DAY_AHEAD_solar.csv
DAY_AHEAD,Generator,111,PMax MW,DAY_AHEAD_solar.csv
DAY_AHEAD,Generator,116,PMax MW,DAY_AHEAD_solar.csv
DAY_AHEAD,Generator,123,PMax MW,DAY_AHEAD_solar.csv
DAY_AHEAD,Generator,126,PMax MW,DAY_AHEAD_solar.csv
DAY_AHEAD,Generator,127,PMax MW,DAY_AHEAD_solar.csv
DAY_AHEAD,Generator,142,PMax MW,DAY_AHEAD_solar.csv
DAY_AHEAD,Generator,152,PMax MW,DAY_AHEAD_solar.csv
DAY_AHEAD,Generator,153,PMax MW,DAY_AHEAD_solar.csv
DAY_AHEAD,Generator,154,PMax MW,DAY_AHEAD_solar.csv
DAY_AHEAD,Generator,158,PMax MW,DAY_AHEAD_solar.csv
DAY_AHEAD,Generator,160,PMax MW,DAY_AHEAD_solar.csv
DAY_AHEAD,Generator,161,PMax MW,DAY_AHEAD_solar.csv
DAY_AHEAD,Generator,164,PMax MW,DAY_AHEAD_solar.csv
DAY_AHEAD,Generator,167,PMax MW,DAY_AHEAD_solar.csv
DAY_AHEAD,Generator,168,PMax MW,DAY_AHEAD_solar.csv
DAY_AHEAD,Generator,170,PMax MW,DAY_AHEAD_solar.csv
DAY_AHEAD,Generator,172,PMax MW,DAY_AHEAD_solar.csv
DAY_AHEAD,Generator,173,PMax MW,DAY_AHEAD_solar.csv
DAY_AHEAD,Generator,188,PMax MW,DAY_AHEAD_solar.csv
DAY_AHEAD,Generator,190,PMax MW,DAY_AHEAD_solar.csv
DAY_AHEAD,Generator,191,PMax MW,DAY_AHEAD_solar.csv
DAY_AHEAD,Generator,196,PMax MW,DAY_AHEAD_solar.csv
DAY_AHEAD,Generator,198,PMax MW,DAY_AHEAD_solar.csv
DAY_AHEAD,Generator,200,PMax MW,DAY_AHEAD_solar.csv
DAY_AHEAD,Generator,210,PMax MW,DAY_AHEAD_solar.csv
DAY_AHEAD,Generator,214,PMax MW,DAY_AHEAD_solar.csv
DAY_AHEAD,Generator,217,PMax MW,DAY_AHEAD_solar.csv
DAY_AHEAD,Generator,218,PMax MW,DAY_AHEAD_solar.csv
DAY_AHEAD,Generator,219,PMax MW,DAY_AHEAD_solar.csv
DAY_AHEAD,Generator,221,PMax MW,DAY_AHEAD_solar.csv
DAY_AHEAD,Generator,225,PMax MW,DAY_AHEAD_solar.csv
DAY_AHEAD,Generator,233,PMax MW,DAY_AHEAD_solar.csv
DAY_AHEAD,Generator,238,PMax MW,DAY_AHEAD_solar.csv
DAY_AHEAD,Generator,240,PMax MW,DAY_AHEAD_solar.csv
DAY_AHEAD,Generator,254,PMax MW,DAY_AHEAD_solar.csv
DAY_AHEAD,Generator,255,PMax MW,DAY_AHEAD_solar.csv
DAY_AHEAD,Generator,258,PMax MW,DAY_AHEAD_solar.csv
DAY_AHEAD,Generator,260,PMax MW,DAY_AHEAD_solar.csv
DAY_AHEAD,Generator,265,PMax MW,DAY_AHEAD_solar.csv
DAY_AHEAD,Generator,273,PMax MW,DAY_AHEAD_solar.csv
DAY_AHEAD,Generator,276,PMax MW,DAY_AHEAD_solar.csv
DAY_AHEAD,Generator,277,PMax MW,DAY_AHEAD_solar.csv
DAY_AHEAD,Generator,278,PMax MW,DAY_AHEAD_solar.csv
DAY_AHEAD,Generator,282,PMax MW,DAY_AHEAD_solar.csv
REAL_TIME,Area,1,MW Load,REAL_TIME_load.csv
REAL_TIME,Area,2,MW Load,REAL_TIME_load.csv
REAL_TIME,Area,3,MW Load,REAL_TIME_load.csv
REAL_TIME,Area,4,MW Load,REAL_TIME_load.csv
REAL_TIME,Area,5,MW Load,REAL_TIME_load.csv
REAL_TIME,Area,6,MW Load,REAL_TIME_load.csv
REAL_TIME,Area,7,MW Load,REAL_TIME_load.csv
REAL_TIME,Area,8,MW Load,REAL_TIME_load.csv
REAL_TIME,Area,9,MW Load,REAL_TIME_load.csv
REAL_TIME,Area,10,MW Load,REAL_TIME_load.csv
REAL_TIME,Area,11,MW Load,REAL_TIME_load.csv
REAL_TIME,Area,12,MW Load,REAL_TIME_load.csv
REAL_TIME,Area,13,MW Load,REAL_TIME_load.csv
REAL_TIME,Area,14,MW Load,REAL_TIME_load.csv
REAL_TIME,Area,15,MW Load,REAL_TIME_load.csv
REAL_TIME,Area,16,MW Load,REAL_TIME_load.csv
REAL_TIME,Area,17,MW Load,REAL_TIME_load.csv
REAL_TIME,Area,18,MW Load,REAL_TIME_load.csv
REAL_TIME,Area,19,MW Load,REAL_TIME_load.csv
REAL_TIME,Area,20,MW Load,REAL_TIME_load.csv
REAL_TIME,Area,21,MW Load,REAL_TIME_load.csv
REAL_TIME,Area,22,MW Load,REAL_TIME_load.csv
REAL_TIME,Area,23,MW Load,REAL_TIME_load.csv
REAL_TIME,Area,24,MW Load,REAL_TIME_load.csv
REAL_TIME,Area,25,MW Load,REAL_TIME_load.csv
REAL_TIME,Area,26,MW Load,REAL_TIME_load.csv
REAL_TIME,Area,27,MW Load,REAL_TIME_load.csv
REAL_TIME,Area,28,MW Load,REAL_TIME_load.csv
REAL_TIME,Area,29,MW Load,REAL_TIME_load.csv
REAL_TIME,Area,30,MW Load,REAL_TIME_load.csv
REAL_TIME,Area,31,MW Load,REAL_TIME_load.csv
REAL_TIME,Area,32,MW Load,REAL_TIME_load.csv
REAL_TIME,Area,33,MW Load,REAL_TIME_load.csv
REAL_TIME,Area,34,MW Load,REAL_TIME_load.csv
REAL_TIME,Area,35,MW Load,REAL_TIME_load.csv
REAL_TIME,Area,36,MW Load,REAL_TIME_load.csv
REAL_TIME,Area,37,MW Load,REAL_TIME_load.csv
REAL_TIME,Area,38,MW Load,REAL_TIME_load.csv
REAL_TIME,Area,39,MW Load,REAL_TIME_load.csv
REAL_TIME,Area,40,MW Load,REAL_TIME_load.csv
REAL_TIME,Area,41,MW Load,REAL_TIME_load.csv
REAL_TIME,Area,42,MW Load,REAL_TIME_load.csv
REAL_TIME,Area,43,MW Load,REAL_TIME_load.csv
REAL_TIME,Area,44,MW Load,REAL_TIME_load.csv
REAL_TIME,Area,45,MW Load,REAL_TIME_load.csv
REAL_TIME,Area,46,MW Load,REAL_TIME_load.csv
REAL_TIME,Area,47,MW Load,REAL_TIME_load.csv
REAL_TIME,Area,48,MW Load,REAL_TIME_load.csv
REAL_TIME,Area,49,MW Load,REAL_TIME_load.csv
REAL_TIME,Area,50,MW Load,REAL_TIME_load.csv
REAL_TIME,Area,51,MW Load,REAL_TIME_load.csv
REAL_TIME,Area,52,MW Load,REAL_TIME_load.csv
REAL_TIME,Area,53,MW Load,REAL_TIME_load.csv
REAL_TIME,Area,54,MW Load,REAL_TIME_load.csv
REAL_TIME,Area,55,MW Load,REAL_TIME_load.csv
REAL_TIME,Area,56,MW Load,REAL_TIME_load.csv
REAL_TIME,Area,57,MW Load,REAL_TIME_load.csv
REAL_TIME,Area,58,MW Load,REAL_TIME_load.csv
REAL_TIME,Area,59,MW Load,REAL_TIME_load.csv
REAL_TIME,Area,60,MW Load,REAL_TIME_load.csv
REAL_TIME,Area,61,MW Load,REAL_TIME_load.csv
REAL_TIME,Area,62,MW Load,REAL_TIME_load.csv
REAL_TIME,Area,63,MW Load,REAL_TIME_load.csv
REAL_TIME,Area,64,MW Load,REAL_TIME_load.csv
REAL_TIME,Area,65,MW Load,REAL_TIME_load.csv
REAL_TIME,Area,66,MW Load,REAL_TIME_load.csv
REAL_TIME,Area,67,MW Load,REAL_TIME_load.csv
REAL_TIME,Area,68,MW Load,REAL_TIME_load.csv
REAL_TIME,Area,69,MW Load,REAL_TIME_load.csv
REAL_TIME,Area,70,MW Load,REAL_TIME_load.csv
REAL_TIME,Area,71,MW Load,REAL_TIME_load.csv
REAL_TIME,Area,72,MW Load,REAL_TIME_load.csv
REAL_TIME,Area,73,MW Load,REAL_TIME_load.csv
REAL_TIME,Area,74,MW Load,REAL_TIME_load.csv
REAL_TIME,Area,75,MW Load,REAL_TIME_load.csv
REAL_TIME,Area,76,MW Load,REAL_TIME_load.csv
REAL_TIME,Area,77,MW Load,REAL_TIME_load.csv
REAL_TIME,Area,78,MW Load,REAL_TIME_load.csv
REAL_TIME,Area,79,MW Load,REAL_TIME_load.csv
REAL_TIME,Area,80,MW Load,REAL_TIME_load.csv
REAL_TIME,Area,81,MW Load,REAL_TIME_load.csv
REAL_TIME,Area,82,MW Load,REAL_TIME_load.csv
REAL_TIME,Area,83,MW Load,REAL_TIME_load.csv
REAL_TIME,Area,84,MW Load,REAL_TIME_load.csv
REAL_TIME,Area,85,MW Load,REAL_TIME_load.csv
REAL_TIME,Area,86,MW Load,REAL_TIME_load.csv
REAL_TIME,Area,87,MW Load,REAL_TIME_load.csv
REAL_TIME,Area,88,MW Load,REAL_TIME_load.csv
REAL_TIME,Area,89,MW Load,REAL_TIME_load.csv
REAL_TIME,Area,90,MW Load,REAL_TIME_load.csv
REAL_TIME,Area,91,MW Load,REAL_TIME_load.csv
REAL_TIME,Area,92,MW Load,REAL_TIME_load.csv
REAL_TIME,Area,93,MW Load,REAL_TIME_load.csv
REAL_TIME,Area,94,MW Load,REAL_TIME_load.csv
REAL_TIME,Area,95,MW Load,REAL_TIME_load.csv
REAL_TIME,Area,96,MW Load,REAL_TIME_load.csv
REAL_TIME,Area,97,MW Load,REAL_TIME_load.csv
REAL_TIME,Area,98,MW Load,REAL_TIME_load.csv
REAL_TIME,Area,99,MW Load,REAL_TIME_load.csv
REAL_TIME,Area,100,MW Load,REAL_TIME_load.csv
REAL_TIME,Area,101,MW Load,REAL_TIME_load.csv
REAL_TIME,Area,102,MW Load,REAL_TIME_load.csv
REAL_TIME,Area,103,MW Load,REAL_TIME_load.csv
REAL_TIME,Area,104,MW Load,REAL_TIME_load.csv
REAL_TIME,Area,105,MW Load,REAL_TIME_load.csv
REAL_TIME,Area,106,MW Load,REAL_TIME_load.csv
REAL_TIME,Area,107,MW Load,REAL_TIME_load.csv
REAL_TIME,Area,108,MW Load,REAL_TIME_load.csv
REAL_TIME,Area,109,MW Load,REAL_TIME_load.csv
REAL_TIME,Area,110,MW Load,REAL_TIME_load.csv
REAL_TIME,Area,111,MW Load,REAL_TIME_load.csv
REAL_TIME,Area,112,MW Load,REAL_TIME_load.csv
REAL_TIME,Area,113,MW Load,REAL_TIME_load.csv
REAL_TIME,Area,114,MW Load,REAL_TIME_load.csv
REAL_TIME,Area,115,MW Load,REAL_TIME_load.csv
REAL_TIME,Area,116,MW Load,REAL_TIME_load.csv
REAL_TIME,Area,117,MW Load,REAL_TIME_load.csv
REAL_TIME,Area,118,MW Load,REAL_TIME_load.csv
REAL_TIME,Area,119,MW Load,REAL_TIME_load.csv
REAL_TIME,Area,120,MW Load,REAL_TIME_load.csv
REAL_TIME,Area,121,MW Load,REAL_TIME_load.csv
REAL_TIME,Area,122,MW Load,REAL_TIME_load.csv
REAL_TIME,Area,123,MW Load,REAL_TIME_load.csv
REAL_TIME,Generator,19,PMax MW,REAL_TIME_wind.csv
REAL_TIME,Generator,20,PMax MW,REAL_TIME_wind.csv
REAL_TIME,Generator,23,PMax MW,REAL_TIME_wind.csv
REAL_TIME,Generator,24,PMax MW,REAL_TIME_wind.csv
REAL_TIME,Generator,31,PMax MW,REAL_TIME_wind.csv
REAL_TIME,Generator,41,PMax MW,REAL_TIME_wind.csv
REAL_TIME,Generator,52,PMax MW,REAL_TIME_wind.csv
REAL_TIME,Generator,53,PMax MW,REAL_TIME_wind.csv
REAL_TIME,Generator,55,PMax MW,REAL_TIME_wind.csv
REAL_TIME,Generator,63,PMax MW,REAL_TIME_wind.csv
REAL_TIME,Generator,64,PMax MW,REAL_TIME_wind.csv
REAL_TIME,Generator,65,PMax MW,REAL_TIME_wind.csv
REAL_TIME,Generator,68,PMax MW,REAL_TIME_wind.csv
REAL_TIME,Generator,74,PMax MW,REAL_TIME_wind.csv
REAL_TIME,Generator,77,PMax MW,REAL_TIME_wind.csv
REAL_TIME,Generator,78,PMax MW,REAL_TIME_wind.csv
REAL_TIME,Generator,79,PMax MW,REAL_TIME_wind.csv
REAL_TIME,Generator,80,PMax MW,REAL_TIME_wind.csv
REAL_TIME,Generator,81,PMax MW,REAL_TIME_wind.csv
REAL_TIME,Generator,82,PMax MW,REAL_TIME_wind.csv
REAL_TIME,Generator,83,PMax MW,REAL_TIME_wind.csv
REAL_TIME,Generator,84,PMax MW,REAL_TIME_wind.csv
REAL_TIME,Generator,88,PMax MW,REAL_TIME_wind.csv
REAL_TIME,Generator,89,PMax MW,REAL_TIME_wind.csv
REAL_TIME,Generator,90,PMax MW,REAL_TIME_wind.csv
REAL_TIME,Generator,91,PMax MW,REAL_TIME_wind.csv
REAL_TIME,Generator,92,PMax MW,REAL_TIME_wind.csv
REAL_TIME,Generator,95,PMax MW,REAL_TIME_wind.csv
REAL_TIME,Generator,96,PMax MW,REAL_TIME_wind.csv
REAL_TIME,Generator,97,PMax MW,REAL_TIME_wind.csv
REAL_TIME,Generator,99,PMax MW,REAL_TIME_wind.csv
REAL_TIME,Generator,102,PMax MW,REAL_TIME_wind.csv
REAL_TIME,Generator,103,PMax MW,REAL_TIME_wind.csv
REAL_TIME,Generator,104,PMax MW,REAL_TIME_wind.csv
REAL_TIME,Generator,109,PMax MW,REAL_TIME_wind.csv
REAL_TIME,Generator,110,PMax MW,REAL_TIME_wind.csv
REAL_TIME,Generator,113,PMax MW,REAL_TIME_wind.csv
REAL_TIME,Generator,115,PMax MW,REAL_TIME_wind.csv
REAL_TIME,Generator,117,PMax MW,REAL_TIME_wind.csv
REAL_TIME,Generator,119,PMax MW,REAL_TIME_wind.csv
REAL_TIME,Generator,120,PMax MW,REAL_TIME_wind.csv
REAL_TIME,Generator,125,PMax MW,REAL_TIME_wind.csv
REAL_TIME,Generator,128,PMax MW,REAL_TIME_wind.csv
REAL_TIME,Generator,131,PMax MW,REAL_TIME_wind.csv
REAL_TIME,Generator,132,PMax MW,REAL_TIME_wind.csv
REAL_TIME,Generator,133,PMax MW,REAL_TIME_wind.csv
REAL_TIME,Generator,134,PMax MW,REAL_TIME_wind.csv
REAL_TIME,Generator,135,PMax MW,REAL_TIME_wind.csv
REAL_TIME,Generator,136,PMax MW,REAL_TIME_wind.csv
REAL_TIME,Generator,139,PMax MW,REAL_TIME_wind.csv
REAL_TIME,Generator,140,PMax MW,REAL_TIME_wind.csv
REAL_TIME,Generator,141,PMax MW,REAL_TIME_wind.csv
REAL_TIME,Generator,143,PMax MW,REAL_TIME_wind.csv
REAL_TIME,Generator,145,PMax MW,REAL_TIME_wind.csv
REAL_TIME,Generator,146,PMax MW,REAL_TIME_wind.csv
REAL_TIME,Generator,157,PMax MW,REAL_TIME_wind.csv
REAL_TIME,Generator,159,PMax MW,REAL_TIME_wind.csv
REAL_TIME,Generator,162,PMax MW,REAL_TIME_wind.csv
REAL_TIME,Generator,163,PMax MW,REAL_TIME_wind.csv
REAL_TIME,Generator,169,PMax MW,REAL_TIME_wind.csv
REAL_TIME,Generator,192,PMax MW,REAL_TIME_wind.csv
REAL_TIME,Generator,194,PMax MW,REAL_TIME_wind.csv
REAL_TIME,Generator,199,PMax MW,REAL_TIME_wind.csv
REAL_TIME,Generator,204,PMax MW,REAL_TIME_wind.csv
REAL_TIME,Generator,205,PMax MW,REAL_TIME_wind.csv
REAL_TIME,Generator,206,PMax MW,REAL_TIME_wind.csv
REAL_TIME,Generator,236,PMax MW,REAL_TIME_wind.csv
REAL_TIME,Generator,237,PMax MW,REAL_TIME_wind.csv
REAL_TIME,Generator,245,PMax MW,REAL_TIME_wind.csv
REAL_TIME,Generator,247,PMax MW,REAL_TIME_wind.csv
REAL_TIME,Generator,248,PMax MW,REAL_TIME_wind.csv
REAL_TIME,Generator,249,PMax MW,REAL_TIME_wind.csv
REAL_TIME,Generator,251,PMax MW,REAL_TIME_wind.csv
REAL_TIME,Generator,252,PMax MW,REAL_TIME_wind.csv
REAL_TIME,Generator,266,PMax MW,REAL_TIME_wind.csv
REAL_TIME,Generator,267,PMax MW,REAL_TIME_wind.csv
REAL_TIME,Generator,270,PMax MW,REAL_TIME_wind.csv
REAL_TIME,Generator,272,PMax MW,REAL_TIME_wind.csv
REAL_TIME,Generator,274,PMax MW,REAL_TIME_wind.csv
REAL_TIME,Generator,275,PMax MW,REAL_TIME_wind.csv
REAL_TIME,Generator,279,PMax MW,REAL_TIME_wind.csv
REAL_TIME,Generator,281,PMax MW,REAL_TIME_wind.csv
REAL_TIME,Generator,9,PMax MW,REAL_TIME_solar.csv
REAL_TIME,Generator,17,PMax MW,REAL_TIME_solar.csv
REAL_TIME,Generator,21,PMax MW,REAL_TIME_solar.csv
REAL_TIME,Generator,22,PMax MW,REAL_TIME_solar.csv
REAL_TIME,Generator,29,PMax MW,REAL_TIME_solar.csv
REAL_TIME,Generator,30,PMax MW,REAL_TIME_solar.csv
REAL_TIME,Generator,32,PMax MW,REAL_TIME_solar.csv
REAL_TIME,Generator,33,PMax MW,REAL_TIME_solar.csv
REAL_TIME,Generator,34,PMax MW,REAL_TIME_solar.csv
REAL_TIME,Generator,35,PMax MW,REAL_TIME_solar.csv
REAL_TIME,Generator,36,PMax MW,REAL_TIME_solar.csv
REAL_TIME,Generator,37,PMax MW,REAL_TIME_solar.csv
REAL_TIME,Generator,38,PMax MW,REAL_TIME_solar.csv
REAL_TIME,Generator,39,PMax MW,REAL_TIME_solar.csv
REAL_TIME,Generator,40,PMax MW,REAL_TIME_solar.csv
REAL_TIME,Generator,42,PMax MW,REAL_TIME_solar.csv
REAL_TIME,Generator,43,PMax MW,REAL_TIME_solar.csv
REAL_TIME,Generator,46,PMax MW,REAL_TIME_solar.csv
REAL_TIME,Generator,56,PMax MW,REAL_TIME_solar.csv
REAL_TIME,Generator,57,PMax MW,REAL_TIME_solar.csv
REAL_TIME,Generator,58,PMax MW,REAL_TIME_solar.csv
REAL_TIME,Generator,59,PMax MW,REAL_TIME_solar.csv
REAL_TIME,Generator,67,PMax MW,REAL_TIME_solar.csv
REAL_TIME,Generator,69,PMax MW,REAL_TIME_solar.csv
REAL_TIME,Generator,86,PMax MW,REAL_TIME_solar.csv
REAL_TIME,Generator,87,PMax MW,REAL_TIME_solar.csv
REAL_TIME,Generator,101,PMax MW,REAL_TIME_solar.csv
REAL_TIME,Generator,106,PMax MW,REAL_TIME_solar.csv
REAL_TIME,Generator,111,PMax MW,REAL_TIME_solar.csv
REAL_TIME,Generator,116,PMax MW,REAL_TIME_solar.csv
REAL_TIME,Generator,123,PMax MW,REAL_TIME_solar.csv
REAL_TIME,Generator,126,PMax MW,REAL_TIME_solar.csv
REAL_TIME,Generator,127,PMax MW,REAL_TIME_solar.csv
REAL_TIME,Generator,142,PMax MW,REAL_TIME_solar.csv
REAL_TIME,Generator,152,PMax MW,REAL_TIME_solar.csv
REAL_TIME,Generator,153,PMax MW,REAL_TIME_solar.csv
REAL_TIME,Generator,154,PMax MW,REAL_TIME_solar.csv
REAL_TIME,Generator,158,PMax MW,REAL_TIME_solar.csv
REAL_TIME,Generator,160,PMax MW,REAL_TIME_solar.csv
REAL_TIME,Generator,161,PMax MW,REAL_TIME_solar.csv
REAL_TIME,Generator,164,PMax MW,REAL_TIME_solar.csv
REAL_TIME,Generator,167,PMax MW,REAL_TIME_solar.csv
REAL_TIME,Generator,168,PMax MW,REAL_TIME_solar.csv
REAL_TIME,Generator,170,PMax MW,REAL_TIME_solar.csv
REAL_TIME,Generator,172,PMax MW,REAL_TIME_solar.csv
REAL_TIME,Generator,173,PMax MW,REAL_TIME_solar.csv
REAL_TIME,Generator,188,PMax MW,REAL_TIME_solar.csv
REAL_TIME,Generator,190,PMax MW,REAL_TIME_solar.csv
REAL_TIME,Generator,191,PMax MW,REAL_TIME_solar.csv
REAL_TIME,Generator,196,PMax MW,REAL_TIME_solar.csv
REAL_TIME,Generator,198,PMax MW,REAL_TIME_solar.csv
REAL_TIME,Generator,200,PMax MW,REAL_TIME_solar.csv
REAL_TIME,Generator,210,PMax MW,REAL_TIME_solar.csv
REAL_TIME,Generator,214,PMax MW,REAL_TIME_solar.csv
REAL_TIME,Generator,217,PMax MW,REAL_TIME_solar.csv
REAL_TIME,Generator,218,PMax MW,REAL_TIME_solar.csv
REAL_TIME,Generator,219,PMax MW,REAL_TIME_solar.csv
REAL_TIME,Generator,221,PMax MW,REAL_TIME_solar.csv
REAL_TIME,Generator,225,PMax MW,REAL_TIME_solar.csv
REAL_TIME,Generator,233,PMax MW,REAL_TIME_solar.csv
REAL_TIME,Generator,238,PMax MW,REAL_TIME_solar.csv
REAL_TIME,Generator,240,PMax MW,REAL_TIME_solar.csv
REAL_TIME,Generator,254,PMax MW,REAL_TIME_solar.csv
REAL_TIME,Generator,255,PMax MW,REAL_TIME_solar.csv
REAL_TIME,Generator,258,PMax MW,REAL_TIME_solar.csv
REAL_TIME,Generator,260,PMax MW,REAL_TIME_solar.csv
REAL_TIME,Generator,265,PMax MW,REAL_TIME_solar.csv
REAL_TIME,Generator,273,PMax MW,REAL_TIME_solar.csv
REAL_TIME,Generator,276,PMax MW,REAL_TIME_solar.csv
REAL_TIME,Generator,277,PMax MW,REAL_TIME_solar.csv
REAL_TIME,Generator,278,PMax MW,REAL_TIME_solar.csv
REAL_TIME,Generator,282,PMax MW,REAL_TIME_solar.csv
